_elapsed,_wall,angular.x,angular.y,angular.z,linear.x,linear.y,linear.z
0.200832,1788747473.139996,0.0,0.0,0.0,0.0,0.0,0.0
0.302253,1788747473.241417,0.0,0.0,0.0,0.0,0.0,0.0
0.403743,1788747473.342907,0.0,0.0,0.0,0.0,0.0,0.0
0.505151,1788747473.444315,0.0,0.0,0.0,0.0,0.0,0.0
0.606609,1788747473.545773,0.0,0.0,0.0,0.0,0.0,0.0
0.708030,1788747473.647194,0.0,0.0,0.0,0.0,0.0,0.0
0.809481,1788747473.748645,0.0,0.0,0.0,0.0,0.0,0.0
0.910910,1788747473.850074,0.0,0.0,0.0,0.0,0.0,0.0
1.012826,1788747473.951990,0.0,0.0,0.0,0.0,0.0,0.0
1.113760,1788747474.052924,0.0,0.0,0.0,0.0,0.0,0.0
1.215153,1788747474.154316,0.0,0.0,0.0,0.0,0.0,0.0
1.316515,1788747474.255678,0.0,0.0,0.0,0.0,0.0,0.0
1.418293,1788747474.357456,0.0,0.0,0.0,0.0,0.0,0.0
1.519230,1788747474.458394,0.0,0.0,0.0,0.0,0.0,0.0
1.620634,1788747474.559797,0.0,0.0,0.0,0.0,0.0,0.0
1.722050,1788747474.661214,0.0,0.0,0.0,0.0,0.0,0.0
1.823434,1788747474.762597,0.0,0.0,0.0,0.0,0.0,0.0
1.924808,1788747474.863971,0.0,0.0,0.0,0.0,0.0,0.0
2.026330,1788747474.965494,0.0,0.0,0.0,0.0,0.0,0.0
2.129072,1788747475.068236,0.0,0.0,0.0,0.0,0.0,0.0
2.229532,1788747475.168695,0.0,0.0,0.0,0.0,0.0,0.0
2.331953,1788747475.271117,0.0,0.0,0.0,0.0,0.0,0.0
2.432389,1788747475.371552,0.0,0.0,0.0,0.0,0.0,0.0
2.533712,1788747475.472876,0.0,0.0,0.0,0.0,0.0,0.0
2.635070,1788747475.574233,0.0,0.0,0.0,0.0,0.0,0.0
2.736456,1788747475.675619,0.0,0.0,0.0,0.0,0.0,0.0
2.837851,1788747475.777015,0.0,0.0,0.0,0.0,0.0,0.0
2.939236,1788747475.878400,0.0,0.0,0.0,0.0,0.0,0.0
3.040876,1788747475.980040,0.0,0.0,0.0,0.0,0.0,0.0
3.142667,1788747476.081830,0.0,0.0,0.0,0.0,0.0,0.0
3.244504,1788747476.183668,0.0,0.0,0.0,0.0,0.0,0.0
3.346300,1788747476.285464,0.0,0.0,0.0,0.0,0.0,0.0
3.448105,1788747476.387268,0.0,0.0,0.0,0.0,0.0,0.0
3.549932,1788747476.489096,0.0,0.0,0.0,0.0,0.0,0.0
3.651735,1788747476.590898,0.0,0.0,0.0,0.0,0.0,0.0
3.753549,1788747476.692712,0.0,0.0,0.0,0.0,0.0,0.0
3.855337,1788747476.794500,0.0,0.0,0.0,0.0,0.0,0.0
3.957141,1788747476.896304,0.0,0.0,0.0,0.0,0.0,0.0
4.058931,1788747476.998095,0.0,0.0,0.0,0.0,0.0,0.0
4.160726,1788747477.099890,0.0,0.0,0.0,0.0,0.0,0.0
4.262607,1788747477.201771,0.0,0.0,0.0,0.0,0.0,0.0
4.364461,1788747477.303625,0.0,0.0,0.0,0.0,0.0,0.0
4.466308,1788747477.405472,0.0,0.0,0.0,0.0,0.0,0.0
4.568212,1788747477.507375,0.0,0.0,0.0,0.0,0.0,0.0
4.670082,1788747477.609245,0.0,0.0,0.0,0.0,0.0,0.0
4.772002,1788747477.711166,0.0,0.0,0.0,0.0,0.0,0.0
4.873858,1788747477.813022,0.0,0.0,0.0,0.0,0.0,0.0
4.975738,1788747477.914902,0.0,0.0,0.0,0.0,0.0,0.0
5.077636,1788747478.016799,0.0,0.0,0.0,0.0,0.0,0.0
5.179493,1788747478.118657,0.0,0.0,0.0,0.0,0.0,0.0
5.281395,1788747478.220558,0.0,0.0,0.0,0.0,0.0,0.0
5.383269,1788747478.322433,0.0,0.0,0.0,0.0,0.0,0.0
5.485116,1788747478.424280,0.0,0.0,0.0,0.0,0.0,0.0
5.586975,1788747478.526138,0.0,0.0,0.0,0.0,0.0,0.0
5.688849,1788747478.628013,0.0,0.0,0.0,0.0,0.0,0.0
5.790983,1788747478.730146,0.0,0.0,0.0,0.0,0.0,0.0
5.893389,1788747478.832552,0.0,0.0,0.0,0.0,0.0,0.0
5.995262,1788747478.934426,0.0,0.0,0.0,0.0,0.0,0.0
6.097273,1788747479.036437,0.0,0.0,0.0,0.0,0.0,0.0
6.199303,1788747479.138466,0.0,0.0,0.0,0.0,0.0,0.0
6.301337,1788747479.240501,0.0,0.0,0.0,0.0,0.0,0.0
6.403365,1788747479.342529,0.0,0.0,0.0,0.0,0.0,0.0
6.505486,1788747479.444649,0.0,0.0,0.0,0.0,0.0,0.0
6.607514,1788747479.546678,0.0,0.0,0.0,0.0,0.0,0.0
6.709553,1788747479.648717,0.0,0.0,0.0,0.0,0.0,0.0
6.811771,1788747479.750934,0.0,0.0,0.0,0.0,0.0,0.0
6.913929,1788747479.853092,0.0,0.0,0.0,0.0,0.0,0.0
7.016025,1788747479.955189,0.0,0.0,0.0,0.0,0.0,0.0
7.118125,1788747480.057288,0.0,0.0,0.0,0.0,0.0,0.0
7.220185,1788747480.159348,0.0,0.0,0.0,0.0,0.0,0.0
7.322309,1788747480.261473,0.0,0.0,0.0,0.0,0.0,0.0
7.424475,1788747480.363639,0.0,0.0,0.0,0.0,0.0,0.0
7.526585,1788747480.465749,0.0,0.0,0.0,0.0,0.0,0.0
7.628714,1788747480.567878,0.0,0.0,0.0,0.0,0.0,0.0
7.730799,1788747480.669963,0.0,0.0,0.0,0.0,0.0,0.0
7.833009,1788747480.772173,0.0,0.0,0.0,0.0,0.0,0.0
7.935177,1788747480.874341,0.0,0.0,0.0,0.0,0.0,0.0
8.037311,1788747480.976475,0.0,0.0,0.0,0.0,0.0,0.0
8.139599,1788747481.078763,0.0,0.0,0.0,0.0,0.0,0.0
8.241589,1788747481.180752,0.0,0.0,0.0,0.0,0.0,0.0
8.343821,1788747481.282984,0.0,0.0,0.0,0.0,0.0,0.0
8.445714,1788747481.384878,0.0,0.0,0.0,0.0,0.0,0.0
8.547557,1788747481.486721,0.0,0.0,0.0,0.0,0.0,0.0
8.649559,1788747481.588723,0.0,0.0,0.0,0.0,0.0,0.0
8.751437,1788747481.690600,0.0,0.0,0.0,0.0,0.0,0.0
8.853400,1788747481.792564,0.0,0.0,0.0,0.0,0.0,0.0
8.955507,1788747481.894671,0.0,0.0,0.0,0.0,0.0,0.0
9.057395,1788747481.996559,0.0,0.0,0.0,0.0,0.0,0.0
9.159324,1788747482.098488,0.0,0.0,0.0,0.0,0.0,0.0
9.261253,1788747482.200417,0.0,0.0,0.0,0.0,0.0,0.0
9.363415,1788747482.302579,0.0,0.0,0.0,0.0,0.0,0.0
9.465304,1788747482.404468,0.0,0.0,0.0,0.0,0.0,0.0
9.567189,1788747482.506352,0.0,0.0,0.0,0.0,0.0,0.0
9.669122,1788747482.608286,0.0,0.0,0.0,0.0,0.0,0.0
9.771021,1788747482.710185,0.0,0.0,0.0,0.0,0.0,0.0
9.872999,1788747482.812163,0.0,0.0,0.0,0.0,0.0,0.0
9.974995,1788747482.914159,0.0,0.0,0.0,0.0,0.0,0.0
10.076973,1788747483.016137,0.0,0.0,0.0,0.0,0.0,0.0
10.178878,1788747483.118041,0.0,0.0,0.0,0.0,0.0,0.0
10.280777,1788747483.219940,0.0,0.0,0.0,0.0,0.0,0.0
10.382745,1788747483.321909,0.0,0.0,0.0,0.0,0.0,0.0
10.485341,1788747483.424504,0.0,0.0,0.0,0.0,0.0,0.0
10.586674,1788747483.525838,0.0,0.0,0.0,0.0,0.0,0.0
10.688647,1788747483.627810,0.0,0.0,0.0,0.0,0.0,0.0
10.791300,1788747483.730464,0.0,0.0,0.0,0.0,0.0,0.0
10.893105,1788747483.832269,0.0,0.0,0.0,0.0,0.0,0.0
10.994880,1788747483.934044,0.0,0.0,0.0,0.0,0.0,0.0
11.097032,1788747484.036195,0.0,0.0,0.0,0.0,0.0,0.0
11.199018,1788747484.138182,0.0,0.0,0.0,0.0,0.0,0.0
11.300945,1788747484.240109,0.0,0.0,0.0,0.0,0.0,0.0
11.402950,1788747484.342114,0.0,0.0,0.0,0.0,0.0,0.0
11.504853,1788747484.444016,0.0,0.0,0.0,0.0,0.0,0.0
11.606723,1788747484.545887,0.0,0.0,0.0,0.0,0.0,0.0
11.708581,1788747484.647745,0.0,0.0,0.0,0.0,0.0,0.0
11.810497,1788747484.749660,0.0,0.0,0.0,0.0,0.0,0.0
11.913883,1788747484.853046,0.0,0.0,0.0,0.0,0.0,0.0
12.014921,1788747484.954084,0.0,0.0,0.0,0.0,0.0,0.0
12.116964,1788747485.056128,0.0,0.0,0.0,0.0,0.0,0.0
12.218918,1788747485.158082,0.0,0.0,0.0,0.0,0.0,0.0
12.320912,1788747485.260075,0.0,0.0,0.0,0.0,0.0,0.0
12.423023,1788747485.362187,0.0,0.0,0.0,0.0,0.0,0.0
12.524848,1788747485.464012,0.0,0.0,0.0,0.0,0.0,0.0
12.626808,1788747485.565972,0.0,0.0,0.0,0.0,0.0,0.0
12.728614,1788747485.667777,0.0,0.0,0.0,0.0,0.0,0.0
12.830423,1788747485.769587,0.0,0.0,0.0,0.0,0.0,0.0
12.932560,1788747485.871723,0.0,0.0,0.0,0.0,0.0,0.0
13.034344,1788747485.973508,0.0,0.0,0.0,0.0,0.0,0.0
13.136306,1788747486.075469,0.0,0.0,0.0,0.0,0.0,0.0
13.238241,1788747486.177405,0.0,0.0,0.0,0.0,0.0,0.0
13.340230,1788747486.279394,0.0,0.0,0.0,0.0,0.0,0.0
13.442172,1788747486.381335,0.0,0.0,0.0,0.0,0.0,0.0
13.544172,1788747486.483335,0.0,0.0,0.0,0.0,0.0,0.0
13.646098,1788747486.585262,0.0,0.0,0.0,0.0,0.0,0.0
13.748017,1788747486.687180,0.0,0.0,0.0,0.0,0.0,0.0
13.849888,1788747486.789051,0.0,0.0,0.0,0.0,0.0,0.0
13.951997,1788747486.891160,0.0,0.0,0.0,0.0,0.0,0.0
14.053879,1788747486.993043,0.0,0.0,0.0,0.0,0.0,0.0
14.155944,1788747487.095108,0.0,0.0,0.0,0.0,0.0,0.0
14.257824,1788747487.196988,0.0,0.0,0.0,0.0,0.0,0.0
14.359939,1788747487.299103,0.0,0.0,0.0,0.0,0.0,0.0
14.461788,1788747487.400952,0.0,0.0,0.0,0.0,0.0,0.0
14.563777,1788747487.502941,0.0,0.0,0.0,0.0,0.0,0.0
14.665641,1788747487.604805,0.0,0.0,0.0,0.0,0.0,0.0
14.767779,1788747487.706942,0.0,0.0,0.0,0.0,0.0,0.0
14.870003,1788747487.809167,0.0,0.0,0.0,0.0,0.0,0.0
14.971842,1788747487.911006,0.0,0.0,0.0,0.0,0.0,0.0
15.073953,1788747488.013117,0.0,0.0,0.0,0.0,0.0,0.0
15.175965,1788747488.115128,0.0,0.0,0.0,0.0,0.0,0.0
15.277920,1788747488.217083,0.0,0.0,0.0,0.0,0.0,0.0
15.379996,1788747488.319160,0.0,0.0,0.0,0.0,0.0,0.0
15.482031,1788747488.421195,0.0,0.0,0.0,0.0,0.0,0.0
15.583949,1788747488.523113,0.0,0.0,0.0,0.0,0.0,0.0
15.685923,1788747488.625086,0.0,0.0,0.0,0.0,0.0,0.0
15.788002,1788747488.727166,0.0,0.0,0.0,0.0,0.0,0.0
15.890568,1788747488.829732,0.0,0.0,0.0,0.0,0.0,0.0
15.992377,1788747488.931540,0.0,0.0,0.0,0.0,0.0,0.0
16.094439,1788747489.033602,0.0,0.0,0.0,0.0,0.0,0.0
16.196498,1788747489.135662,0.0,0.0,0.0,0.0,0.0,0.0
16.298527,1788747489.237690,0.0,0.0,0.0,0.0,0.0,0.0
16.400606,1788747489.339770,0.0,0.0,0.0,0.0,0.0,0.0
16.502601,1788747489.441764,0.0,0.0,0.0,0.0,0.0,0.0
16.605211,1788747489.544374,0.0,0.0,0.0,0.0,0.0,0.0
16.707376,1788747489.646539,0.0,0.0,0.0,0.0,0.0,0.0
16.812083,1788747489.751246,0.0,0.0,0.0,0.0,0.0,0.0
16.916027,1788747489.855191,0.0,0.0,0.0,0.0,0.0,0.0
17.017657,1788747489.956820,0.0,0.0,0.0,0.0,0.0,0.0
17.119129,1788747490.058293,0.0,0.0,0.0,0.0,0.0,0.0
17.220877,1788747490.160040,0.0,0.0,0.0,0.0,0.0,0.0
17.322536,1788747490.261700,0.0,0.0,0.0,0.0,0.0,0.0
17.424056,1788747490.363219,0.0,0.0,0.0,0.0,0.0,0.0
17.525783,1788747490.464947,0.0,0.0,0.0,0.0,0.0,0.0
17.630207,1788747490.569371,0.0,0.0,0.0,0.0,0.0,0.0
17.734093,1788747490.673257,0.0,0.0,0.0,0.0,0.0,0.0
17.837274,1788747490.776438,0.0,0.0,0.0,0.0,0.0,0.0
17.938953,1788747490.878117,0.0,0.0,0.0,0.0,0.0,0.0
18.040510,1788747490.979674,0.0,0.0,0.0,0.0,0.0,0.0
18.142159,1788747491.081322,0.0,0.0,0.0,0.0,0.0,0.0
18.243747,1788747491.182911,0.0,0.0,0.0,0.0,0.0,0.0
18.347342,1788747491.286505,0.0,0.0,0.0,0.0,0.0,0.0
18.448756,1788747491.387920,0.0,0.0,0.0,0.0,0.0,0.0
18.549863,1788747491.489026,0.0,0.0,0.0,0.0,0.0,0.0
18.651291,1788747491.590454,0.0,0.0,0.0,0.0,0.0,0.0
18.752796,1788747491.691960,0.0,0.0,0.0,0.0,0.0,0.0
18.854303,1788747491.793466,0.0,0.0,0.0,0.0,0.0,0.0
18.955898,1788747491.895062,0.0,0.0,0.0,0.0,0.0,0.0
19.057874,1788747491.997038,0.0,0.0,0.0,0.0,0.0,0.0
19.158909,1788747492.098073,0.0,0.0,0.0,0.0,0.0,0.0
19.260510,1788747492.199673,0.0,0.0,0.0,0.0,0.0,0.0
19.362128,1788747492.301292,0.0,0.0,0.0,0.0,0.0,0.0
19.463724,1788747492.402888,0.0,0.0,0.0,0.0,0.0,0.0
19.565242,1788747492.504406,0.0,0.0,0.0,0.0,0.0,0.0
19.666836,1788747492.606000,0.0,0.0,0.0,0.0,0.0,0.0
19.768312,1788747492.707476,0.0,0.0,0.0,0.0,0.0,0.0
19.869824,1788747492.808988,0.0,0.0,0.0,0.0,0.0,0.0
19.971376,1788747492.910540,0.0,0.0,0.0,0.0,0.0,0.0
20.073015,1788747493.012179,0.0,0.0,0.0,0.0,0.0,0.0
20.174682,1788747493.113846,0.0,0.0,0.0,0.0,0.0,0.0
20.276248,1788747493.215412,0.0,0.0,0.0,0.0,0.0,0.0
20.377901,1788747493.317065,0.0,0.0,0.0,0.0,0.0,0.0
20.479486,1788747493.418649,0.0,0.0,0.0,0.0,0.0,0.0
20.581103,1788747493.520266,0.0,0.0,0.0,0.0,0.0,0.0
20.682691,1788747493.621855,0.0,0.0,0.0,0.0,0.0,0.0
20.784514,1788747493.723678,0.0,0.0,0.0,0.0,0.0,0.0
20.886574,1788747493.825738,0.0,0.0,0.0,0.0,0.0,0.0
20.987950,1788747493.927114,0.0,0.0,0.0,0.0,0.0,0.0
21.089478,1788747494.028642,0.0,0.0,0.0,0.0,0.0,0.0
21.191016,1788747494.130180,0.0,0.0,0.0,0.0,0.0,0.0
21.292641,1788747494.231805,0.0,0.0,0.0,0.0,0.0,0.0
21.394330,1788747494.333493,0.0,0.0,0.0,0.0,0.0,0.0
21.496047,1788747494.435211,0.0,0.0,0.0,0.0,0.0,0.0
21.597725,1788747494.536888,0.0,0.0,0.0,0.0,0.0,0.0
21.699324,1788747494.638488,0.0,0.0,0.0,0.0,0.0,0.0
21.801016,1788747494.740180,0.0,0.0,0.0,0.0,0.0,0.0
21.902858,1788747494.842021,0.0,0.0,0.0,0.0,0.0,0.0
22.005450,1788747494.944613,0.0,0.0,0.0,0.0,0.0,0.0
22.107466,1788747495.046629,0.0,0.0,0.0,0.0,0.0,0.0
22.209488,1788747495.148652,0.0,0.0,0.0,0.0,0.0,0.0
22.311558,1788747495.250722,0.0,0.0,0.0,0.0,0.0,0.0
22.413642,1788747495.352806,0.0,0.0,0.0,0.0,0.0,0.0
22.516074,1788747495.455238,0.0,0.0,0.0,0.0,0.0,0.0
22.617726,1788747495.556890,0.0,0.0,0.0,0.0,0.0,0.0
22.719674,1788747495.658838,0.0,0.0,0.0,0.0,0.0,0.0
22.821847,1788747495.761011,0.0,0.0,0.0,0.0,0.0,0.0
22.923953,1788747495.863117,0.0,0.0,0.0,0.0,0.0,0.0
23.025843,1788747495.965006,0.0,0.0,0.0,0.0,0.0,0.0
23.128113,1788747496.067277,0.0,0.0,0.0,0.0,0.0,0.0
23.229970,1788747496.169134,0.0,0.0,0.0,0.0,0.0,0.0
23.332031,1788747496.271194,0.0,0.0,0.0,0.0,0.0,0.0
23.434116,1788747496.373280,0.0,0.0,0.0,0.0,0.0,0.0
23.536103,1788747496.475266,0.0,0.0,0.0,0.0,0.0,0.0
23.638195,1788747496.577359,0.0,0.0,0.0,0.0,0.0,0.0
23.740163,1788747496.679327,0.0,0.0,0.0,0.0,0.0,0.0
23.842255,1788747496.781419,0.0,0.0,0.0,0.0,0.0,0.0
23.944576,1788747496.883739,0.0,0.0,0.0,0.0,0.0,0.0
24.046570,1788747496.985734,0.0,0.0,0.0,0.0,0.0,0.0
24.148566,1788747497.087730,0.0,0.0,0.0,0.0,0.0,0.0
24.250528,1788747497.189692,0.0,0.0,0.0,0.0,0.0,0.0
24.352485,1788747497.291649,0.0,0.0,0.0,0.0,0.0,0.0
24.454468,1788747497.393632,0.0,0.0,0.0,0.0,0.0,0.0
24.556477,1788747497.495641,0.0,0.0,0.0,0.0,0.0,0.0
24.658566,1788747497.597729,0.0,0.0,0.0,0.0,0.0,0.0
24.760682,1788747497.699846,0.0,0.0,0.0,0.0,0.0,0.0
24.863546,1788747497.802710,0.0,0.0,0.0,0.0,0.0,0.0
24.964931,1788747497.904095,0.0,0.0,0.0,0.0,0.0,0.0
25.066821,1788747498.005985,0.0,0.0,0.0,0.0,0.0,0.0
25.168778,1788747498.107941,0.0,0.0,0.0,0.0,0.0,0.0
25.270718,1788747498.209881,0.0,0.0,0.0,0.0,0.0,0.0
25.372632,1788747498.311796,0.0,0.0,0.0,0.0,0.0,0.0
25.474562,1788747498.413725,0.0,0.0,0.0,0.0,0.0,0.0
25.576574,1788747498.515738,0.0,0.0,0.0,0.0,0.0,0.0
25.678484,1788747498.617648,0.0,0.0,0.0,0.0,0.0,0.0
25.780480,1788747498.719644,0.0,0.0,0.0,0.0,0.0,0.0
25.882742,1788747498.821906,0.0,0.0,0.0,0.0,0.0,0.0
25.984656,1788747498.923820,0.0,0.0,0.0,0.0,0.0,0.0
26.086669,1788747499.025833,0.0,0.0,0.0,0.0,0.0,0.0
26.188790,1788747499.127953,0.0,0.0,0.0,0.0,0.0,0.0
26.290819,1788747499.229983,0.0,0.0,0.0,0.0,0.0,0.0
26.392946,1788747499.332109,0.0,0.0,0.0,0.0,0.0,0.0
26.494965,1788747499.434129,0.0,0.0,0.0,0.0,0.0,0.0
26.597035,1788747499.536199,0.0,0.0,0.0,0.0,0.0,0.0
26.699048,1788747499.638211,0.0,0.0,0.0,0.0,0.0,0.0
26.801146,1788747499.740310,0.0,0.0,0.0,0.0,0.0,0.0
26.903499,1788747499.842663,0.0,0.0,0.0,0.0,0.0,0.0
27.005379,1788747499.944543,0.0,0.0,0.0,0.0,0.0,0.0
27.107293,1788747500.046457,0.0,0.0,0.0,0.0,0.0,0.0
27.209168,1788747500.148332,0.0,0.0,0.0,0.0,0.0,0.0
27.311063,1788747500.250227,0.0,0.0,0.0,0.0,0.0,0.0
27.413093,1788747500.352257,0.0,0.0,0.0,0.0,0.0,0.0
27.514989,1788747500.454153,0.0,0.0,0.0,0.0,0.0,0.0
27.616889,1788747500.556053,0.0,0.0,0.0,0.0,0.0,0.0
27.718789,1788747500.657953,0.0,0.0,0.0,0.0,0.0,0.0
27.820697,1788747500.759861,0.0,0.0,0.0,0.0,0.0,0.0
27.922804,1788747500.861967,0.0,0.0,0.0,0.0,0.0,0.0
28.024881,1788747500.964045,0.0,0.0,0.0,0.0,0.0,0.0
28.126909,1788747501.066072,0.0,0.0,0.0,0.0,0.0,0.0
28.228976,1788747501.168140,0.0,0.0,0.0,0.0,0.0,0.0
28.330940,1788747501.270103,0.0,0.0,0.0,0.0,0.0,0.0
28.432909,1788747501.372072,0.0,0.0,0.0,0.0,0.0,0.0
28.534852,1788747501.474016,0.0,0.0,0.0,0.0,0.0,0.0
28.636896,1788747501.576060,0.0,0.0,0.0,0.0,0.0,0.0
28.738750,1788747501.677914,0.0,0.0,0.0,0.0,0.0,0.0
28.840713,1788747501.779877,0.0,0.0,0.0,0.0,0.0,0.0
28.942803,1788747501.881967,0.0,0.0,0.0,0.0,0.0,0.0
29.044801,1788747501.983964,0.0,0.0,0.0,0.0,0.0,0.0
29.147015,1788747502.086179,0.0,0.0,0.0,0.0,0.0,0.0
29.248861,1788747502.188025,0.0,0.0,0.0,0.0,0.0,0.0
29.351025,1788747502.290189,0.0,0.0,0.0,0.0,0.0,0.0
29.452893,1788747502.392057,0.0,0.0,0.0,0.0,0.0,0.0
29.554844,1788747502.494007,0.0,0.0,0.0,0.0,0.0,0.0
29.656819,1788747502.595983,0.0,0.0,0.0,0.0,0.0,0.0
29.758727,1788747502.697891,0.0,0.0,0.0,0.0,0.0,0.0
29.860764,1788747502.799928,0.0,0.0,0.0,0.0,0.0,0.0
29.963533,1788747502.902697,0.0,0.0,0.0,0.0,0.0,0.0
30.065398,1788747503.004561,0.0,0.0,0.0,0.0,0.0,0.0
30.167170,1788747503.106334,0.0,0.0,0.0,0.0,0.0,0.0
30.269152,1788747503.208316,0.0,0.0,0.0,0.0,0.0,0.0
30.371227,1788747503.310391,0.0,0.0,0.0,0.0,0.0,0.0
30.473226,1788747503.412390,0.0,0.0,0.0,0.0,0.0,0.0
30.575216,1788747503.514379,0.0,0.0,0.0,0.0,0.0,0.0
30.677299,1788747503.616463,0.0,0.0,0.0,0.0,0.0,0.0
30.779305,1788747503.718468,0.0,0.0,0.0,0.0,0.0,0.0
30.881532,1788747503.820696,0.0,0.0,0.0,0.0,0.0,0.0
30.983448,1788747503.922611,0.0,0.0,0.0,0.0,0.0,0.0
31.085267,1788747504.024431,0.0,0.0,0.0,0.0,0.0,0.0
31.187171,1788747504.126334,0.0,0.0,0.0,0.0,0.0,0.0
31.289105,1788747504.228269,0.0,0.0,0.0,0.0,0.0,0.0
31.391002,1788747504.330166,0.0,0.0,0.0,0.0,0.0,0.0
31.493009,1788747504.432172,0.0,0.0,0.0,0.0,0.0,0.0
31.595038,1788747504.534202,0.0,0.0,0.0,0.0,0.0,0.0
31.697061,1788747504.636225,0.0,0.0,0.0,0.0,0.0,0.0
31.798951,1788747504.738115,0.0,0.0,0.0,0.0,0.0,0.0
31.901318,1788747504.840481,0.0,0.0,0.0,0.0,0.0,0.0
32.003144,1788747504.942308,0.0,0.0,0.0,0.0,0.0,0.0
32.105203,1788747505.044367,0.0,0.0,0.0,0.0,0.0,0.0
32.207143,1788747505.146307,0.0,0.0,0.0,0.0,0.0,0.0
32.309179,1788747505.248343,0.0,0.0,0.0,0.0,0.0,0.0
32.411729,1788747505.350893,0.0,0.0,0.0,0.0,0.0,0.0
32.514454,1788747505.453618,0.0,0.0,0.0,0.0,0.0,0.0
32.615480,1788747505.554644,0.0,0.0,0.0,0.0,0.0,0.0
32.717715,1788747505.656878,0.0,0.0,0.0,0.0,0.0,0.0
32.819647,1788747505.758810,0.0,0.0,0.0,0.0,0.0,0.0
32.921973,1788747505.861137,0.0,0.0,0.0,0.0,0.0,0.0
33.023919,1788747505.963083,0.0,0.0,0.0,0.0,0.0,0.0
33.126014,1788747506.065177,0.0,0.0,0.0,0.0,0.0,0.0
33.228097,1788747506.167261,0.0,0.0,0.0,0.0,0.0,0.0
33.330124,1788747506.269288,0.0,0.0,0.0,0.0,0.0,0.0
33.432157,1788747506.371320,0.0,0.0,0.0,0.0,0.0,0.0
33.535033,1788747506.474196,0.0,0.0,0.0,0.0,0.0,0.0
33.636286,1788747506.575450,0.0,0.0,0.0,0.0,0.0,0.0
33.738285,1788747506.677448,0.0,0.0,0.0,0.0,0.0,0.0
33.840291,1788747506.779455,0.0,0.0,0.0,0.0,0.0,0.0
33.942431,1788747506.881594,0.0,0.0,0.0,0.0,0.0,0.0
34.044407,1788747506.983570,0.0,0.0,0.0,0.0,0.0,0.0
34.146304,1788747507.085467,0.0,0.0,0.0,0.0,0.0,0.0
34.248187,1788747507.187351,0.0,0.0,0.0,0.0,0.0,0.0
34.350049,1788747507.289212,0.0,0.0,0.0,0.0,0.0,0.0
34.451927,1788747507.391091,0.0,0.0,0.0,0.0,0.0,0.0
34.553860,1788747507.493023,0.0,0.0,0.0,0.0,0.0,0.0
34.655875,1788747507.595039,0.0,0.0,0.0,0.0,0.0,0.0
34.757776,1788747507.696940,0.0,0.0,0.0,0.0,0.0,0.0
34.859787,1788747507.798951,0.0,0.0,0.0,0.0,0.0,0.0
34.961879,1788747507.901042,0.0,0.0,0.0,0.0,0.0,0.0
35.063902,1788747508.003065,0.0,0.0,0.0,0.0,0.0,0.0
35.166040,1788747508.105203,0.0,0.0,0.0,0.0,0.0,0.0
35.268100,1788747508.207264,0.0,0.0,0.0,0.0,0.0,0.0
35.370301,1788747508.309465,0.0,0.0,0.0,0.0,0.0,0.0
35.472332,1788747508.411496,0.0,0.0,0.0,0.0,0.0,0.0
35.574261,1788747508.513425,0.0,0.0,0.0,0.0,0.0,0.0
35.676250,1788747508.615413,0.0,0.0,0.0,0.0,0.0,0.0
35.778385,1788747508.717549,0.0,0.0,0.0,0.0,0.0,0.0
35.880561,1788747508.819724,0.0,0.0,0.0,0.0,0.0,0.0
35.982697,1788747508.921861,0.0,0.0,0.0,0.0,0.0,0.0
36.084555,1788747509.023719,0.0,0.0,0.0,0.0,0.0,0.0
36.186472,1788747509.125636,0.0,0.0,0.0,0.0,0.0,0.0
36.288398,1788747509.227562,0.0,0.0,0.0,0.0,0.0,0.0
36.390275,1788747509.329438,0.0,0.0,0.0,0.0,0.0,0.0
36.492160,1788747509.431324,0.0,0.0,0.0,0.0,0.0,0.0
36.594071,1788747509.533235,0.0,0.0,0.0,0.0,0.0,0.0
36.696040,1788747509.635203,0.0,0.0,0.0,0.0,0.0,0.0
36.798014,1788747509.737177,0.0,0.0,0.0,0.0,0.0,0.0
36.900417,1788747509.839580,0.0,0.0,0.0,0.0,0.0,0.0
37.002276,1788747509.941439,0.0,0.0,0.0,0.0,0.0,0.0
37.104745,1788747510.043909,0.0,0.0,0.0,0.0,0.0,0.0
37.206068,1788747510.145232,0.0,0.0,0.0,0.0,0.0,0.0
37.308047,1788747510.247211,0.0,0.0,0.0,0.0,0.0,0.0
37.410895,1788747510.350059,0.0,0.0,0.0,0.0,0.0,0.0
37.511808,1788747510.450972,0.0,0.0,0.0,0.0,0.0,0.0
37.613845,1788747510.553009,0.0,0.0,0.0,0.0,0.0,0.0
37.715803,1788747510.654967,0.0,0.0,0.0,0.0,0.0,0.0
37.817851,1788747510.757015,0.0,0.0,0.0,0.0,0.0,0.0
37.920115,1788747510.859279,0.0,0.0,0.0,0.0,0.0,0.0
38.022001,1788747510.961164,0.0,0.0,0.0,0.0,0.0,0.0
38.124054,1788747511.063218,0.0,0.0,0.0,0.0,0.0,0.0
38.225989,1788747511.165153,0.0,0.0,0.0,0.0,0.0,0.0
38.327941,1788747511.267105,0.0,0.0,0.0,0.0,0.0,0.0
38.429938,1788747511.369102,0.0,0.0,0.0,0.0,0.0,0.0
38.531847,1788747511.471011,0.0,0.0,0.0,0.0,0.0,0.0
38.633751,1788747511.572915,0.0,0.0,0.0,0.0,0.0,0.0
38.735680,1788747511.674844,0.0,0.0,0.0,0.0,0.0,0.0
38.837732,1788747511.776896,0.0,0.0,0.0,0.0,0.0,0.0
38.940158,1788747511.879321,0.0,0.0,0.0,0.0,0.0,0.0
39.042033,1788747511.981196,0.0,0.0,0.0,0.0,0.0,0.0
39.144052,1788747512.083216,0.0,0.0,0.0,0.0,0.0,0.0
39.245970,1788747512.185134,0.0,0.0,0.0,0.0,0.0,0.0
39.348008,1788747512.287171,0.0,0.0,0.0,0.0,0.0,0.0
39.449931,1788747512.389094,0.0,0.0,0.0,0.0,0.0,0.0
39.551901,1788747512.491065,0.0,0.0,0.0,0.0,0.0,0.0
39.653922,1788747512.593086,0.0,0.0,0.0,0.0,0.0,0.0
39.755897,1788747512.695061,0.0,0.0,0.0,0.0,0.0,0.0
39.858789,1788747512.797952,0.0,0.0,0.0,0.0,0.0,0.0
39.961267,1788747512.900431,0.0,0.0,0.0,0.0,0.0,0.0
40.062232,1788747513.001395,0.0,0.0,0.0,0.0,0.0,0.0
40.164236,1788747513.103399,0.0,0.0,0.0,0.0,0.0,0.0
40.266215,1788747513.205378,0.0,0.0,0.0,0.0,0.0,0.0
40.368208,1788747513.307372,0.0,0.0,0.0,0.0,0.0,0.0
40.470196,1788747513.409360,0.0,0.0,0.0,0.0,0.0,0.0
40.572768,1788747513.511931,0.0,0.0,0.0,0.0,0.0,0.0
40.674852,1788747513.614016,0.0,0.0,0.0,0.0,0.0,0.0
40.776100,1788747513.715264,0.0,0.0,0.0,0.0,0.0,0.0
40.878083,1788747513.817247,0.0,0.0,0.0,0.0,0.0,0.0
40.980519,1788747513.919683,0.0,0.0,0.0,0.0,0.0,0.0
41.082055,1788747514.021219,0.0,0.0,0.0,0.0,0.0,0.0
41.184140,1788747514.123304,0.0,0.0,0.0,0.0,0.0,0.0
41.285974,1788747514.225137,0.0,0.0,0.0,0.0,0.0,0.0
41.387979,1788747514.327142,0.0,0.0,0.0,0.0,0.0,0.0
41.489790,1788747514.428954,0.0,0.0,0.0,0.0,0.0,0.0
41.591612,1788747514.530776,0.0,0.0,0.0,0.0,0.0,0.0
41.693606,1788747514.632769,0.0,0.0,0.0,0.0,0.0,0.0
41.795807,1788747514.734970,0.0,0.0,0.0,0.0,0.0,0.0
41.898262,1788747514.837426,0.0,0.0,0.0,0.0,0.0,0.0
42.000076,1788747514.939240,0.0,0.0,0.0,0.0,0.0,0.0
42.102097,1788747515.041261,0.0,0.0,0.0,0.0,0.0,0.0
42.204110,1788747515.143274,0.0,0.0,0.0,0.0,0.0,0.0
42.306140,1788747515.245304,0.0,0.0,0.0,0.0,0.0,0.0
42.408108,1788747515.347271,0.0,0.0,0.0,0.0,0.0,0.0
42.510225,1788747515.449389,0.0,0.0,0.0,0.0,0.0,0.0
42.612250,1788747515.551414,0.0,0.0,0.0,0.0,0.0,0.0
42.714937,1788747515.654101,0.0,0.0,0.0,0.0,0.0,0.0
42.816305,1788747515.755469,0.0,0.0,0.0,0.0,0.0,0.0
42.918447,1788747515.857610,0.0,0.0,0.0,0.0,0.0,0.0
43.020469,1788747515.959633,0.0,0.0,0.0,0.0,0.0,0.0
43.122437,1788747516.061600,0.0,0.0,0.0,0.0,0.0,0.0
43.224390,1788747516.163554,0.0,0.0,0.0,0.0,0.0,0.0
43.326346,1788747516.265510,0.0,0.0,0.0,0.0,0.0,0.0
43.428264,1788747516.367428,0.0,0.0,0.0,0.0,0.0,0.0
43.530204,1788747516.469368,0.0,0.0,0.0,0.0,0.0,0.0
43.632157,1788747516.571320,0.0,0.0,0.0,0.0,0.0,0.0
43.734053,1788747516.673217,0.0,0.0,0.0,0.0,0.0,0.0
43.836051,1788747516.775215,0.0,0.0,0.0,0.0,0.0,0.0
43.938196,1788747516.877359,0.0,0.0,0.0,0.0,0.0,0.0
44.040173,1788747516.979337,0.0,0.0,0.0,0.0,0.0,0.0
44.142384,1788747517.081548,0.0,0.0,0.0,0.0,0.0,0.0
44.244259,1788747517.183422,0.0,0.0,0.0,0.0,0.0,0.0
44.346133,1788747517.285297,0.0,0.0,0.0,0.0,0.0,0.0
44.448083,1788747517.387246,0.0,0.0,0.0,0.0,0.0,0.0
44.549961,1788747517.489125,0.0,0.0,0.0,0.0,0.0,0.0
44.651942,1788747517.591105,0.0,0.0,0.0,0.0,0.0,0.0
44.753821,1788747517.692985,0.0,0.0,0.0,0.0,0.0,0.0
44.855815,1788747517.794979,0.0,0.0,0.0,0.0,0.0,0.0
44.958050,1788747517.897214,0.0,0.0,0.0,0.0,0.0,0.0
45.060021,1788747517.999185,0.0,0.0,0.0,0.0,0.0,0.0
45.162124,1788747518.101287,0.0,0.0,0.0,0.0,0.0,0.0
45.265207,1788747518.204371,0.0,0.0,0.0,0.0,0.0,0.0
45.365926,1788747518.305089,0.0,0.0,0.0,0.0,0.0,0.0
45.468304,1788747518.407468,0.0,0.0,0.0,0.0,0.0,0.0
45.569689,1788747518.508852,0.0,0.0,0.0,0.0,0.0,0.0
45.671660,1788747518.610824,0.0,0.0,0.0,0.0,0.0,0.0
45.773628,1788747518.712792,0.0,0.0,0.0,0.0,0.0,0.0
45.875623,1788747518.814787,0.0,0.0,0.0,0.0,0.0,0.0
45.977826,1788747518.916990,0.0,0.0,0.0,0.0,0.0,0.0
46.080046,1788747519.019209,0.0,0.0,0.0,0.0,0.0,0.0
46.181959,1788747519.121122,0.0,0.0,0.0,0.0,0.0,0.0
46.283986,1788747519.223150,0.0,0.0,0.0,0.0,0.0,0.0
46.386028,1788747519.325191,0.0,0.0,0.0,0.0,0.0,0.0
46.488077,1788747519.427240,0.0,0.0,0.0,0.0,0.0,0.0
46.590135,1788747519.529299,0.0,0.0,0.0,0.0,0.0,0.0
46.692177,1788747519.631340,0.0,0.0,0.0,0.0,0.0,0.0
46.794240,1788747519.733404,0.0,0.0,0.0,0.0,0.0,0.0
46.896682,1788747519.835845,0.0,0.0,0.0,0.0,0.0,0.0
46.998507,1788747519.937670,0.0,0.0,0.0,0.0,0.0,0.0
47.100769,1788747520.039932,0.0,0.0,0.0,0.0,0.0,0.0
47.202774,1788747520.141938,0.0,0.0,0.0,0.0,0.0,0.0
47.304837,1788747520.244000,0.0,0.0,0.0,0.0,0.0,0.0
47.406965,1788747520.346128,0.0,0.0,0.0,0.0,0.0,0.0
47.508973,1788747520.448137,0.0,0.0,0.0,0.0,0.0,0.0
47.611006,1788747520.550169,0.0,0.0,0.0,0.0,0.0,0.0
47.713175,1788747520.652339,0.0,0.0,0.0,0.0,0.0,0.0
47.815365,1788747520.754529,0.0,0.0,0.0,0.0,0.0,0.0
47.918509,1788747520.857673,0.0,0.0,0.0,0.0,0.0,0.0
48.020045,1788747520.959208,0.0,0.0,0.0,0.0,0.0,0.0
48.121835,1788747521.060999,0.0,0.0,0.0,0.0,0.0,0.0
48.223872,1788747521.163036,0.0,0.0,0.0,0.0,0.0,0.0
48.325940,1788747521.265103,0.0,0.0,0.0,0.0,0.0,0.0
48.428017,1788747521.367181,0.0,0.0,0.0,0.0,0.0,0.0
48.530105,1788747521.469269,0.0,0.0,0.0,0.0,0.0,0.0
48.632187,1788747521.571350,0.0,0.0,0.0,0.0,0.0,0.0
48.734195,1788747521.673359,0.0,0.0,0.0,0.0,0.0,0.0
48.836294,1788747521.775458,0.0,0.0,0.0,0.0,0.0,0.0
48.938498,1788747521.877662,0.0,0.0,0.0,0.0,0.0,0.0
49.040653,1788747521.979816,0.0,0.0,0.0,0.0,0.0,0.0
49.142681,1788747522.081845,0.0,0.0,0.0,0.0,0.0,0.0
49.244714,1788747522.183878,0.0,0.0,0.0,0.0,0.0,0.0
49.346757,1788747522.285921,0.0,0.0,0.0,0.0,0.0,0.0
49.448922,1788747522.388085,0.0,0.0,0.0,0.0,0.0,0.0
49.550935,1788747522.490098,0.0,0.0,0.0,0.0,0.0,0.0
49.653035,1788747522.592199,0.0,0.0,0.0,0.0,0.0,0.0
49.755036,1788747522.694199,0.0,0.0,0.0,0.0,0.0,0.0
49.857046,1788747522.796209,0.0,0.0,0.0,0.0,0.0,0.0
49.959181,1788747522.898344,0.0,0.0,0.0,0.0,0.0,0.0
50.061294,1788747523.000457,0.0,0.0,0.0,0.0,0.0,0.0
50.163399,1788747523.102562,0.0,0.0,0.0,0.0,0.0,0.0
50.265291,1788747523.204455,0.0,0.0,0.0,0.0,0.0,0.0
50.367472,1788747523.306636,0.0,0.0,0.0,0.0,0.0,0.0
50.469251,1788747523.408414,0.0,0.0,0.0,0.0,0.0,0.0
50.571173,1788747523.510336,0.0,0.0,0.0,0.0,0.0,0.0
50.673141,1788747523.612305,0.0,0.0,0.0,0.0,0.0,0.0
50.775311,1788747523.714475,0.0,0.0,0.0,0.0,0.0,0.0
50.877489,1788747523.816652,0.0,0.0,0.0,0.0,0.0,0.0
50.979621,1788747523.918785,0.0,0.0,0.0,0.0,0.0,0.0
51.081677,1788747524.020841,0.0,0.0,0.0,0.0,0.0,0.0
51.183640,1788747524.122803,0.0,0.0,0.0,0.0,0.0,0.0
51.285714,1788747524.224877,0.0,0.0,0.0,0.0,0.0,0.0
51.387807,1788747524.326971,0.0,0.0,0.0,0.0,0.0,0.0
51.489665,1788747524.428828,0.0,0.0,0.0,0.0,0.0,0.0
51.591533,1788747524.530696,0.0,0.0,0.0,0.0,0.0,0.0
51.693480,1788747524.632643,0.0,0.0,0.0,0.0,0.0,0.0
51.795401,1788747524.734564,0.0,0.0,0.0,0.0,0.0,0.0
51.897750,1788747524.836914,0.0,0.0,0.0,0.0,0.0,0.0
51.999595,1788747524.938759,0.0,0.0,0.0,0.0,0.0,0.0
52.101421,1788747525.040585,0.0,0.0,0.0,0.0,0.0,0.0
52.203265,1788747525.142429,0.0,0.0,0.0,0.0,0.0,0.0
52.305224,1788747525.244387,0.0,0.0,0.0,0.0,0.0,0.0
52.407083,1788747525.346246,0.0,0.0,0.0,0.0,0.0,0.0
52.508943,1788747525.448107,0.0,0.0,0.0,0.0,0.0,0.0
52.610882,1788747525.550046,0.0,0.0,0.0,0.0,0.0,0.0
52.713006,1788747525.652170,0.0,0.0,0.0,0.0,0.0,0.0
52.815003,1788747525.754167,0.0,0.0,0.0,0.0,0.0,0.0
52.917188,1788747525.856352,0.0,0.0,0.0,0.0,0.0,0.0
53.019111,1788747525.958275,0.0,0.0,0.0,0.0,0.0,0.0
53.121314,1788747526.060477,0.0,0.0,0.0,0.0,0.0,0.0
53.223289,1788747526.162453,0.0,0.0,0.0,0.0,0.0,0.0
53.325349,1788747526.264513,0.0,0.0,0.0,0.0,0.0,0.0
53.427336,1788747526.366499,0.0,0.0,0.0,0.0,0.0,0.0
53.529329,1788747526.468493,0.0,0.0,0.0,0.0,0.0,0.0
53.631205,1788747526.570369,0.0,0.0,0.0,0.0,0.0,0.0
53.733156,1788747526.672320,0.0,0.0,0.0,0.0,0.0,0.0
53.834993,1788747526.774157,0.0,0.0,0.0,0.0,0.0,0.0
53.937282,1788747526.876446,0.0,0.0,0.0,0.0,0.0,0.0
54.039117,1788747526.978281,0.0,0.0,0.0,0.0,0.0,0.0
54.140969,1788747527.080133,0.0,0.0,0.0,0.0,0.0,0.0
54.242862,1788747527.182026,0.0,0.0,0.0,0.0,0.0,0.0
54.344836,1788747527.284000,0.0,0.0,0.0,0.0,0.0,0.0
54.446785,1788747527.385949,0.0,0.0,0.0,0.0,0.0,0.0
54.548749,1788747527.487913,0.0,0.0,0.0,0.0,0.0,0.0
54.650699,1788747527.589862,0.0,0.0,0.0,0.0,0.0,0.0
54.752679,1788747527.691843,0.0,0.0,0.0,0.0,0.0,0.0
54.854719,1788747527.793883,0.0,0.0,0.0,0.0,0.0,0.0
54.956818,1788747527.895982,0.0,0.0,0.0,0.0,0.0,0.0
55.058857,1788747527.998021,0.0,0.0,0.0,0.0,0.0,0.0
55.160894,1788747528.100058,0.0,0.0,0.0,0.0,0.0,0.0
55.263000,1788747528.202164,0.0,0.0,0.0,0.0,0.0,0.0
55.365160,1788747528.304324,0.0,0.0,0.0,0.0,0.0,0.0
55.467111,1788747528.406275,0.0,0.0,0.0,0.0,0.0,0.0
55.569184,1788747528.508347,0.0,0.0,0.0,0.0,0.0,0.0
55.671315,1788747528.610479,0.0,0.0,0.0,0.0,0.0,0.0
55.773359,1788747528.712523,0.0,0.0,0.0,0.0,0.0,0.0
55.875522,1788747528.814686,0.0,0.0,0.0,0.0,0.0,0.0
55.977641,1788747528.916805,0.0,0.0,0.0,0.0,0.0,0.0
56.079731,1788747529.018895,0.0,0.0,0.0,0.0,0.0,0.0
56.181978,1788747529.121141,0.0,0.0,0.0,0.0,0.0,0.0
56.283813,1788747529.222977,0.0,0.0,0.0,0.0,0.0,0.0
56.385940,1788747529.325104,0.0,0.0,0.0,0.0,0.0,0.0
56.487902,1788747529.427065,0.0,0.0,0.0,0.0,0.0,0.0
56.590033,1788747529.529197,0.0,0.0,0.0,0.0,0.0,0.0
56.692091,1788747529.631254,0.0,0.0,0.0,0.0,0.0,0.0
56.794205,1788747529.733368,0.0,0.0,0.0,0.0,0.0,0.0
56.896821,1788747529.835985,0.0,0.0,0.0,0.0,0.0,0.0
56.998606,1788747529.937770,0.0,0.0,0.0,0.0,0.0,0.0
57.100528,1788747530.039691,0.0,0.0,0.0,0.0,0.0,0.0
57.202450,1788747530.141613,0.0,0.0,0.0,0.0,0.0,0.0
57.304427,1788747530.243591,0.0,0.0,0.0,0.0,0.0,0.0
57.406422,1788747530.345586,0.0,0.0,0.0,0.0,0.0,0.0
57.508398,1788747530.447561,0.0,0.0,0.0,0.0,0.0,0.0
57.610377,1788747530.549541,0.0,0.0,0.0,0.0,0.0,0.0
57.712385,1788747530.651549,0.0,0.0,0.0,0.0,0.0,0.0
57.814422,1788747530.753586,0.0,0.0,0.0,0.0,0.0,0.0
57.916670,1788747530.855834,0.0,0.0,0.0,0.0,0.0,0.0
58.018778,1788747530.957941,0.0,0.0,0.0,0.0,0.0,0.0
58.120798,1788747531.059962,0.0,0.0,0.0,0.0,0.0,0.0
58.222843,1788747531.162007,0.0,0.0,0.0,0.0,0.0,0.0
58.324800,1788747531.263963,0.0,0.0,0.0,0.0,0.0,0.0
58.426744,1788747531.365908,0.0,0.0,0.0,0.0,0.0,0.0
58.528722,1788747531.467886,0.0,0.0,0.0,0.0,0.0,0.0
58.630702,1788747531.569866,0.0,0.0,0.0,0.0,0.0,0.0
58.732688,1788747531.671852,0.0,0.0,0.0,0.0,0.0,0.0
58.834697,1788747531.773860,0.0,0.0,0.0,0.0,0.0,0.0
58.936871,1788747531.876035,0.0,0.0,0.0,0.0,0.0,0.0
59.038833,1788747531.977997,0.0,0.0,0.0,0.0,0.0,0.0
59.141022,1788747532.080186,0.0,0.0,0.0,0.0,0.0,0.0
59.242949,1788747532.182113,0.0,0.0,0.0,0.0,0.0,0.0
59.344944,1788747532.284108,0.0,0.0,0.0,0.0,0.0,0.0
59.446961,1788747532.386125,0.0,0.0,0.0,0.0,0.0,0.0
59.549647,1788747532.488811,0.0,0.0,0.0,0.0,0.0,0.0
59.651175,1788747532.590339,0.0,0.0,0.0,0.0,0.0,0.0
59.752519,1788747532.691683,0.0,0.0,0.0,0.0,0.0,0.0
59.854461,1788747532.793625,0.0,0.0,0.0,0.0,0.0,0.0
59.957057,1788747532.896220,0.0,0.0,0.0,0.0,0.0,0.0
60.058896,1788747532.998060,0.0,0.0,0.0,0.0,0.0,0.0
60.160954,1788747533.100118,0.0,0.0,0.0,0.0,0.0,0.0
60.262888,1788747533.202051,0.0,0.0,0.0,0.0,0.0,0.0
60.364876,1788747533.304039,0.0,0.0,0.0,0.0,0.0,0.0
60.466792,1788747533.405956,0.0,0.0,0.0,0.0,0.0,0.0
60.568681,1788747533.507844,0.0,0.0,0.0,0.0,0.0,0.0
60.670594,1788747533.609757,0.0,0.0,0.0,0.0,0.0,0.0
60.772539,1788747533.711703,0.0,0.0,0.0,0.0,0.0,0.0
60.874516,1788747533.813680,0.0,0.0,0.0,0.0,0.0,0.0
60.976602,1788747533.915766,0.0,0.0,0.0,0.0,0.0,0.0
61.078542,1788747534.017705,0.0,0.0,0.0,0.0,0.0,0.0
61.181294,1788747534.120457,0.0,0.0,0.0,0.0,0.0,0.0
61.283208,1788747534.222372,0.0,0.0,0.0,0.0,0.0,0.0
61.385029,1788747534.324192,0.0,0.0,0.0,0.0,0.0,0.0
61.487096,1788747534.426259,0.0,0.0,0.0,0.0,0.0,0.0
61.588381,1788747534.527544,0.0,0.0,0.0,0.0,0.0,0.0
61.690216,1788747534.629379,0.0,0.0,0.0,0.0,0.0,0.0
61.792070,1788747534.731234,0.0,0.0,0.0,0.0,0.0,0.0
61.894270,1788747534.833434,0.0,0.0,0.0,0.0,0.0,0.0
61.996072,1788747534.935236,0.0,0.0,0.0,0.0,0.0,0.0
62.098259,1788747535.037423,0.0,0.0,0.0,0.0,0.0,0.0
62.200324,1788747535.139487,0.0,0.0,0.0,0.0,0.0,0.0
62.302467,1788747535.241631,0.0,0.0,0.0,0.0,0.0,0.0
62.404580,1788747535.343744,0.0,0.0,0.0,0.0,0.0,0.0
62.506577,1788747535.445740,0.0,0.0,0.0,0.0,0.0,0.0
62.608620,1788747535.547784,0.0,0.0,0.0,0.0,0.0,0.0
62.710630,1788747535.649794,0.0,0.0,0.0,0.0,0.0,0.0
62.812922,1788747535.752086,0.0,0.0,0.0,0.0,0.0,0.0
62.915635,1788747535.854799,0.0,0.0,0.0,0.0,0.0,0.0
63.017245,1788747535.956409,0.0,0.0,0.0,0.0,0.0,0.0
63.119354,1788747536.058518,0.0,0.0,0.0,0.0,0.0,0.0
63.222038,1788747536.161201,0.0,0.0,0.0,0.0,0.0,0.0
63.323526,1788747536.262689,0.0,0.0,0.0,0.0,0.0,0.0
63.425574,1788747536.364738,0.0,0.0,0.0,0.0,0.0,0.0
63.527611,1788747536.466775,0.0,0.0,0.0,0.0,0.0,0.0
63.629696,1788747536.568860,0.0,0.0,0.0,0.0,0.0,0.0
63.731762,1788747536.670925,0.0,0.0,0.0,0.0,0.0,0.0
63.833778,1788747536.772942,0.0,0.0,0.0,0.0,0.0,0.0
63.936001,1788747536.875164,0.0,0.0,0.0,0.0,0.0,0.0
64.038080,1788747536.977244,0.0,0.0,0.0,0.0,0.0,0.0
64.140207,1788747537.079370,0.0,0.0,0.0,0.0,0.0,0.0
64.242246,1788747537.181410,0.0,0.0,0.0,0.0,0.0,0.0
64.344271,1788747537.283434,0.0,0.0,0.0,0.0,0.0,0.0
64.446362,1788747537.385526,0.0,0.0,0.0,0.0,0.0,0.0
64.548359,1788747537.487523,0.0,0.0,0.0,0.0,0.0,0.0
64.650398,1788747537.589562,0.0,0.0,0.0,0.0,0.0,0.0
64.752474,1788747537.691637,0.0,0.0,0.0,0.0,0.0,0.0
64.854558,1788747537.793722,0.0,0.0,0.0,0.0,0.0,0.0
64.956674,1788747537.895838,0.0,0.0,0.0,0.0,0.0,0.0
65.058942,1788747537.998105,0.0,0.0,0.0,0.0,0.0,0.0
65.161061,1788747538.100224,0.0,0.0,0.0,0.0,0.0,0.0
65.262994,1788747538.202158,0.0,0.0,0.0,0.0,0.0,0.0
65.365237,1788747538.304401,0.0,0.0,0.0,0.0,0.0,0.0
65.467135,1788747538.406298,0.0,0.0,0.0,0.0,0.0,0.0
65.569206,1788747538.508370,0.0,0.0,0.0,0.0,0.0,0.0
65.671206,1788747538.610370,0.0,0.0,0.0,0.0,0.0,0.0
65.773428,1788747538.712592,0.0,0.0,0.0,0.0,0.0,0.0
65.875632,1788747538.814795,0.0,0.0,0.0,0.0,0.0,0.0
65.977684,1788747538.916848,0.0,0.0,0.0,0.0,0.0,0.0
66.079813,1788747539.018976,0.0,0.0,0.0,0.0,0.0,0.0
66.181858,1788747539.121022,0.0,0.0,0.0,0.0,0.0,0.0
66.283878,1788747539.223042,0.0,0.0,0.0,0.0,0.0,0.0
66.385914,1788747539.325077,0.0,0.0,0.0,0.0,0.0,0.0
66.488044,1788747539.427208,0.0,0.0,0.0,0.0,0.0,0.0
66.590118,1788747539.529281,0.0,0.0,0.0,0.0,0.0,0.0
66.692219,1788747539.631382,0.0,0.0,0.0,0.0,0.0,0.0
66.794286,1788747539.733450,0.0,0.0,0.0,0.0,0.0,0.0
66.896785,1788747539.835949,0.0,0.0,0.0,0.0,0.0,0.0
66.998702,1788747539.937865,0.0,0.0,0.0,0.0,0.0,0.0
67.100696,1788747540.039860,0.0,0.0,0.0,0.0,0.0,0.0
67.203482,1788747540.142646,0.0,0.0,0.0,0.0,0.0,0.0
67.305618,1788747540.244781,0.0,0.0,0.0,0.0,0.0,0.0
67.408851,1788747540.348015,0.0,0.0,0.0,0.0,0.0,0.0
67.511991,1788747540.451155,0.0,0.0,0.0,0.0,0.0,0.0
67.614582,1788747540.553746,0.0,0.0,0.0,0.0,0.0,0.0
67.716427,1788747540.655591,0.0,0.0,0.0,0.0,0.0,0.0
67.818310,1788747540.757474,0.0,0.0,0.0,0.0,0.0,0.0
67.921283,1788747540.860447,0.0,0.0,0.0,0.0,0.0,0.0
68.022772,1788747540.961935,0.0,0.0,0.0,0.0,0.0,0.0
68.125596,1788747541.064760,0.0,0.0,0.0,0.0,0.0,0.0
68.228840,1788747541.168004,0.0,0.0,0.0,0.0,0.0,0.0
68.330444,1788747541.269608,0.0,0.0,0.0,0.0,0.0,0.0
68.433482,1788747541.372646,0.0,0.0,0.0,0.0,0.0,0.0
68.533576,1788747541.472740,0.0,0.0,0.0,0.0,0.0,0.0
68.634951,1788747541.574115,0.0,0.0,0.0,0.0,0.0,0.0
68.736334,1788747541.675498,0.0,0.0,0.0,0.0,0.0,0.0
68.837713,1788747541.776877,0.0,0.0,0.0,0.0,0.0,0.0
68.939519,1788747541.878683,0.0,0.0,0.0,0.0,0.0,0.0
69.041060,1788747541.980223,0.0,0.0,0.0,0.0,0.0,0.0
69.142516,1788747542.081680,0.0,0.0,0.0,0.0,0.0,0.0
69.243889,1788747542.183053,0.0,0.0,0.0,0.0,0.0,0.0
69.345284,1788747542.284447,0.0,0.0,0.0,0.0,0.0,0.0
69.446675,1788747542.385839,0.0,0.0,0.0,0.0,0.0,0.0
69.548076,1788747542.487240,0.0,0.0,0.0,0.0,0.0,0.0
69.649480,1788747542.588643,0.0,0.0,0.0,0.0,0.0,0.0
69.750852,1788747542.690016,0.0,0.0,0.0,0.0,0.0,0.0
69.852260,1788747542.791424,0.0,0.0,0.0,0.0,0.0,0.0
69.953678,1788747542.892842,0.0,0.0,0.0,0.0,0.0,0.0
70.055031,1788747542.994195,0.0,0.0,0.0,0.0,0.0,0.0
70.156387,1788747543.095551,0.0,0.0,0.0,0.0,0.0,0.0
70.257739,1788747543.196903,0.0,0.0,0.0,0.0,0.0,0.0
70.359124,1788747543.298287,0.0,0.0,0.0,0.0,0.0,0.0
70.460471,1788747543.399634,0.0,0.0,0.0,0.0,0.0,0.0
70.561948,1788747543.501111,0.0,0.0,0.0,0.0,0.0,0.0
70.663339,1788747543.602503,0.0,0.0,0.0,0.0,0.0,0.0
70.764639,1788747543.703802,0.0,0.0,0.0,0.0,0.0,0.0
70.866013,1788747543.805176,0.0,0.0,0.0,0.0,0.0,0.0
70.967385,1788747543.906548,0.0,0.0,0.0,0.0,0.0,0.0
71.068789,1788747544.007953,0.0,0.0,0.0,0.0,0.0,0.0
71.170143,1788747544.109307,0.0,0.0,0.0,0.0,0.0,0.0
71.271489,1788747544.210653,0.0,0.0,0.0,0.0,0.0,0.0
71.372878,1788747544.312042,0.0,0.0,0.0,0.0,0.0,0.0
71.474236,1788747544.413400,0.0,0.0,0.0,0.0,0.0,0.0
71.575567,1788747544.514731,0.0,0.0,0.0,0.0,0.0,0.0
71.676945,1788747544.616109,0.0,0.0,0.0,0.0,0.0,0.0
71.778302,1788747544.717466,0.0,0.0,0.0,0.0,0.0,0.0
71.879662,1788747544.818826,0.0,0.0,0.0,0.0,0.0,0.0
71.981063,1788747544.920227,0.0,0.0,0.0,0.0,0.0,0.0
72.082421,1788747545.021585,0.0,0.0,0.0,0.0,0.0,0.0
72.183796,1788747545.122959,0.0,0.0,0.0,0.0,0.0,0.0
72.285186,1788747545.224349,0.0,0.0,0.0,0.0,0.0,0.0
72.386538,1788747545.325702,0.0,0.0,0.0,0.0,0.0,0.0
72.487931,1788747545.427094,0.0,0.0,0.0,0.0,0.0,0.0
72.589617,1788747545.528781,0.0,0.0,0.0,0.0,0.0,0.0
72.691391,1788747545.630555,0.0,0.0,0.0,0.0,0.0,0.0
72.793207,1788747545.732371,0.0,0.0,0.0,0.0,0.0,0.0
72.895117,1788747545.834280,0.0,0.0,0.0,0.0,0.0,0.0
72.996860,1788747545.936023,0.0,0.0,0.0,0.0,0.0,0.0
73.099740,1788747546.038903,0.0,0.0,0.0,0.0,0.0,0.0
73.201490,1788747546.140653,0.0,0.0,0.0,0.0,0.0,0.0
73.303002,1788747546.242166,0.0,0.0,0.0,0.0,0.0,0.0
73.405051,1788747546.344214,0.0,0.0,0.0,0.0,0.0,0.0
73.506971,1788747546.446135,0.0,0.0,0.0,0.0,0.0,0.0
73.608948,1788747546.548112,0.0,0.0,0.0,0.0,0.0,0.0
73.710826,1788747546.649989,0.0,0.0,0.0,0.0,0.0,0.0
73.812871,1788747546.752035,0.0,0.0,0.0,0.0,0.0,0.0
73.915075,1788747546.854238,0.0,0.0,0.0,0.0,0.0,0.0
74.017301,1788747546.956465,0.0,0.0,0.0,0.1,0.0,0.0
74.319956,1788747547.259120,0.0,0.0,0.0,0.0,0.0,0.0
74.421789,1788747547.360953,0.0,0.0,0.0,0.0,0.0,0.0
74.523604,1788747547.462768,0.0,0.0,0.0,0.0,0.0,0.0
74.625446,1788747547.564609,0.0,0.0,0.0,0.0,0.0,0.0
74.727252,1788747547.666416,0.0,0.0,0.0,0.0,0.0,0.0
74.829083,1788747547.768246,0.0,0.0,0.0,0.0,0.0,0.0
74.930891,1788747547.870054,0.0,0.0,0.0,0.0,0.0,0.0
75.032669,1788747547.971832,0.0,0.0,0.0,0.0,0.0,0.0
75.134446,1788747548.073610,0.0,0.0,0.0,0.0,0.0,0.0
75.236234,1788747548.175398,0.0,0.0,0.0,0.0,0.0,0.0
75.338498,1788747548.277662,0.0,0.0,0.0,0.0,0.0,0.0
75.439873,1788747548.379036,0.0,0.0,0.0,0.0,0.0,0.0
75.541666,1788747548.480830,0.0,0.0,0.0,0.0,0.0,0.0
75.643466,1788747548.582630,0.0,0.0,0.0,0.0,0.0,0.0
75.745259,1788747548.684422,0.0,0.0,0.0,0.0,0.0,0.0
75.847042,1788747548.786206,0.0,0.0,0.0,0.0,0.0,0.0
75.948896,1788747548.888060,0.0,0.0,0.0,0.0,0.0,0.0
76.050688,1788747548.989852,0.0,0.0,0.0,0.0,0.0,0.0
76.152509,1788747549.091673,0.0,0.0,0.0,0.0,0.0,0.0
76.254298,1788747549.193462,0.0,0.0,0.0,0.0,0.0,0.0
76.356072,1788747549.295236,0.0,0.0,0.0,0.0,0.0,0.0
76.457866,1788747549.397030,0.0,0.0,0.0,0.0,0.0,0.0
76.559668,1788747549.498831,0.0,0.0,0.0,0.0,0.0,0.0
76.662649,1788747549.601812,0.0,0.0,0.0,0.0,0.0,0.0
76.763368,1788747549.702532,0.0,0.0,0.0,0.0,0.0,0.0
76.865210,1788747549.804374,0.0,0.0,0.0,0.0,0.0,0.0
76.967050,1788747549.906214,0.0,0.0,0.0,0.0,0.0,0.0
77.068877,1788747550.008041,0.0,0.0,0.0,0.0,0.0,0.0
77.170705,1788747550.109868,0.0,0.0,0.0,0.0,0.0,0.0
77.272526,1788747550.211689,0.0,0.0,0.0,0.0,0.0,0.0
77.374320,1788747550.313483,0.0,0.0,0.0,0.0,0.0,0.0
77.476648,1788747550.415811,0.0,0.0,0.0,0.0,0.0,0.0
77.578032,1788747550.517196,0.0,0.0,0.0,0.0,0.0,0.0
77.680030,1788747550.619194,0.0,0.0,0.0,0.0,0.0,0.0
77.781981,1788747550.721144,0.0,0.0,0.0,0.0,0.0,0.0
77.883555,1788747550.822718,0.0,0.0,0.0,0.0,0.0,0.0
77.985386,1788747550.924550,0.0,0.0,0.0,0.0,0.0,0.0
78.087190,1788747551.026354,0.0,0.0,0.0,0.0,0.0,0.0
78.189004,1788747551.128168,0.0,0.0,0.0,0.0,0.0,0.0
78.290786,1788747551.229950,0.0,0.0,0.0,0.0,0.0,0.0
78.392587,1788747551.331751,0.0,0.0,0.0,0.0,0.0,0.0
78.494362,1788747551.433526,0.0,0.0,0.0,0.0,0.0,0.0
78.596151,1788747551.535315,0.0,0.0,0.0,0.0,0.0,0.0
78.697992,1788747551.637155,0.0,0.0,0.0,0.0,0.0,0.0
78.799776,1788747551.738939,0.0,0.0,0.0,0.0,0.0,0.0
78.901595,1788747551.840759,0.0,0.0,0.0,0.0,0.0,0.0
79.003354,1788747551.942517,0.0,0.0,0.0,0.0,0.0,0.0
79.105192,1788747552.044356,0.0,0.0,0.0,0.0,0.0,0.0
79.207010,1788747552.146174,0.0,0.0,0.0,0.0,0.0,0.0
79.308773,1788747552.247936,0.0,0.0,0.0,0.0,0.0,0.0
79.410556,1788747552.349720,0.0,0.0,0.0,0.0,0.0,0.0
79.512445,1788747552.451609,0.0,0.0,0.0,0.0,0.0,0.0
79.614232,1788747552.553396,0.0,0.0,0.0,0.0,0.0,0.0
79.716027,1788747552.655190,0.0,0.0,0.0,0.0,0.0,0.0
79.817886,1788747552.757050,0.0,0.0,0.0,0.0,0.0,0.0
79.919666,1788747552.858829,0.0,0.0,0.0,0.0,0.0,0.0
80.021500,1788747552.960664,0.0,0.0,0.0,0.0,0.0,0.0
80.123297,1788747553.062461,0.0,0.0,0.0,0.0,0.0,0.0
80.225143,1788747553.164307,0.0,0.0,0.0,0.0,0.0,0.0
80.326870,1788747553.266033,0.0,0.0,0.0,0.0,0.0,0.0
80.428688,1788747553.367851,0.0,0.0,0.0,0.0,0.0,0.0
80.530465,1788747553.469629,0.0,0.0,0.0,0.0,0.0,0.0
80.632264,1788747553.571428,0.0,0.0,0.0,0.0,0.0,0.0
80.734027,1788747553.673191,0.0,0.0,0.0,0.0,0.0,0.0
80.835832,1788747553.774996,0.0,0.0,0.0,0.0,0.0,0.0
80.937861,1788747553.877025,0.0,0.0,0.0,0.0,0.0,0.0
81.039999,1788747553.979162,0.0,0.0,0.0,0.0,0.0,0.0
81.141260,1788747554.080424,0.0,0.0,0.0,0.0,0.0,0.0
81.243049,1788747554.182213,0.0,0.0,0.0,0.0,0.0,0.0
81.344859,1788747554.284023,0.0,0.0,0.0,0.0,0.0,0.0
81.446640,1788747554.385803,0.0,0.0,0.0,0.0,0.0,0.0
81.548441,1788747554.487605,0.0,0.0,0.0,0.0,0.0,0.0
81.650233,1788747554.589397,0.0,0.0,0.0,0.0,0.0,0.0
81.752059,1788747554.691223,0.0,0.0,0.0,0.0,0.0,0.0
81.853941,1788747554.793105,0.0,0.0,0.0,0.0,0.0,0.0
81.956010,1788747554.895173,0.0,0.0,0.0,0.0,0.0,0.0
82.058517,1788747554.997680,0.0,0.0,0.0,0.0,0.0,0.0
82.160041,1788747555.099205,0.0,0.0,0.0,0.0,0.0,0.0
82.262163,1788747555.201327,0.0,0.0,0.0,0.0,0.0,0.0
82.364217,1788747555.303380,0.0,0.0,0.0,0.0,0.0,0.0
82.466219,1788747555.405383,0.0,0.0,0.0,0.0,0.0,0.0
82.568253,1788747555.507417,0.0,0.0,0.0,0.0,0.0,0.0
82.670829,1788747555.609993,0.0,0.0,0.0,0.0,0.0,0.0
82.772800,1788747555.711964,0.0,0.0,0.0,0.0,0.0,0.0
82.875956,1788747555.815120,0.0,0.0,0.0,0.0,0.0,0.0
82.979259,1788747555.918422,0.0,0.0,0.0,0.0,0.0,0.0
83.080514,1788747556.019678,0.0,0.0,0.0,0.0,0.0,0.0
83.183169,1788747556.122333,0.0,0.0,0.0,0.0,0.0,0.0
83.285236,1788747556.224400,0.0,0.0,0.0,0.0,0.0,0.0
83.387769,1788747556.326933,0.0,0.0,0.0,0.0,0.0,0.0
83.489909,1788747556.429073,0.0,0.0,0.0,0.0,0.0,0.0
83.592621,1788747556.531784,0.0,0.0,0.0,0.0,0.0,0.0
83.694113,1788747556.633277,0.0,0.0,0.0,0.0,0.0,0.0
83.795641,1788747556.734804,0.0,0.0,0.0,0.0,0.0,0.0
83.897419,1788747556.836583,0.0,0.0,0.0,0.0,0.0,0.0
83.998922,1788747556.938086,0.0,0.0,0.0,0.0,0.0,0.0
84.100886,1788747557.040050,0.0,0.0,0.0,0.0,0.0,0.0
84.201757,1788747557.140920,0.0,0.0,0.0,0.0,0.0,0.0
84.303182,1788747557.242346,0.0,0.0,0.0,0.0,0.0,0.0
84.404795,1788747557.343959,0.0,0.0,0.0,0.0,0.0,0.0
84.506363,1788747557.445527,0.0,0.0,0.0,0.0,0.0,0.0
84.607989,1788747557.547153,0.0,0.0,0.0,0.0,0.0,0.0
84.709486,1788747557.648650,0.0,0.0,0.0,0.0,0.0,0.0
84.811244,1788747557.750407,0.0,0.0,0.0,0.0,0.0,0.0
84.914181,1788747557.853345,0.0,0.0,0.0,0.0,0.0,0.0
85.015655,1788747557.954818,0.0,0.0,0.0,0.0,0.0,0.0
85.117177,1788747558.056341,0.0,0.0,0.0,0.0,0.0,0.0
85.218669,1788747558.157833,0.0,0.0,0.0,0.0,0.0,0.0
85.320120,1788747558.259283,0.0,0.0,0.0,0.0,0.0,0.0
85.421568,1788747558.360732,0.0,0.0,0.0,0.0,0.0,0.0
85.522996,1788747558.462159,0.0,0.0,0.0,0.0,0.0,0.0
85.624436,1788747558.563599,0.0,0.0,0.0,0.0,0.0,0.0
85.725860,1788747558.665024,0.0,0.0,0.0,0.0,0.0,0.0
85.827280,1788747558.766443,0.0,0.0,0.0,0.0,0.0,0.0
85.928742,1788747558.867906,0.0,0.0,0.0,0.0,0.0,0.0
86.030158,1788747558.969321,0.0,0.0,0.0,0.0,0.0,0.0
86.131618,1788747559.070781,0.0,0.0,0.0,0.0,0.0,0.0
86.233114,1788747559.172277,0.0,0.0,0.0,0.0,0.0,0.0
86.334538,1788747559.273701,0.0,0.0,0.0,0.0,0.0,0.0
86.435977,1788747559.375141,0.0,0.0,0.0,0.0,0.0,0.0
86.537427,1788747559.476591,0.0,0.0,0.0,0.0,0.0,0.0
86.639380,1788747559.578544,0.0,0.0,0.0,0.0,0.0,0.0
86.740331,1788747559.679495,0.0,0.0,0.0,0.0,0.0,0.0
86.841750,1788747559.780914,0.0,0.0,0.0,0.0,0.0,0.0
86.943185,1788747559.882349,0.0,0.0,0.0,0.0,0.0,0.0
87.044619,1788747559.983783,0.0,0.0,0.0,0.0,0.0,0.0
87.146033,1788747560.085197,0.0,0.0,0.0,0.0,0.0,0.0
87.247472,1788747560.186636,0.0,0.0,0.0,0.0,0.0,0.0
87.348901,1788747560.288065,0.0,0.0,0.0,0.0,0.0,0.0
87.450327,1788747560.389491,0.0,0.0,0.0,0.0,0.0,0.0
87.551771,1788747560.490935,0.0,0.0,0.0,0.0,0.0,0.0
87.653203,1788747560.592366,0.0,0.0,0.0,0.0,0.0,0.0
87.754602,1788747560.693766,0.0,0.0,0.0,0.0,0.0,0.0
87.856035,1788747560.795199,0.0,0.0,0.0,0.0,0.0,0.0
87.957520,1788747560.896684,0.0,0.0,0.0,0.0,0.0,0.0
88.059159,1788747560.998323,0.0,0.0,0.0,0.0,0.0,0.0
88.160902,1788747561.100065,0.0,0.0,0.0,0.0,0.0,0.0
88.262819,1788747561.201983,0.0,0.0,0.0,0.0,0.0,0.0
88.364637,1788747561.303801,0.0,0.0,0.0,0.0,0.0,0.0
88.466417,1788747561.405581,0.0,0.0,0.0,0.0,0.0,0.0
88.568202,1788747561.507365,0.0,0.0,0.0,0.0,0.0,0.0
88.669982,1788747561.609146,0.0,0.0,0.0,0.0,0.0,0.0
88.771784,1788747561.710948,0.0,0.0,0.0,0.0,0.0,0.0
88.873663,1788747561.812827,0.0,0.0,0.0,0.0,0.0,0.0
88.975441,1788747561.914604,0.0,0.0,0.0,0.0,0.0,0.0
89.077312,1788747562.016475,0.0,0.0,0.0,0.0,0.0,0.0
89.179034,1788747562.118198,0.0,0.0,0.0,0.0,0.0,0.0
89.280957,1788747562.220121,0.0,0.0,0.0,0.0,0.0,0.0
89.382988,1788747562.322151,0.0,0.0,0.0,0.0,0.0,0.0
89.485013,1788747562.424176,0.0,0.0,0.0,0.0,0.0,0.0
89.587012,1788747562.526175,0.0,0.0,0.0,0.0,0.0,0.0
89.689055,1788747562.628219,0.0,0.0,0.0,0.0,0.0,0.0
89.791133,1788747562.730297,0.0,0.0,0.0,0.0,0.0,0.0
89.893553,1788747562.832717,0.0,0.0,0.0,0.0,0.0,0.0
89.995453,1788747562.934617,0.0,0.0,0.0,0.0,0.0,0.0
90.097519,1788747563.036683,0.0,0.0,0.0,0.0,0.0,0.0
90.199405,1788747563.138569,0.0,0.0,0.0,0.0,0.0,0.0
90.301572,1788747563.240736,0.0,0.0,0.0,0.0,0.0,0.0
90.404485,1788747563.343648,0.0,0.0,0.0,0.0,0.0,0.0
90.505445,1788747563.444609,0.0,0.0,0.0,0.0,0.0,0.0
90.607321,1788747563.546485,0.0,0.0,0.0,0.0,0.0,0.0
90.709288,1788747563.648452,0.0,0.0,0.0,0.0,0.0,0.0
90.811279,1788747563.750442,0.0,0.0,0.0,0.0,0.0,0.0
90.913644,1788747563.852808,0.0,0.0,0.0,0.0,0.0,0.0
91.015616,1788747563.954780,0.0,0.0,0.0,0.0,0.0,0.0
91.117486,1788747564.056650,0.0,0.0,0.0,0.0,0.0,0.0
91.219516,1788747564.158680,0.0,0.0,0.0,0.0,0.0,0.0
91.321408,1788747564.260571,0.0,0.0,0.0,0.0,0.0,0.0
91.423336,1788747564.362500,0.0,0.0,0.0,0.0,0.0,0.0
91.526168,1788747564.465331,0.0,0.0,0.0,0.0,0.0,0.0
91.627934,1788747564.567098,0.0,0.0,0.0,0.0,0.0,0.0
91.730404,1788747564.669568,0.0,0.0,0.0,0.0,0.0,0.0
91.834057,1788747564.773220,0.0,0.0,0.0,0.0,0.0,0.0
91.936022,1788747564.875185,0.0,0.0,0.0,0.0,0.0,0.0
92.037688,1788747564.976852,0.0,0.0,0.0,0.0,0.0,0.0
92.139533,1788747565.078696,0.0,0.0,0.0,0.0,0.0,0.0
92.241398,1788747565.180561,0.0,0.0,0.0,0.0,0.0,0.0
92.344335,1788747565.283499,0.0,0.0,0.0,0.0,0.0,0.0
92.446118,1788747565.385281,0.0,0.0,0.0,0.0,0.0,0.0
92.547689,1788747565.486853,0.0,0.0,0.0,0.0,0.0,0.0
92.649743,1788747565.588907,0.0,0.0,0.0,0.0,0.0,0.0
92.751754,1788747565.690918,0.0,0.0,0.0,0.0,0.0,0.0
92.853816,1788747565.792979,0.0,0.0,0.0,0.0,0.0,0.0
92.956121,1788747565.895285,0.0,0.0,0.0,0.0,0.0,0.0
93.058564,1788747565.997728,0.0,0.0,0.0,0.0,0.0,0.0
93.159993,1788747566.099157,0.0,0.0,0.0,0.0,0.0,0.0
93.262034,1788747566.201198,0.0,0.0,0.0,0.0,0.0,0.0
93.364154,1788747566.303318,0.0,0.0,0.0,0.0,0.0,0.0
93.466138,1788747566.405302,0.0,0.0,0.0,0.0,0.0,0.0
93.568143,1788747566.507307,0.0,0.0,0.0,0.0,0.0,0.0
93.670110,1788747566.609273,0.0,0.0,0.0,0.0,0.0,0.0
93.772139,1788747566.711303,0.0,0.0,0.0,0.0,0.0,0.0
93.874174,1788747566.813338,0.0,0.0,0.0,0.0,0.0,0.0
93.976364,1788747566.915528,0.0,0.0,0.0,0.0,0.0,0.0
94.078390,1788747567.017553,0.0,0.0,0.0,0.0,0.0,0.0
94.180503,1788747567.119667,0.0,0.0,0.0,0.0,0.0,0.0
94.282609,1788747567.221772,0.0,0.0,0.0,0.0,0.0,0.0
94.384681,1788747567.323844,0.0,0.0,0.0,0.0,0.0,0.0
94.487608,1788747567.426772,0.0,0.0,0.0,0.0,0.0,0.0
94.589397,1788747567.528561,0.0,0.0,0.0,0.0,0.0,0.0
94.690997,1788747567.630161,0.0,0.0,0.0,0.0,0.0,0.0
94.793181,1788747567.732345,0.0,0.0,0.0,0.0,0.0,0.0
94.895629,1788747567.834793,0.0,0.0,0.0,0.0,0.0,0.0
94.998055,1788747567.937218,0.0,0.0,0.0,0.0,0.0,0.0
95.099745,1788747568.038909,0.0,0.0,0.0,0.0,0.0,0.0
95.201747,1788747568.140911,0.0,0.0,0.0,0.0,0.0,0.0
95.303822,1788747568.242985,0.0,0.0,0.0,0.0,0.0,0.0
95.405957,1788747568.345121,0.0,0.0,0.0,0.0,0.0,0.0
95.507982,1788747568.447146,0.0,0.0,0.0,0.0,0.0,0.0
95.610045,1788747568.549209,0.0,0.0,0.0,0.0,0.0,0.0
95.712853,1788747568.652017,0.0,0.0,0.0,0.0,0.0,0.0
95.814635,1788747568.753799,0.0,0.0,0.0,0.0,0.0,0.0
95.916622,1788747568.855786,0.0,0.0,0.0,0.0,0.0,0.0
96.018608,1788747568.957772,0.0,0.0,0.0,0.0,0.0,0.0
96.120539,1788747569.059703,0.0,0.0,0.0,0.0,0.0,0.0
96.222378,1788747569.161542,0.0,0.0,0.0,0.0,0.0,0.0
96.324281,1788747569.263444,0.0,0.0,0.0,0.0,0.0,0.0
96.426317,1788747569.365480,0.0,0.0,0.0,0.0,0.0,0.0
96.528286,1788747569.467449,0.0,0.0,0.0,0.0,0.0,0.0
96.630244,1788747569.569408,0.0,0.0,0.0,0.0,0.0,0.0
96.732206,1788747569.671370,0.0,0.0,0.0,0.0,0.0,0.0
96.834094,1788747569.773258,0.0,0.0,0.0,0.0,0.0,0.0
96.936275,1788747569.875439,0.0,0.0,0.0,0.0,0.0,0.0
97.038194,1788747569.977357,0.0,0.0,0.0,0.0,0.0,0.0
97.140149,1788747570.079313,0.0,0.0,0.0,0.0,0.0,0.0
97.242113,1788747570.181277,0.0,0.0,0.0,0.0,0.0,0.0
97.344052,1788747570.283215,0.0,0.0,0.0,0.0,0.0,0.0
97.445974,1788747570.385137,0.0,0.0,0.0,0.0,0.0,0.0
97.547942,1788747570.487105,0.0,0.0,0.0,0.0,0.0,0.0
97.649956,1788747570.589120,0.0,0.0,0.0,0.0,0.0,0.0
97.751921,1788747570.691085,0.0,0.0,0.0,0.0,0.0,0.0
97.853839,1788747570.793003,0.0,0.0,0.0,0.0,0.0,0.0
97.955972,1788747570.895135,0.0,0.0,0.0,0.0,0.0,0.0
98.057944,1788747570.997108,0.0,0.0,0.0,0.0,0.0,0.0
98.159929,1788747571.099092,0.0,0.0,0.0,0.0,0.0,0.0
98.261794,1788747571.200958,0.0,0.0,0.0,0.0,0.0,0.0
98.365001,1788747571.304164,0.0,0.0,0.0,0.0,0.0,0.0
98.465773,1788747571.404937,0.0,0.0,0.0,0.0,0.0,0.0
98.568041,1788747571.507205,0.0,0.0,0.0,0.0,0.0,0.0
98.670076,1788747571.609240,0.0,0.0,0.0,0.0,0.0,0.0
98.772089,1788747571.711253,0.0,0.0,0.0,0.0,0.0,0.0
98.874191,1788747571.813354,0.0,0.0,0.0,0.0,0.0,0.0
98.976223,1788747571.915387,0.0,0.0,0.0,0.0,0.0,0.0
99.078388,1788747572.017552,0.0,0.0,0.0,0.0,0.0,0.0
99.180228,1788747572.119392,0.0,0.0,0.0,0.0,0.0,0.0
99.282117,1788747572.221281,0.0,0.0,0.0,0.0,0.0,0.0
99.384035,1788747572.323198,0.0,0.0,0.0,0.0,0.0,0.0
99.485853,1788747572.425017,0.0,0.0,0.0,0.0,0.0,0.0
99.587677,1788747572.526841,0.0,0.0,0.0,0.0,0.0,0.0
99.689621,1788747572.628785,0.0,0.0,0.0,0.0,0.0,0.0
99.791574,1788747572.730738,0.0,0.0,0.0,0.0,0.0,0.0
99.893919,1788747572.833083,0.0,0.0,0.0,0.0,0.0,0.0
99.995748,1788747572.934912,0.0,0.0,0.0,0.0,0.0,0.0
100.097684,1788747573.036847,0.0,0.0,0.0,0.0,0.0,0.0
100.199611,1788747573.138775,0.0,0.0,0.0,0.0,0.0,0.0
100.301608,1788747573.240771,0.0,0.0,0.0,0.0,0.0,0.0
100.403528,1788747573.342692,0.0,0.0,0.0,0.0,0.0,0.0
100.505535,1788747573.444699,0.0,0.0,0.0,0.0,0.0,0.0
100.607486,1788747573.546649,0.0,0.0,0.0,0.0,0.0,0.0
100.709450,1788747573.648614,0.0,0.0,0.0,0.0,0.0,0.0
100.811338,1788747573.750502,0.0,0.0,0.0,0.0,0.0,0.0
100.913633,1788747573.852797,0.0,0.0,0.0,0.0,0.0,0.0
101.015456,1788747573.954620,0.0,0.0,0.0,0.0,0.0,0.0
101.117503,1788747574.056667,0.0,0.0,0.0,0.0,0.0,0.0
101.219474,1788747574.158638,0.0,0.0,0.0,0.0,0.0,0.0
101.321465,1788747574.260628,0.0,0.0,0.0,0.0,0.0,0.0
101.423548,1788747574.362712,0.0,0.0,0.0,0.0,0.0,0.0
101.525536,1788747574.464700,0.0,0.0,0.0,0.0,0.0,0.0
101.627371,1788747574.566535,0.0,0.0,0.0,0.0,0.0,0.0
101.730130,1788747574.669294,0.0,0.0,0.0,0.0,0.0,0.0
101.831258,1788747574.770422,0.0,0.0,0.0,0.0,0.0,0.0
101.933498,1788747574.872662,0.0,0.0,0.0,0.0,0.0,0.0
102.035439,1788747574.974602,0.0,0.0,0.0,0.0,0.0,0.0
102.137413,1788747575.076577,0.0,0.0,0.0,0.0,0.0,0.0
102.239456,1788747575.178620,0.0,0.0,0.0,0.0,0.0,0.0
102.341363,1788747575.280526,0.0,0.0,0.0,0.0,0.0,0.0
102.443144,1788747575.382308,0.0,0.0,0.0,0.0,0.0,0.0
102.545061,1788747575.484225,0.0,0.0,0.0,0.0,0.0,0.0
102.646891,1788747575.586055,0.0,0.0,0.0,0.0,0.0,0.0
102.748728,1788747575.687892,0.0,0.0,0.0,0.0,0.0,0.0
102.850523,1788747575.789687,0.0,0.0,0.0,0.0,0.0,0.0
102.952398,1788747575.891562,0.0,0.0,0.0,0.0,0.0,0.0
103.054344,1788747575.993508,0.0,0.0,0.0,0.0,0.0,0.0
103.156287,1788747576.095451,0.0,0.0,0.0,0.0,0.0,0.0
103.258299,1788747576.197463,0.0,0.0,0.0,0.0,0.0,0.0
103.360434,1788747576.299598,0.0,0.0,0.0,0.0,0.0,0.0
103.462972,1788747576.402136,0.0,0.0,0.0,0.0,0.0,0.0
103.564399,1788747576.503562,0.0,0.0,0.0,0.0,0.0,0.0
103.666506,1788747576.605670,0.0,0.0,0.0,0.0,0.0,0.0
103.768533,1788747576.707697,0.0,0.0,0.0,0.0,0.0,0.0
103.870659,1788747576.809823,0.0,0.0,0.0,0.0,0.0,0.0
103.972885,1788747576.912049,0.0,0.0,0.0,0.0,0.0,0.0
104.074978,1788747577.014141,0.0,0.0,0.0,0.0,0.0,0.0
104.177256,1788747577.116420,0.0,0.0,0.0,0.0,0.0,0.0
104.279143,1788747577.218307,0.0,0.0,0.0,0.0,0.0,0.0
104.381271,1788747577.320435,0.0,0.0,0.0,0.0,0.0,0.0
104.483236,1788747577.422400,0.0,0.0,0.0,0.0,0.0,0.0
104.585089,1788747577.524253,0.0,0.0,0.0,0.0,0.0,0.0
104.687006,1788747577.626170,0.0,0.0,0.0,0.0,0.0,0.0
104.789171,1788747577.728334,0.0,0.0,0.0,0.0,0.0,0.0
104.891472,1788747577.830636,0.0,0.0,0.0,0.0,0.0,0.0
104.993285,1788747577.932449,0.0,0.0,0.0,0.0,0.0,0.0
105.095365,1788747578.034529,0.0,0.0,0.0,0.0,0.0,0.0
105.197498,1788747578.136662,0.0,0.0,0.0,0.0,0.0,0.0
105.299281,1788747578.238444,0.0,0.0,0.0,0.0,0.0,0.0
105.401175,1788747578.340339,0.0,0.0,0.0,0.0,0.0,0.0
105.502990,1788747578.442154,0.0,0.0,0.0,0.0,0.0,0.0
105.604936,1788747578.544100,0.0,0.0,0.0,0.0,0.0,0.0
105.706889,1788747578.646052,0.0,0.0,0.0,0.0,0.0,0.0
105.809411,1788747578.748574,0.0,0.0,0.0,0.0,0.0,0.0
105.911184,1788747578.850348,0.0,0.0,0.0,0.0,0.0,0.0
106.014075,1788747578.953239,0.0,0.0,0.0,0.0,0.0,0.0
106.115236,1788747579.054399,0.0,0.0,0.0,0.0,0.0,0.0
106.217184,1788747579.156348,0.0,0.0,0.0,0.0,0.0,0.0
106.319159,1788747579.258322,0.0,0.0,0.0,0.0,0.0,0.0
106.421151,1788747579.360315,0.0,0.0,0.0,0.0,0.0,0.0
106.523202,1788747579.462366,0.0,0.0,0.0,0.0,0.0,0.0
106.625269,1788747579.564433,0.0,0.0,0.0,0.0,0.0,0.0
106.727287,1788747579.666450,0.0,0.0,0.0,0.0,0.0,0.0
106.829318,1788747579.768481,0.0,0.0,0.0,0.0,0.0,0.0
106.931482,1788747579.870646,0.0,0.0,0.0,0.0,0.0,0.0
107.033568,1788747579.972731,0.0,0.0,0.0,0.0,0.0,0.0
107.135831,1788747580.074994,0.0,0.0,0.0,0.0,0.0,0.0
107.237692,1788747580.176856,0.0,0.0,0.0,0.0,0.0,0.0
107.339830,1788747580.278994,0.0,0.0,0.0,0.0,0.0,0.0
107.441897,1788747580.381061,0.0,0.0,0.0,0.0,0.0,0.0
107.544045,1788747580.483209,0.0,0.0,0.0,0.0,0.0,0.0
107.646057,1788747580.585221,0.0,0.0,0.0,0.0,0.0,0.0
107.748017,1788747580.687181,0.0,0.0,0.0,0.0,0.0,0.0
107.849927,1788747580.789091,0.0,0.0,0.0,0.0,0.0,0.0
107.952492,1788747580.891655,0.0,0.0,0.0,0.0,0.0,0.0
108.054243,1788747580.993407,0.0,0.0,0.0,0.0,0.0,0.0
108.156034,1788747581.095197,0.0,0.0,0.0,0.0,0.0,0.0
108.257831,1788747581.196995,0.0,0.0,0.0,0.0,0.0,0.0
108.359696,1788747581.298860,0.0,0.0,0.0,0.0,0.0,0.0
108.461581,1788747581.400745,0.0,0.0,0.0,0.0,0.0,0.0
108.563464,1788747581.502627,0.0,0.0,0.0,0.0,0.0,0.0
108.665380,1788747581.604543,0.0,0.0,0.0,0.0,0.0,0.0
108.767294,1788747581.706458,0.0,0.0,0.0,0.0,0.0,0.0
108.869236,1788747581.808400,0.0,0.0,0.0,0.0,0.0,0.0
108.971255,1788747581.910419,0.0,0.0,0.0,0.0,0.0,0.0
109.073175,1788747582.012338,0.0,0.0,0.0,0.0,0.0,0.0
109.175145,1788747582.114309,0.0,0.0,0.0,0.0,0.0,0.0
109.277169,1788747582.216332,0.0,0.0,0.0,0.0,0.0,0.0
109.379060,1788747582.318224,0.0,0.0,0.0,0.0,0.0,0.0
109.481032,1788747582.420196,0.0,0.0,0.0,0.0,0.0,0.0
109.583023,1788747582.522186,0.0,0.0,0.0,0.0,0.0,0.0
109.684977,1788747582.624141,0.0,0.0,0.0,0.0,0.0,0.0
109.786932,1788747582.726096,0.0,0.0,0.0,0.0,0.0,0.0
109.890004,1788747582.829168,0.0,0.0,0.0,0.0,0.0,0.0
109.991072,1788747582.930235,0.0,0.0,0.0,0.0,0.0,0.0
110.093177,1788747583.032340,0.0,0.0,0.0,0.0,0.0,0.0
110.195109,1788747583.134273,0.0,0.0,0.0,0.0,0.0,0.0
110.297011,1788747583.236175,0.0,0.0,0.0,0.0,0.0,0.0
110.399031,1788747583.338195,0.0,0.0,0.0,0.0,0.0,0.0
110.500970,1788747583.440134,0.0,0.0,0.0,0.0,0.0,0.0
110.602853,1788747583.542017,0.0,0.0,0.0,0.0,0.0,0.0
110.704823,1788747583.643986,0.0,0.0,0.0,0.0,0.0,0.0
110.806815,1788747583.745979,0.0,0.0,0.0,0.0,0.0,0.0
110.909816,1788747583.848980,0.0,0.0,0.0,0.0,0.0,0.0
111.011009,1788747583.950173,0.0,0.0,0.0,0.0,0.0,0.0
111.113109,1788747584.052273,0.0,0.0,0.0,0.0,0.0,0.0
111.215176,1788747584.154339,0.0,0.0,0.0,0.0,0.0,0.0
111.317197,1788747584.256361,0.0,0.0,0.0,0.0,0.0,0.0
111.419239,1788747584.358403,0.0,0.0,0.0,0.0,0.0,0.0
111.521165,1788747584.460329,0.0,0.0,0.0,0.0,0.0,0.0
111.623151,1788747584.562314,0.0,0.0,0.0,0.0,0.0,0.0
111.725178,1788747584.664342,0.0,0.0,0.0,0.0,0.0,0.0
111.827188,1788747584.766351,0.0,0.0,0.0,0.0,0.0,0.0
111.929468,1788747584.868631,0.0,0.0,0.0,0.0,0.0,0.0
112.031369,1788747584.970533,0.0,0.0,0.0,0.0,0.0,0.0
112.133289,1788747585.072453,0.0,0.0,0.0,0.0,0.0,0.0
112.235796,1788747585.174960,0.0,0.0,0.0,0.0,0.0,0.0
112.338181,1788747585.277345,0.0,0.0,0.0,0.0,0.0,0.0
112.439815,1788747585.378979,0.0,0.0,0.0,0.0,0.0,0.0
112.541260,1788747585.480424,0.0,0.0,0.0,0.0,0.0,0.0
112.643161,1788747585.582324,0.0,0.0,0.0,0.0,0.0,0.0
112.745096,1788747585.684260,0.0,0.0,0.0,0.0,0.0,0.0
112.847004,1788747585.786168,0.0,0.0,0.0,0.0,0.0,0.0
112.949286,1788747585.888450,0.0,0.0,0.0,0.0,0.0,0.0
113.051663,1788747585.990827,0.0,0.0,0.0,0.0,0.0,0.0
113.153235,1788747586.092398,0.0,0.0,0.0,0.0,0.0,0.0
113.255254,1788747586.194417,0.0,0.0,0.0,0.0,0.0,0.0
113.357567,1788747586.296730,0.0,0.0,0.0,0.0,0.0,0.0
113.459561,1788747586.398725,0.0,0.0,0.0,0.0,0.0,0.0
113.561807,1788747586.500971,0.0,0.0,0.0,0.0,0.0,0.0
113.663797,1788747586.602961,0.0,0.0,0.0,0.0,0.0,0.0
113.765901,1788747586.705065,0.0,0.0,0.0,0.0,0.0,0.0
113.867922,1788747586.807086,0.0,0.0,0.0,0.0,0.0,0.0
113.970302,1788747586.909466,0.0,0.0,0.0,0.0,0.0,0.0
114.072337,1788747587.011501,0.0,0.0,0.0,0.0,0.0,0.0
114.174285,1788747587.113449,0.0,0.0,0.0,0.0,0.0,0.0
114.276353,1788747587.215517,0.0,0.0,0.0,0.0,0.0,0.0
114.378289,1788747587.317452,0.0,0.0,0.0,0.0,0.0,0.0
114.480280,1788747587.419444,0.0,0.0,0.0,0.0,0.0,0.0
114.582286,1788747587.521450,0.0,0.0,0.0,0.0,0.0,0.0
114.684299,1788747587.623463,0.0,0.0,0.0,0.0,0.0,0.0
114.786307,1788747587.725471,0.0,0.0,0.0,0.0,0.0,0.0
114.888659,1788747587.827823,0.0,0.0,0.0,0.0,0.0,0.0
114.990485,1788747587.929648,0.0,0.0,0.0,0.0,0.0,0.0
115.092628,1788747588.031792,0.0,0.0,0.0,0.0,0.0,0.0
115.194546,1788747588.133710,0.0,0.0,0.0,0.0,0.0,0.0
115.296523,1788747588.235687,0.0,0.0,0.0,0.0,0.0,0.0
115.398464,1788747588.337627,0.0,0.0,0.0,0.0,0.0,0.0
115.500463,1788747588.439626,0.0,0.0,0.0,0.0,0.0,0.0
115.602397,1788747588.541561,0.0,0.0,0.0,0.0,0.0,0.0
115.704358,1788747588.643522,0.0,0.0,0.0,0.0,0.0,0.0
115.806297,1788747588.745461,0.0,0.0,0.0,0.0,0.0,0.0
115.908513,1788747588.847677,0.0,0.0,0.0,0.0,0.0,0.0
116.010412,1788747588.949576,0.0,0.0,0.0,0.0,0.0,0.0
116.112565,1788747589.051728,0.0,0.0,0.0,0.0,0.0,0.0
116.214563,1788747589.153727,0.0,0.0,0.0,0.0,0.0,0.0
116.316544,1788747589.255708,0.0,0.0,0.0,0.0,0.0,0.0
116.418534,1788747589.357697,0.0,0.0,0.0,0.0,0.0,0.0
116.520634,1788747589.459798,0.0,0.0,0.0,0.0,0.0,0.0
116.622652,1788747589.561816,0.0,0.0,0.0,0.0,0.0,0.0
116.724698,1788747589.663862,0.0,0.0,0.0,0.0,0.0,0.0
116.826795,1788747589.765958,0.0,0.0,0.0,0.0,0.0,0.0
116.929056,1788747589.868219,0.0,0.0,0.0,0.0,0.0,0.0
117.031612,1788747589.970776,0.0,0.0,0.0,0.0,0.0,0.0
117.133611,1788747590.072775,0.0,0.0,0.0,0.0,0.0,0.0
117.234905,1788747590.174069,0.0,0.0,0.0,0.0,0.0,0.0
117.336815,1788747590.275979,0.0,0.0,0.0,0.0,0.0,0.0
117.438689,1788747590.377852,0.0,0.0,0.0,0.0,0.0,0.0
117.540519,1788747590.479682,0.0,0.0,0.0,0.0,0.0,0.0
117.642905,1788747590.582069,0.0,0.0,0.0,0.0,0.0,0.0
117.744278,1788747590.683442,0.0,0.0,0.0,0.0,0.0,0.0
117.846124,1788747590.785288,0.0,0.0,0.0,0.0,0.0,0.0
117.948297,1788747590.887461,0.0,0.0,0.0,0.0,0.0,0.0
118.050122,1788747590.989285,0.0,0.0,0.0,0.0,0.0,0.0
118.152222,1788747591.091386,0.0,0.0,0.0,0.0,0.0,0.0
118.254025,1788747591.193188,0.0,0.0,0.0,0.0,0.0,0.0
118.355921,1788747591.295084,0.0,0.0,0.0,0.0,0.0,0.0
118.458254,1788747591.397418,0.0,0.0,0.0,0.0,0.0,0.0
118.560071,1788747591.499235,0.0,0.0,0.0,0.0,0.0,0.0
118.661543,1788747591.600707,0.0,0.0,0.0,0.0,0.0,0.0
118.763411,1788747591.702574,0.0,0.0,0.0,0.0,0.0,0.0
118.865326,1788747591.804490,0.0,0.0,0.0,0.0,0.0,0.0
118.967368,1788747591.906531,0.0,0.0,0.0,0.0,0.0,0.0
119.069284,1788747592.008448,0.0,0.0,0.0,0.0,0.0,0.0
119.171323,1788747592.110487,0.0,0.0,0.0,0.0,0.0,0.0
119.273244,1788747592.212408,0.0,0.0,0.0,0.0,0.0,0.0
119.375290,1788747592.314453,0.0,0.0,0.0,0.0,0.0,0.0
119.477307,1788747592.416471,0.0,0.0,0.0,0.0,0.0,0.0
119.579224,1788747592.518388,0.0,0.0,0.0,0.0,0.0,0.0
119.681217,1788747592.620380,0.0,0.0,0.0,0.0,0.0,0.0
119.783331,1788747592.722495,0.0,0.0,0.0,0.0,0.0,0.0
119.885652,1788747592.824816,0.0,0.0,0.0,0.0,0.0,0.0
119.987490,1788747592.926654,0.0,0.0,0.0,0.0,0.0,0.0
120.089500,1788747593.028664,0.0,0.0,0.0,0.0,0.0,0.0
120.191483,1788747593.130647,0.0,0.0,0.0,0.0,0.0,0.0
120.293484,1788747593.232648,0.0,0.0,0.0,0.0,0.0,0.0
120.395842,1788747593.335006,0.0,0.0,0.0,0.0,0.0,0.0
120.497795,1788747593.436959,0.0,0.0,0.0,0.0,0.0,0.0
120.600280,1788747593.539443,0.0,0.0,0.0,0.0,0.0,0.0
120.701559,1788747593.640722,0.0,0.0,0.0,0.0,0.0,0.0
120.803528,1788747593.742691,0.0,0.0,0.0,0.0,0.0,0.0
120.905821,1788747593.844985,0.0,0.0,0.0,0.0,0.0,0.0
121.007645,1788747593.946808,0.0,0.0,0.0,0.0,0.0,0.0
121.109652,1788747594.048815,0.0,0.0,0.0,0.0,0.0,0.0
121.211635,1788747594.150799,0.0,0.0,0.0,0.0,0.0,0.0
121.313716,1788747594.252880,0.0,0.0,0.0,0.0,0.0,0.0
121.415654,1788747594.354817,0.0,0.0,0.0,0.0,0.0,0.0
121.517744,1788747594.456908,0.0,0.0,0.0,0.0,0.0,0.0
121.619758,1788747594.558922,0.0,0.0,0.0,0.0,0.0,0.0
121.721737,1788747594.660901,0.0,0.0,0.0,0.0,0.0,0.0
121.823789,1788747594.762953,0.0,0.0,0.0,0.0,0.0,0.0
121.925987,1788747594.865151,0.0,0.0,0.0,0.0,0.0,0.0
122.028058,1788747594.967221,0.0,0.0,0.0,0.0,0.0,0.0
122.131639,1788747595.070803,0.0,0.0,0.0,0.0,0.0,0.0
122.232904,1788747595.172068,0.0,0.0,0.0,0.0,0.0,0.0
122.335103,1788747595.274266,0.0,0.0,0.0,0.0,0.0,0.0
122.436584,1788747595.375747,0.0,0.0,0.0,0.0,0.0,0.0
122.538395,1788747595.477559,0.0,0.0,0.0,0.0,0.0,0.0
122.640377,1788747595.579541,0.0,0.0,0.0,0.0,0.0,0.0
122.742317,1788747595.681481,0.0,0.0,0.0,0.0,0.0,0.0
122.844389,1788747595.783553,0.0,0.0,0.0,0.0,0.0,0.0
122.947105,1788747595.886268,0.0,0.0,0.0,0.0,0.0,0.0
123.048459,1788747595.987623,0.0,0.0,0.0,0.0,0.0,0.0
123.150278,1788747596.089441,0.0,0.0,0.0,0.0,0.0,0.0
123.252129,1788747596.191293,0.0,0.0,0.0,0.0,0.0,0.0
123.353994,1788747596.293157,0.0,0.0,0.0,0.0,0.0,0.0
123.455899,1788747596.395063,0.0,0.0,0.0,0.0,0.0,0.0
123.557840,1788747596.497003,0.0,0.0,0.0,0.0,0.0,0.0
123.659847,1788747596.599010,0.0,0.0,0.0,0.0,0.0,0.0
123.761877,1788747596.701040,0.0,0.0,0.0,0.0,0.0,0.0
123.863969,1788747596.803133,0.0,0.0,0.0,0.0,0.0,0.0
123.965997,1788747596.905161,0.0,0.0,0.0,0.0,0.0,0.0
124.068202,1788747597.007366,0.0,0.0,0.0,0.0,0.0,0.0
124.170072,1788747597.109236,0.0,0.0,0.0,0.0,0.0,0.0
124.272029,1788747597.211193,0.0,0.0,0.0,0.0,0.0,0.0
124.373946,1788747597.313110,0.0,0.0,0.0,0.0,0.0,0.0
124.475951,1788747597.415115,0.0,0.0,0.0,0.0,0.0,0.0
124.577895,1788747597.517059,0.0,0.0,0.0,0.0,0.0,0.0
124.679802,1788747597.618966,0.0,0.0,0.0,0.0,0.0,0.0
124.781614,1788747597.720778,0.0,0.0,0.0,0.0,0.0,0.0
124.883736,1788747597.822899,0.0,0.0,0.0,0.0,0.0,0.0
124.985533,1788747597.924697,0.0,0.0,0.0,0.0,0.0,0.0
125.087513,1788747598.026677,0.0,0.0,0.0,0.0,0.0,0.0
125.189634,1788747598.128797,0.0,0.0,0.0,0.0,0.0,0.0
125.291651,1788747598.230815,0.0,0.0,0.0,0.0,0.0,0.0
125.393843,1788747598.333006,0.0,0.0,0.0,0.0,0.0,0.0
125.495873,1788747598.435036,0.0,0.0,0.0,0.0,0.0,0.0
125.597768,1788747598.536932,0.0,0.0,0.0,0.0,0.0,0.0
125.699945,1788747598.639108,0.0,0.0,0.0,0.0,0.0,0.0
125.801946,1788747598.741110,0.0,0.0,0.0,0.0,0.0,0.0
125.904315,1788747598.843479,0.0,0.0,0.0,0.0,0.0,0.0
126.006282,1788747598.945445,0.0,0.0,0.0,0.0,0.0,0.0
126.108176,1788747599.047340,0.0,0.0,0.0,0.0,0.0,0.0
126.210130,1788747599.149294,0.0,0.0,0.0,0.0,0.0,0.0
126.312868,1788747599.252032,0.0,0.0,0.0,0.0,0.0,0.0
126.414124,1788747599.353288,0.0,0.0,0.0,0.0,0.0,0.0
126.516182,1788747599.455346,0.0,0.0,0.0,0.0,0.0,0.0
126.618082,1788747599.557246,0.0,0.0,0.0,0.0,0.0,0.0
126.720141,1788747599.659305,0.0,0.0,0.0,0.0,0.0,0.0
126.822053,1788747599.761217,0.0,0.0,0.0,0.0,0.0,0.0
126.924253,1788747599.863416,0.0,0.0,0.0,0.0,0.0,0.0
127.026206,1788747599.965370,0.0,0.0,0.0,0.0,0.0,0.0
127.128213,1788747600.067377,0.0,0.0,0.0,0.0,0.0,0.0
127.230236,1788747600.169399,0.0,0.0,0.0,0.0,0.0,0.0
127.332248,1788747600.271412,0.0,0.0,0.0,0.0,0.0,0.0
127.434204,1788747600.373368,0.0,0.0,0.0,0.0,0.0,0.0
127.536197,1788747600.475361,0.0,0.0,0.0,0.0,0.0,0.0
127.638134,1788747600.577297,0.0,0.0,0.0,0.0,0.0,0.0
127.740039,1788747600.679203,0.0,0.0,0.0,0.0,0.0,0.0
127.842079,1788747600.781243,0.0,0.0,0.0,0.0,0.0,0.0
127.944192,1788747600.883356,0.0,0.0,0.0,0.0,0.0,0.0
128.046208,1788747600.985371,0.0,0.0,0.0,0.0,0.0,0.0
128.148418,1788747601.087582,0.0,0.0,0.0,0.0,0.0,0.0
128.250226,1788747601.189389,0.0,0.0,0.0,0.0,0.0,0.0
128.352188,1788747601.291352,0.0,0.0,0.0,0.0,0.0,0.0
128.453991,1788747601.393155,0.0,0.0,0.0,0.0,0.0,0.0
128.555863,1788747601.495027,0.0,0.0,0.0,0.0,0.0,0.0
128.657835,1788747601.596998,0.0,0.0,0.0,0.0,0.0,0.0
128.759669,1788747601.698833,0.0,0.0,0.0,0.0,0.0,0.0
128.861734,1788747601.800898,0.0,0.0,0.0,0.0,0.0,0.0
128.963988,1788747601.903151,0.0,0.0,0.0,0.0,0.0,0.0
129.065933,1788747602.005097,0.0,0.0,0.0,0.0,0.0,0.0
129.167866,1788747602.107030,0.0,0.0,0.0,0.0,0.0,0.0
129.269831,1788747602.208995,0.0,0.0,0.0,0.0,0.0,0.0
129.371728,1788747602.310892,0.0,0.0,0.0,0.0,0.0,0.0
129.473686,1788747602.412849,0.0,0.0,0.0,0.0,0.0,0.0
129.575652,1788747602.514816,0.0,0.0,0.0,0.0,0.0,0.0
129.677635,1788747602.616799,0.0,0.0,0.0,0.0,0.0,0.0
129.779541,1788747602.718704,0.0,0.0,0.0,0.0,0.0,0.0
129.882066,1788747602.821230,0.0,0.0,0.0,0.0,0.0,0.0
129.983500,1788747602.922663,0.0,0.0,0.0,0.0,0.0,0.0
130.085478,1788747603.024641,0.0,0.0,0.0,0.0,0.0,0.0
130.187406,1788747603.126570,0.0,0.0,0.0,0.0,0.0,0.0
130.289456,1788747603.228620,0.0,0.0,0.0,0.0,0.0,0.0
130.391476,1788747603.330640,0.0,0.0,0.0,0.0,0.0,0.0
130.493488,1788747603.432652,0.0,0.0,0.0,0.0,0.0,0.0
130.595457,1788747603.534621,0.0,0.0,0.0,0.0,0.0,0.0
130.697397,1788747603.636561,0.0,0.0,0.0,0.0,0.0,0.0
130.799325,1788747603.738488,0.0,0.0,0.0,0.0,0.0,0.0
130.901688,1788747603.840852,0.0,0.0,0.0,0.0,0.0,0.0
131.003417,1788747603.942581,0.0,0.0,0.0,0.0,0.0,0.0
131.105520,1788747604.044683,0.0,0.0,0.0,0.0,0.0,0.0
131.207323,1788747604.146487,0.0,0.0,0.0,0.0,0.0,0.0
131.309256,1788747604.248420,0.0,0.0,0.0,0.0,0.0,0.0
131.411258,1788747604.350422,0.0,0.0,0.0,0.0,0.0,0.0
131.513313,1788747604.452477,0.0,0.0,0.0,0.0,0.0,0.0
131.615472,1788747604.554635,0.0,0.0,0.0,0.0,0.0,0.0
131.717376,1788747604.656540,0.0,0.0,0.0,0.0,0.0,0.0
131.819448,1788747604.758611,0.0,0.0,0.0,0.0,0.0,0.0
131.921682,1788747604.860845,0.0,0.0,0.0,0.0,0.0,0.0
132.024036,1788747604.963200,0.0,0.0,0.0,0.0,0.0,0.0
132.125938,1788747605.065102,0.0,0.0,0.0,0.0,0.0,0.0
132.227967,1788747605.167131,0.0,0.0,0.0,0.0,0.0,0.0
132.329946,1788747605.269109,0.0,0.0,0.0,0.0,0.0,0.0
132.431958,1788747605.371122,0.0,0.0,0.0,0.0,0.0,0.0
132.533938,1788747605.473101,0.0,0.0,0.0,0.0,0.0,0.0
132.636034,1788747605.575198,0.0,0.0,0.0,0.0,0.0,0.0
132.737989,1788747605.677152,0.0,0.0,0.0,0.0,0.0,0.0
132.840891,1788747605.780054,0.0,0.0,0.0,0.0,0.0,0.0
132.942302,1788747605.881465,0.0,0.0,0.0,0.0,0.0,0.0
133.044365,1788747605.983529,0.0,0.0,0.0,0.0,0.0,0.0
133.147175,1788747606.086339,0.0,0.0,0.0,0.0,0.0,0.0
133.248496,1788747606.187660,0.0,0.0,0.0,0.0,0.0,0.0
133.350477,1788747606.289640,0.0,0.0,0.0,0.0,0.0,0.0
133.452572,1788747606.391735,0.0,0.0,0.0,0.0,0.0,0.0
133.554712,1788747606.493875,0.0,0.0,0.0,0.0,0.0,0.0
133.656780,1788747606.595944,0.0,0.0,0.0,0.0,0.0,0.0
133.758885,1788747606.698049,0.0,0.0,0.0,0.0,0.0,0.0
133.860853,1788747606.800017,0.0,0.0,0.0,0.0,0.0,0.0
133.963121,1788747606.902285,0.0,0.0,0.0,0.0,0.0,0.0
134.065115,1788747607.004279,0.0,0.0,0.0,0.0,0.0,0.0
134.167273,1788747607.106436,0.0,0.0,0.0,0.0,0.0,0.0
134.269291,1788747607.208455,0.0,0.0,0.0,0.0,0.0,0.0
134.371413,1788747607.310577,0.0,0.0,0.0,0.0,0.0,0.0
134.473301,1788747607.412465,0.0,0.0,0.0,0.0,0.0,0.0
134.575341,1788747607.514504,0.0,0.0,0.0,0.0,0.0,0.0
134.677349,1788747607.616513,0.0,0.0,0.0,0.0,0.0,0.0
134.779576,1788747607.718740,0.0,0.0,0.0,0.0,0.0,0.0
134.881856,1788747607.821020,0.0,0.0,0.0,0.0,0.0,0.0
134.983770,1788747607.922933,0.0,0.0,0.0,0.0,0.0,0.0
135.085831,1788747608.024995,0.0,0.0,0.0,0.0,0.0,0.0
135.187810,1788747608.126974,0.0,0.0,0.0,0.0,0.0,0.0
135.289877,1788747608.229041,0.0,0.0,0.0,0.0,0.0,0.0
135.391963,1788747608.331127,0.0,0.0,0.0,0.0,0.0,0.0
135.493970,1788747608.433133,0.0,0.0,0.0,0.0,0.0,0.0
135.595992,1788747608.535156,0.0,0.0,0.0,0.0,0.0,0.0
135.698040,1788747608.637203,0.0,0.0,0.0,0.0,0.0,0.0
135.799935,1788747608.739099,0.0,0.0,0.0,0.0,0.0,0.0
135.902053,1788747608.841217,0.0,0.0,0.0,0.0,0.0,0.0
136.003902,1788747608.943066,0.0,0.0,0.0,0.0,0.0,0.0
136.105781,1788747609.044945,0.0,0.0,0.0,0.0,0.0,0.0
136.207626,1788747609.146790,0.0,0.0,0.0,0.0,0.0,0.0
136.309584,1788747609.248748,0.0,0.0,0.0,0.0,0.0,0.0
136.412462,1788747609.351625,0.0,0.0,0.0,0.0,0.0,0.0
136.514327,1788747609.453491,0.0,0.0,0.0,0.0,0.0,0.0
136.615488,1788747609.554651,0.0,0.0,0.0,0.0,0.0,0.0
136.717314,1788747609.656477,0.0,0.0,0.0,0.0,0.0,0.0
136.819205,1788747609.758369,0.0,0.0,0.0,0.0,0.0,0.0
136.921371,1788747609.860535,0.0,0.0,0.0,0.0,0.0,0.0
137.023306,1788747609.962469,0.0,0.0,0.0,0.0,0.0,0.0
137.125447,1788747610.064611,0.0,0.0,0.0,0.0,0.0,0.0
137.227510,1788747610.166674,0.0,0.0,0.0,0.0,0.0,0.0
137.329605,1788747610.268769,0.0,0.0,0.0,0.0,0.0,0.0
137.431641,1788747610.370805,0.0,0.0,0.0,0.0,0.0,0.0
137.533744,1788747610.472907,0.0,0.0,0.0,0.0,0.0,0.0
137.635815,1788747610.574978,0.0,0.0,0.0,0.0,0.0,0.0
137.737814,1788747610.676978,0.0,0.0,0.0,0.0,0.0,0.0
137.839968,1788747610.779131,0.0,0.0,0.0,0.0,0.0,0.0
137.942361,1788747610.881524,0.0,0.0,0.0,0.0,0.0,0.0
138.044329,1788747610.983493,0.0,0.0,0.0,0.0,0.0,0.0
138.146302,1788747611.085466,0.0,0.0,0.0,0.0,0.0,0.0
138.248319,1788747611.187483,0.0,0.0,0.0,0.0,0.0,0.0
138.350288,1788747611.289452,0.0,0.0,0.0,0.0,0.0,0.0
138.452270,1788747611.391434,0.0,0.0,0.0,0.0,0.0,0.0
138.554330,1788747611.493494,0.0,0.0,0.0,0.0,0.0,0.0
138.656291,1788747611.595454,0.0,0.0,0.0,0.0,0.0,0.0
138.758787,1788747611.697950,0.0,0.0,0.0,0.0,0.0,0.0
138.860392,1788747611.799556,0.0,0.0,0.0,0.0,0.0,0.0
138.962367,1788747611.901531,0.0,0.0,0.0,0.0,0.0,0.0
139.064393,1788747612.003556,0.0,0.0,0.0,0.0,0.0,0.0
139.166337,1788747612.105501,0.0,0.0,0.0,0.0,0.0,0.0
139.268352,1788747612.207515,0.0,0.0,0.0,0.0,0.0,0.0
139.370312,1788747612.309475,0.0,0.0,0.0,0.0,0.0,0.0
139.472319,1788747612.411483,0.0,0.0,0.0,0.0,0.0,0.0
139.574278,1788747612.513441,0.0,0.0,0.0,0.0,0.0,0.0
139.677155,1788747612.616318,0.0,0.0,0.0,0.0,0.0,0.0
139.778233,1788747612.717397,0.0,0.0,0.0,0.0,0.0,0.0
139.880269,1788747612.819433,0.0,0.0,0.0,0.0,0.0,0.0
139.982258,1788747612.921422,0.0,0.0,0.0,0.0,0.0,0.0
140.084234,1788747613.023398,0.0,0.0,0.0,0.0,0.0,0.0
140.186331,1788747613.125494,0.0,0.0,0.0,0.0,0.0,0.0
140.288348,1788747613.227512,0.0,0.0,0.0,0.0,0.0,0.0
140.390446,1788747613.329610,0.0,0.0,0.0,0.0,0.0,0.0
140.492466,1788747613.431629,0.0,0.0,0.0,0.0,0.0,0.0
140.594392,1788747613.533556,0.0,0.0,0.0,0.0,0.0,0.0
140.696411,1788747613.635575,0.0,0.0,0.0,0.0,0.0,0.0
140.798344,1788747613.737508,0.0,0.0,0.0,0.0,0.0,0.0
140.900612,1788747613.839775,0.0,0.0,0.0,0.0,0.0,0.0
141.002409,1788747613.941572,0.0,0.0,0.0,0.0,0.0,0.0
141.104301,1788747614.043465,0.0,0.0,0.0,0.0,0.0,0.0
141.206189,1788747614.145353,0.0,0.0,0.0,0.0,0.0,0.0
141.308126,1788747614.247290,0.0,0.0,0.0,0.0,0.0,0.0
141.410059,1788747614.349223,0.0,0.0,0.0,0.0,0.0,0.0
141.512177,1788747614.451341,0.0,0.0,0.0,0.0,0.0,0.0
141.614236,1788747614.553400,0.0,0.0,0.0,0.0,0.0,0.0
141.716294,1788747614.655458,0.0,0.0,0.0,0.0,0.0,0.0
141.818298,1788747614.757462,0.0,0.0,0.0,0.0,0.0,0.0
141.921037,1788747614.860201,0.0,0.0,0.0,0.0,0.0,0.0
142.022500,1788747614.961664,0.0,0.0,0.0,0.0,0.0,0.0
142.124595,1788747615.063759,0.0,0.0,0.0,0.0,0.0,0.0
142.226427,1788747615.165591,0.0,0.0,0.0,0.0,0.0,0.0
142.328310,1788747615.267474,0.0,0.0,0.0,0.0,0.0,0.0
142.430232,1788747615.369396,0.0,0.0,0.0,0.0,0.0,0.0
142.532223,1788747615.471386,0.0,0.0,0.0,0.0,0.0,0.0
142.634161,1788747615.573324,0.0,0.0,0.0,0.0,0.0,0.0
142.736581,1788747615.675744,0.0,0.0,0.0,0.0,0.0,0.0
142.838353,1788747615.777517,0.0,0.0,0.0,0.0,0.0,0.0
142.940369,1788747615.879533,0.0,0.0,0.0,0.0,0.0,0.0
143.042398,1788747615.981562,0.0,0.0,0.0,0.0,0.0,0.0
143.144786,1788747616.083949,0.0,0.0,0.0,0.0,0.0,0.0
143.248207,1788747616.187371,0.0,0.0,0.0,0.0,0.0,0.0
143.351694,1788747616.290858,0.0,0.0,0.0,0.0,0.0,0.0
143.453400,1788747616.392563,0.0,0.0,0.0,0.0,0.0,0.0
143.555689,1788747616.494853,0.0,0.0,0.0,0.0,0.0,0.0
143.657288,1788747616.596452,0.0,0.0,0.0,0.0,0.0,0.0
143.759255,1788747616.698419,0.0,0.0,0.0,0.0,0.0,0.0
143.861704,1788747616.800867,0.0,0.0,0.0,0.0,0.0,0.0
143.964920,1788747616.904084,0.0,0.0,0.0,0.0,0.0,0.0
144.067130,1788747617.006294,0.0,0.0,0.0,0.0,0.0,0.0
144.171900,1788747617.111063,0.0,0.0,0.0,0.0,0.0,0.0
144.274540,1788747617.213703,0.0,0.0,0.0,0.0,0.0,0.0
144.378563,1788747617.317726,0.0,0.0,0.0,0.0,0.0,0.0
144.479272,1788747617.418436,0.0,0.0,0.0,0.0,0.0,0.0
144.580821,1788747617.519984,0.0,0.0,0.0,0.0,0.0,0.0
144.683060,1788747617.622224,0.0,0.0,0.0,0.0,0.0,0.0
144.784530,1788747617.723694,0.0,0.0,0.0,0.0,0.0,0.0
144.886582,1788747617.825746,0.0,0.0,0.0,0.0,0.0,0.0
144.987998,1788747617.927161,0.0,0.0,0.0,0.0,0.0,0.0
145.089671,1788747618.028835,0.0,0.0,0.0,0.0,0.0,0.0
145.192321,1788747618.131485,0.0,0.0,0.0,0.0,0.0,0.0
145.293932,1788747618.233096,0.0,0.0,0.0,0.0,0.0,0.0
145.395649,1788747618.334813,0.0,0.0,0.0,0.0,0.0,0.0
145.497235,1788747618.436399,0.0,0.0,0.0,0.0,0.0,0.0
145.598799,1788747618.537962,0.0,0.0,0.0,0.0,0.0,0.0
145.700425,1788747618.639589,0.0,0.0,0.0,0.0,0.0,0.0
145.802003,1788747618.741167,0.0,0.0,0.0,0.0,0.0,0.0
145.903858,1788747618.843022,0.0,0.0,0.0,0.0,0.0,0.0
146.005838,1788747618.945001,0.0,0.0,0.0,0.0,0.0,0.0
146.107134,1788747619.046298,0.0,0.0,0.0,0.0,0.0,0.0
146.208564,1788747619.147728,0.0,0.0,0.0,0.0,0.0,0.0
146.310073,1788747619.249237,0.0,0.0,0.0,0.0,0.0,0.0
146.412088,1788747619.351252,0.0,0.0,0.0,0.0,0.0,0.0
146.513405,1788747619.452568,0.0,0.0,0.0,0.0,0.0,0.0
146.614851,1788747619.554014,0.0,0.0,0.0,0.0,0.0,0.0
146.716392,1788747619.655556,0.0,0.0,0.0,0.0,0.0,0.0
146.818027,1788747619.757191,0.0,0.0,0.0,0.0,0.0,0.0
146.919830,1788747619.858994,0.0,0.0,0.0,0.0,0.0,0.0
147.021465,1788747619.960629,0.0,0.0,0.0,0.0,0.0,0.0
147.123150,1788747620.062314,0.0,0.0,0.0,0.0,0.0,0.0
147.224795,1788747620.163959,0.0,0.0,0.0,0.0,0.0,0.0
147.326449,1788747620.265613,0.0,0.0,0.0,0.0,0.0,0.0
147.428144,1788747620.367308,0.0,0.0,0.0,0.0,0.0,0.0
147.529765,1788747620.468928,0.0,0.0,0.0,0.0,0.0,0.0
147.631428,1788747620.570591,0.0,0.0,0.0,0.0,0.0,0.0
147.733110,1788747620.672274,0.0,0.0,0.0,0.0,0.0,0.0
147.834773,1788747620.773937,0.0,0.0,0.0,0.0,0.0,0.0
147.936612,1788747620.875776,0.0,0.0,0.0,0.0,0.0,0.0
148.038234,1788747620.977398,0.0,0.0,0.0,0.0,0.0,0.0
148.139862,1788747621.079026,0.0,0.0,0.0,0.0,0.0,0.0
148.241516,1788747621.180680,0.0,0.0,0.0,0.0,0.0,0.0
148.343140,1788747621.282304,0.0,0.0,0.0,0.0,0.0,0.0
148.445510,1788747621.384674,0.0,0.0,0.0,0.0,0.0,0.0
148.547523,1788747621.486687,0.0,0.0,0.0,0.0,0.0,0.0
148.649593,1788747621.588756,0.0,0.0,0.0,0.0,0.0,0.0
148.751579,1788747621.690743,0.0,0.0,0.0,0.0,0.0,0.0
148.853741,1788747621.792905,0.0,0.0,0.0,0.0,0.0,0.0
148.956034,1788747621.895198,0.0,0.0,0.0,0.0,0.0,0.0
149.057961,1788747621.997124,0.0,0.0,0.0,0.0,0.0,0.0
149.160223,1788747622.099387,0.0,0.0,0.0,0.0,0.0,0.0
149.262372,1788747622.201536,0.0,0.0,0.0,0.0,0.0,0.0
149.365426,1788747622.304589,0.0,0.0,0.0,0.0,0.0,0.0
149.467136,1788747622.406300,0.0,0.0,0.0,0.0,0.0,0.0
149.568696,1788747622.507860,0.0,0.0,0.0,0.0,0.0,0.0
149.670825,1788747622.609988,0.0,0.0,0.0,0.0,0.0,0.0
149.773010,1788747622.712173,0.0,0.0,0.0,0.0,0.0,0.0
149.875284,1788747622.814448,0.0,0.0,0.0,0.0,0.0,0.0
149.977266,1788747622.916430,0.0,0.0,0.0,0.0,0.0,0.0
150.079350,1788747623.018513,0.0,0.0,0.0,0.0,0.0,0.0
150.181180,1788747623.120343,0.0,0.0,0.0,0.0,0.0,0.0
150.283020,1788747623.222183,0.0,0.0,0.0,0.0,0.0,0.0
150.384899,1788747623.324062,0.0,0.0,0.0,0.0,0.0,0.0
150.486990,1788747623.426154,0.0,0.0,0.0,0.0,0.0,0.0
150.790470,1788747623.729634,0.0,0.0,0.0,0.0,0.0,0.0
150.891469,1788747623.830633,0.0,0.0,0.0,0.0,0.0,0.0
150.993654,1788747623.932818,0.0,0.0,0.0,0.0,0.0,0.0
151.095012,1788747624.034176,0.0,0.0,0.0,0.0,0.0,0.0
151.196785,1788747624.135949,0.0,0.0,0.0,0.0,0.0,0.0
151.298567,1788747624.237731,0.0,0.0,0.0,0.0,0.0,0.0
151.400366,1788747624.339530,0.0,0.0,0.0,0.0,0.0,0.0
151.502156,1788747624.441320,0.0,0.0,0.0,0.0,0.0,0.0
151.603951,1788747624.543115,0.0,0.0,0.0,0.0,0.0,0.0
151.705740,1788747624.644904,0.0,0.0,0.0,0.0,0.0,0.0
151.807512,1788747624.746675,0.0,0.0,0.0,0.0,0.0,0.0
151.909327,1788747624.848490,0.0,0.0,0.0,0.0,0.0,0.0
152.011078,1788747624.950242,0.0,0.0,0.0,0.0,0.0,0.0
152.112918,1788747625.052082,0.0,0.0,0.0,0.0,0.0,0.0
152.214733,1788747625.153897,0.0,0.0,0.0,0.0,0.0,0.0
152.316527,1788747625.255691,0.0,0.0,0.0,0.0,0.0,0.0
152.419164,1788747625.358328,0.0,0.0,0.0,0.0,0.0,0.0
152.520102,1788747625.459265,0.0,0.0,0.0,0.0,0.0,0.0
152.621874,1788747625.561038,0.0,0.0,0.0,0.0,0.0,0.0
152.723721,1788747625.662885,0.0,0.0,0.0,0.0,0.0,0.0
152.825544,1788747625.764708,0.0,0.0,0.0,0.0,0.0,0.0
152.927338,1788747625.866501,0.0,0.0,0.0,0.0,0.0,0.0
153.029165,1788747625.968329,0.0,0.0,0.0,0.0,0.0,0.0
153.130955,1788747626.070119,0.0,0.0,0.0,0.0,0.0,0.0
153.232947,1788747626.172111,0.0,0.0,0.0,0.0,0.0,0.0
153.335388,1788747626.274552,0.0,0.0,0.0,0.0,0.0,0.0
153.436345,1788747626.375509,0.0,0.0,0.0,0.0,0.0,0.0
153.538132,1788747626.477295,0.0,0.0,0.0,0.0,0.0,0.0
153.639927,1788747626.579090,0.0,0.0,0.0,0.0,0.0,0.0
153.741754,1788747626.680918,0.0,0.0,0.0,0.0,0.0,0.0
153.844152,1788747626.783316,0.0,0.0,0.0,0.0,0.0,0.0
153.945334,1788747626.884498,0.0,0.0,0.0,0.0,0.0,0.0
154.047064,1788747626.986228,0.0,0.0,0.0,0.0,0.0,0.0
154.148835,1788747627.087999,0.0,0.0,0.0,0.0,0.0,0.0
154.250605,1788747627.189769,0.0,0.0,0.0,0.0,0.0,0.0
154.352413,1788747627.291576,0.0,0.0,0.0,0.0,0.0,0.0
154.454201,1788747627.393365,0.0,0.0,0.0,0.0,0.0,0.0
154.556032,1788747627.495196,0.0,0.0,0.0,0.0,0.0,0.0
154.658469,1788747627.597633,0.0,0.0,0.0,0.0,0.0,0.0
154.759748,1788747627.698911,0.0,0.0,0.0,0.0,0.0,0.0
154.861708,1788747627.800871,0.0,0.0,0.0,0.0,0.0,0.0
154.963617,1788747627.902781,0.0,0.0,0.0,0.0,0.0,0.0
155.065511,1788747628.004675,0.0,0.0,0.0,0.0,0.0,0.0
155.167364,1788747628.106528,0.0,0.0,0.0,0.0,0.0,0.0
155.269232,1788747628.208395,0.0,0.0,0.0,0.0,0.0,0.0
155.371075,1788747628.310239,0.0,0.0,0.0,0.0,0.0,0.0
155.472979,1788747628.412143,0.0,0.0,0.0,0.0,0.0,0.0
155.574824,1788747628.513988,0.0,0.0,0.0,0.0,0.0,0.0
155.676671,1788747628.615835,0.0,0.0,0.0,0.0,0.0,0.0
155.778501,1788747628.717665,0.0,0.0,0.0,0.0,0.0,0.0
155.880358,1788747628.819522,0.0,0.0,0.0,0.0,0.0,0.0
155.982261,1788747628.921425,0.0,0.0,0.0,0.0,0.0,0.0
156.084128,1788747629.023292,0.0,0.0,0.0,0.0,0.0,0.0
156.186029,1788747629.125193,0.0,0.0,0.0,0.0,0.0,0.0
156.287893,1788747629.227056,0.0,0.0,0.0,0.0,0.0,0.0
156.389760,1788747629.328923,0.0,0.0,0.0,0.0,0.0,0.0
156.491602,1788747629.430766,0.0,0.0,0.0,0.0,0.0,0.0
156.593540,1788747629.532703,0.0,0.0,0.0,0.0,0.0,0.0
156.695390,1788747629.634554,0.0,0.0,0.0,0.0,0.0,0.0
156.797280,1788747629.736444,0.0,0.0,0.0,0.0,0.0,0.0
156.899137,1788747629.838301,0.0,0.0,0.0,0.0,0.0,0.0
157.000881,1788747629.940045,0.0,0.0,0.0,0.0,0.0,0.0
157.102678,1788747630.041841,0.0,0.0,0.0,0.0,0.0,0.0
157.204527,1788747630.143691,0.0,0.0,0.0,0.0,0.0,0.0
157.306315,1788747630.245479,0.0,0.0,0.0,0.0,0.0,0.0
157.408103,1788747630.347267,0.0,0.0,0.0,0.0,0.0,0.0
157.509963,1788747630.449126,0.0,0.0,0.0,0.0,0.0,0.0
157.611763,1788747630.550927,0.0,0.0,0.0,0.0,0.0,0.0
157.713657,1788747630.652821,0.0,0.0,0.0,0.0,0.0,0.0
157.815508,1788747630.754672,0.0,0.0,0.0,0.0,0.0,0.0
157.917425,1788747630.856589,0.0,0.0,0.0,0.0,0.0,0.0
158.019214,1788747630.958377,0.0,0.0,0.0,0.0,0.0,0.0
158.121058,1788747631.060221,0.0,0.0,0.0,0.0,0.0,0.0
158.222914,1788747631.162078,0.0,0.0,0.0,0.0,0.0,0.0
158.325078,1788747631.264241,0.0,0.0,0.0,0.0,0.0,0.0
158.427736,1788747631.366899,0.0,0.0,0.0,0.0,0.0,0.0
158.529263,1788747631.468427,0.0,0.0,0.0,0.0,0.0,0.0
158.630698,1788747631.569862,0.0,0.0,0.0,0.0,0.0,0.0
158.733562,1788747631.672725,0.0,0.0,0.0,0.0,0.0,0.0
158.835511,1788747631.774674,0.0,0.0,0.0,0.0,0.0,0.0
158.938076,1788747631.877240,0.0,0.0,0.0,0.0,0.0,0.0
159.040034,1788747631.979198,0.0,0.0,0.0,0.0,0.0,0.0
159.142039,1788747632.081202,0.0,0.0,0.0,0.0,0.0,0.0
159.248148,1788747632.187312,0.0,0.0,0.0,0.0,0.0,0.0
159.353103,1788747632.292267,0.0,0.0,0.0,0.0,0.0,0.0
159.458339,1788747632.397503,0.0,0.0,0.0,0.0,0.0,0.0
159.559728,1788747632.498892,0.0,0.0,0.0,0.0,0.0,0.0
159.661094,1788747632.600258,0.0,0.0,0.0,0.0,0.0,0.0
159.762501,1788747632.701664,0.0,0.0,0.0,0.0,0.0,0.0
159.863870,1788747632.803034,0.0,0.0,0.0,0.0,0.0,0.0
159.965774,1788747632.904937,0.0,0.0,0.0,0.0,0.0,0.0
160.067362,1788747633.006526,0.0,0.0,0.0,0.0,0.0,0.0
160.168834,1788747633.107998,0.0,0.0,0.0,0.0,0.0,0.0
160.270318,1788747633.209482,0.0,0.0,0.0,0.0,0.0,0.0
160.372269,1788747633.311433,0.0,0.0,0.0,0.0,0.0,0.0
160.473832,1788747633.412996,0.0,0.0,0.0,0.0,0.0,0.0
160.575253,1788747633.514417,0.0,0.0,0.0,0.0,0.0,0.0
160.676653,1788747633.615816,0.0,0.0,0.0,0.0,0.0,0.0
160.778067,1788747633.717230,0.0,0.0,0.0,0.0,0.0,0.0
160.879488,1788747633.818651,0.0,0.0,0.0,0.0,0.0,0.0
160.980936,1788747633.920099,0.0,0.0,0.0,0.0,0.0,0.0
161.082323,1788747634.021487,0.0,0.0,0.0,0.0,0.0,0.0
161.183779,1788747634.122943,0.0,0.0,0.0,0.0,0.0,0.0
161.285160,1788747634.224323,0.0,0.0,0.0,0.0,0.0,0.0
161.386772,1788747634.325936,0.0,0.0,0.0,0.0,0.0,0.0
161.488411,1788747634.427575,0.0,0.0,0.0,0.0,0.0,0.0
161.590138,1788747634.529302,0.0,0.0,0.0,0.0,0.0,0.0
161.691782,1788747634.630946,0.0,0.0,0.0,0.0,0.0,0.0
161.793560,1788747634.732723,0.0,0.0,0.0,0.0,0.0,0.0
161.895571,1788747634.834734,0.0,0.0,0.0,0.0,0.0,0.0
161.997161,1788747634.936325,0.0,0.0,0.0,0.0,0.0,0.0
162.098750,1788747635.037913,0.0,0.0,0.0,0.0,0.0,0.0
162.200377,1788747635.139541,0.0,0.0,0.0,0.0,0.0,0.0
162.301976,1788747635.241140,0.0,0.0,0.0,0.0,0.0,0.0
162.403584,1788747635.342747,0.0,0.0,0.0,0.0,0.0,0.0
162.505236,1788747635.444400,0.0,0.0,0.0,0.0,0.0,0.0
162.606815,1788747635.545979,0.0,0.0,0.0,0.0,0.0,0.0
162.708487,1788747635.647650,0.0,0.0,0.0,0.0,0.0,0.0
162.810499,1788747635.749663,0.0,0.0,0.0,0.0,0.0,0.0
162.912467,1788747635.851631,0.0,0.0,0.0,0.0,0.0,0.0
163.013408,1788747635.952572,0.0,0.0,0.0,0.0,0.0,0.0
163.115069,1788747636.054232,0.0,0.0,0.0,0.0,0.0,0.0
163.216770,1788747636.155934,0.0,0.0,0.0,0.0,0.0,0.0
163.318410,1788747636.257573,0.0,0.0,0.0,0.0,0.0,0.0
163.420079,1788747636.359242,0.0,0.0,0.0,0.0,0.0,0.0
163.521600,1788747636.460763,0.0,0.0,0.0,0.0,0.0,0.0
163.624211,1788747636.563375,0.0,0.0,0.0,0.0,0.0,0.0
163.726149,1788747636.665313,0.0,0.0,0.0,0.0,0.0,0.0
163.828175,1788747636.767338,0.0,0.0,0.0,0.0,0.0,0.0
163.930299,1788747636.869463,0.0,0.0,0.0,0.0,0.0,0.0
164.032378,1788747636.971542,0.0,0.0,0.0,0.0,0.0,0.0
164.134522,1788747637.073686,0.0,0.0,0.0,0.0,0.0,0.0
164.236362,1788747637.175526,0.0,0.0,0.0,0.0,0.0,0.0
164.338344,1788747637.277508,0.0,0.0,0.0,0.0,0.0,0.0
164.440501,1788747637.379665,0.0,0.0,0.0,0.0,0.0,0.0
164.542459,1788747637.481623,0.0,0.0,0.0,0.0,0.0,0.0
164.644538,1788747637.583702,0.0,0.0,0.0,0.0,0.0,0.0
164.746508,1788747637.685671,0.0,0.0,0.0,0.0,0.0,0.0
164.849323,1788747637.788486,0.0,0.0,0.0,0.0,0.0,0.0
164.950844,1788747637.890008,0.0,0.0,0.0,0.0,0.0,0.0
165.052674,1788747637.991838,0.0,0.0,0.0,0.0,0.0,0.0
165.154628,1788747638.093792,0.0,0.0,0.0,0.0,0.0,0.0
165.256654,1788747638.195818,0.0,0.0,0.0,0.0,0.0,0.0
165.358654,1788747638.297817,0.0,0.0,0.0,0.0,0.0,0.0
165.460694,1788747638.399858,0.0,0.0,0.0,0.0,0.0,0.0
165.562792,1788747638.501955,0.0,0.0,0.0,0.0,0.0,0.0
165.664848,1788747638.604012,0.0,0.0,0.0,0.0,0.0,0.0
165.766842,1788747638.706006,0.0,0.0,0.0,0.0,0.0,0.0
165.868932,1788747638.808096,0.0,0.0,0.0,0.0,0.0,0.0
165.971075,1788747638.910238,0.0,0.0,0.0,0.0,0.0,0.0
166.073193,1788747639.012356,0.0,0.0,0.0,0.0,0.0,0.0
166.175144,1788747639.114308,0.0,0.0,0.0,0.0,0.0,0.0
166.277182,1788747639.216345,0.0,0.0,0.0,0.0,0.0,0.0
166.379205,1788747639.318369,0.0,0.0,0.0,0.0,0.0,0.0
166.481220,1788747639.420384,0.0,0.0,0.0,0.0,0.0,0.0
166.583195,1788747639.522358,0.0,0.0,0.0,0.0,0.0,0.0
166.685065,1788747639.624229,0.0,0.0,0.0,0.0,0.0,0.0
166.786962,1788747639.726125,0.0,0.0,0.0,0.0,0.0,0.0
166.889323,1788747639.828487,0.0,0.0,0.0,0.0,0.0,0.0
166.991076,1788747639.930240,0.0,0.0,0.0,0.0,0.0,0.0
167.093122,1788747640.032286,0.0,0.0,0.0,0.0,0.0,0.0
167.195056,1788747640.134219,0.0,0.0,0.0,0.0,0.0,0.0
167.297054,1788747640.236218,0.0,0.0,0.0,0.0,0.0,0.0
167.399147,1788747640.338311,0.0,0.0,0.0,0.0,0.0,0.0
167.501121,1788747640.440284,0.0,0.0,0.0,0.0,0.0,0.0
167.603009,1788747640.542172,0.0,0.0,0.0,0.0,0.0,0.0
167.704952,1788747640.644115,0.0,0.0,0.0,0.0,0.0,0.0
167.806919,1788747640.746082,0.0,0.0,0.0,0.0,0.0,0.0
167.909104,1788747640.848268,0.0,0.0,0.0,0.0,0.0,0.0
168.010981,1788747640.950144,0.0,0.0,0.0,0.0,0.0,0.0
168.113573,1788747641.052737,0.0,0.0,0.0,0.0,0.0,0.0
168.215417,1788747641.154581,0.0,0.0,0.0,0.0,0.0,0.0
168.317214,1788747641.256378,0.0,0.0,0.0,0.0,0.0,0.0
168.419221,1788747641.358384,0.0,0.0,0.0,0.0,0.0,0.0
168.521269,1788747641.460432,0.0,0.0,0.0,0.0,0.0,0.0
168.623288,1788747641.562452,0.0,0.0,0.0,0.0,0.0,0.0
168.725409,1788747641.664573,0.0,0.0,0.0,0.0,0.0,0.0
168.827519,1788747641.766683,0.0,0.0,0.0,0.0,0.0,0.0
168.929871,1788747641.869035,0.0,0.0,0.0,0.0,0.0,0.0
169.032039,1788747641.971203,0.0,0.0,0.0,0.0,0.0,0.0
169.133950,1788747642.073114,0.0,0.0,0.0,0.0,0.0,0.0
169.235939,1788747642.175102,0.0,0.0,0.0,0.0,0.0,0.0
169.337988,1788747642.277152,0.0,0.0,0.0,0.0,0.0,0.0
169.440146,1788747642.379310,0.0,0.0,0.0,0.0,0.0,0.0
169.542739,1788747642.481902,0.0,0.0,0.0,0.0,0.0,0.0
169.644089,1788747642.583253,0.0,0.0,0.0,0.0,0.0,0.0
169.746215,1788747642.685379,0.0,0.0,0.0,0.0,0.0,0.0
169.848106,1788747642.787270,0.0,0.0,0.0,0.0,0.0,0.0
169.950243,1788747642.889407,0.0,0.0,0.0,0.0,0.0,0.0
170.052133,1788747642.991297,0.0,0.0,0.0,0.0,0.0,0.0
170.154254,1788747643.093418,0.0,0.0,0.0,0.0,0.0,0.0
170.256264,1788747643.195427,0.0,0.0,0.0,0.0,0.0,0.0
170.359083,1788747643.298247,0.0,0.0,0.0,0.0,0.0,0.0
170.460778,1788747643.399941,0.0,0.0,0.0,0.0,0.0,0.0
170.564077,1788747643.503240,0.0,0.0,0.0,0.0,0.0,0.0
170.666239,1788747643.605403,0.0,0.0,0.0,0.0,0.0,0.0
170.767236,1788747643.706399,0.0,0.0,0.0,0.0,0.0,0.0
170.869064,1788747643.808227,0.0,0.0,0.0,0.0,0.0,0.0
170.971058,1788747643.910222,0.0,0.0,0.0,0.0,0.0,0.0
171.073197,1788747644.012361,0.0,0.0,0.0,0.0,0.0,0.0
171.175241,1788747644.114404,0.0,0.0,0.0,0.0,0.0,0.0
171.277323,1788747644.216487,0.0,0.0,0.0,0.0,0.0,0.0
171.379393,1788747644.318557,0.0,0.0,0.0,0.0,0.0,0.0
171.481458,1788747644.420622,0.0,0.0,0.0,0.0,0.0,0.0
171.583501,1788747644.522665,0.0,0.0,0.0,0.0,0.0,0.0
171.685552,1788747644.624716,0.0,0.0,0.0,0.0,0.0,0.0
171.787599,1788747644.726763,0.0,0.0,0.0,0.0,0.0,0.0
171.890073,1788747644.829237,0.0,0.0,0.0,0.0,0.0,0.0
171.991901,1788747644.931065,0.0,0.0,0.0,0.0,0.0,0.0
172.093952,1788747645.033116,0.0,0.0,0.0,0.0,0.0,0.0
172.195973,1788747645.135137,0.0,0.0,0.0,0.0,0.0,0.0
172.297968,1788747645.237132,0.0,0.0,0.0,0.0,0.0,0.0
172.400041,1788747645.339204,0.0,0.0,0.0,0.0,0.0,0.0
172.502083,1788747645.441247,0.0,0.0,0.0,0.0,0.0,0.0
172.604115,1788747645.543278,0.0,0.0,0.0,0.0,0.0,0.0
172.706151,1788747645.645315,0.0,0.0,0.0,0.0,0.0,0.0
172.809349,1788747645.748513,0.0,0.0,0.0,0.0,0.0,0.0
172.910495,1788747645.849659,0.0,0.0,0.0,0.0,0.0,0.0
173.012613,1788747645.951777,0.0,0.0,0.0,0.0,0.0,0.0
173.114782,1788747646.053946,0.0,0.0,0.0,0.0,0.0,0.0
173.216797,1788747646.155960,0.0,0.0,0.0,0.0,0.0,0.0
173.318963,1788747646.258126,0.0,0.0,0.0,0.0,0.0,0.0
173.421030,1788747646.360193,0.0,0.0,0.0,0.0,0.0,0.0
173.523077,1788747646.462240,0.0,0.0,0.0,0.0,0.0,0.0
173.625155,1788747646.564319,0.0,0.0,0.0,0.0,0.0,0.0
173.727223,1788747646.666387,0.0,0.0,0.0,0.0,0.0,0.0
173.829339,1788747646.768502,0.0,0.0,0.0,0.0,0.0,0.0
173.932050,1788747646.871214,0.0,0.0,0.0,0.0,0.0,0.0
174.033686,1788747646.972850,0.0,0.0,0.0,0.0,0.0,0.0
174.135611,1788747647.074775,0.0,0.0,0.0,0.0,0.0,0.0
174.237656,1788747647.176820,0.0,0.0,0.0,0.0,0.0,0.0
174.339553,1788747647.278717,0.0,0.0,0.0,0.0,0.0,0.0
174.442079,1788747647.381242,0.0,0.0,0.0,0.0,0.0,0.0
174.544279,1788747647.483443,0.0,0.0,0.0,0.0,0.0,0.0
174.647662,1788747647.586826,0.0,0.0,0.0,0.0,0.0,0.0
174.750156,1788747647.689320,0.0,0.0,0.0,0.0,0.0,0.0
174.852013,1788747647.791177,0.0,0.0,0.0,0.0,0.0,0.0
174.955496,1788747647.894660,0.0,0.0,0.0,0.0,0.0,0.0
175.060889,1788747648.000053,0.0,0.0,0.0,0.0,0.0,0.0
175.163833,1788747648.102997,0.0,0.0,0.0,0.0,0.0,0.0
175.265684,1788747648.204848,0.0,0.0,0.0,0.0,0.0,0.0
175.367502,1788747648.306666,0.0,0.0,0.0,0.0,0.0,0.0
175.469330,1788747648.408494,0.0,0.0,0.0,0.0,0.0,0.0
175.571123,1788747648.510286,0.0,0.0,0.0,0.0,0.0,0.0
175.672912,1788747648.612075,0.0,0.0,0.0,0.0,0.0,0.0
175.774712,1788747648.713875,0.0,0.0,0.0,0.0,0.0,0.0
175.876560,1788747648.815723,0.0,0.0,0.0,0.0,0.0,0.0
175.978290,1788747648.917454,0.0,0.0,0.0,0.0,0.0,0.0
176.080097,1788747649.019260,0.0,0.0,0.0,0.0,0.0,0.0
176.181893,1788747649.121057,0.0,0.0,0.0,0.0,0.0,0.0
176.283689,1788747649.222852,0.0,0.0,0.0,0.0,0.0,0.0
176.385493,1788747649.324657,0.0,0.0,0.0,0.0,0.0,0.0
176.487278,1788747649.426442,0.0,0.0,0.0,0.0,0.0,0.0
176.589085,1788747649.528249,0.0,0.0,0.0,0.0,0.0,0.0
176.690912,1788747649.630076,0.0,0.0,0.0,0.0,0.0,0.0
176.792772,1788747649.731936,0.0,0.0,0.0,0.0,0.0,0.0
176.894630,1788747649.833794,0.0,0.0,0.0,0.0,0.0,0.0
176.996397,1788747649.935561,0.0,0.0,0.0,0.0,0.0,0.0
177.098171,1788747650.037335,0.0,0.0,0.0,0.0,0.0,0.0
177.199951,1788747650.139114,0.0,0.0,0.0,0.0,0.0,0.0
177.301882,1788747650.241045,0.0,0.0,0.0,0.0,0.0,0.0
177.403897,1788747650.343061,0.0,0.0,0.0,0.0,0.0,0.0
177.505917,1788747650.445081,0.0,0.0,0.0,0.0,0.0,0.0
177.607960,1788747650.547123,0.0,0.0,0.0,0.0,0.0,0.0
177.709948,1788747650.649111,0.0,0.0,0.0,0.0,0.0,0.0
177.812126,1788747650.751290,0.0,0.0,0.0,0.0,0.0,0.0
177.914390,1788747650.853554,0.0,0.0,0.0,0.0,0.0,0.0
178.016404,1788747650.955568,0.0,0.0,0.0,0.0,0.0,0.0
178.118419,1788747651.057583,0.0,0.0,0.0,0.0,0.0,0.0
178.220426,1788747651.159590,0.0,0.0,0.0,0.0,0.0,0.0
178.322480,1788747651.261644,0.0,0.0,0.0,0.0,0.0,0.0
178.424510,1788747651.363674,0.0,0.0,0.0,0.0,0.0,0.0
178.526494,1788747651.465657,0.0,0.0,0.0,0.0,0.0,0.0
178.628541,1788747651.567705,0.0,0.0,0.0,0.0,0.0,0.0
178.730517,1788747651.669681,0.0,0.0,0.0,0.0,0.0,0.0
178.832587,1788747651.771751,0.0,0.0,0.0,0.0,0.0,0.0
178.934812,1788747651.873975,0.0,0.0,0.0,0.0,0.0,0.0
179.036868,1788747651.976032,0.0,0.0,0.0,0.0,0.0,0.0
179.139092,1788747652.078256,0.0,0.0,0.0,0.0,0.0,0.0
179.241007,1788747652.180171,0.0,0.0,0.0,0.0,0.0,0.0
179.343199,1788747652.282362,0.0,0.0,0.0,0.0,0.0,0.0
179.445135,1788747652.384299,0.0,0.0,0.0,0.0,0.0,0.0
179.547316,1788747652.486480,0.0,0.0,0.0,0.0,0.0,0.0
179.649415,1788747652.588578,0.0,0.0,0.0,0.0,0.0,0.0
179.751381,1788747652.690545,0.0,0.0,0.0,0.0,0.0,0.0
179.853475,1788747652.792638,0.0,0.0,0.0,0.0,0.0,0.0
179.955841,1788747652.895005,0.0,0.0,0.0,0.0,0.0,0.0
180.057977,1788747652.997141,0.0,0.0,0.0,0.0,0.0,0.0
180.160044,1788747653.099208,0.0,0.0,0.0,0.0,0.0,0.0
180.262992,1788747653.202156,0.0,0.0,0.0,0.0,0.0,0.0
180.364290,1788747653.303453,0.0,0.0,0.0,0.0,0.0,0.0
180.466389,1788747653.405552,0.0,0.0,0.0,0.0,0.0,0.0
180.568529,1788747653.507693,0.0,0.0,0.0,0.0,0.0,0.0
180.670702,1788747653.609866,0.0,0.0,0.0,0.0,0.0,0.0
180.772866,1788747653.712030,0.0,0.0,0.0,0.0,0.0,0.0
180.874860,1788747653.814024,0.0,0.0,0.0,0.0,0.0,0.0
180.977060,1788747653.916224,0.0,0.0,0.0,0.0,0.0,0.0
181.079073,1788747654.018236,0.0,0.0,0.0,0.0,0.0,0.0
181.181095,1788747654.120259,0.0,0.0,0.0,0.0,0.0,0.0
181.283141,1788747654.222305,0.0,0.0,0.0,0.0,0.0,0.0
181.385206,1788747654.324370,0.0,0.0,0.0,0.0,0.0,0.0
181.487255,1788747654.426419,0.0,0.0,0.0,0.0,0.0,0.0
181.589350,1788747654.528514,0.0,0.0,0.0,0.0,0.0,0.0
181.691409,1788747654.630572,0.0,0.0,0.0,0.0,0.0,0.0
181.793584,1788747654.732748,0.0,0.0,0.0,0.0,0.0,0.0
181.895952,1788747654.835115,0.0,0.0,0.0,0.0,0.0,0.0
181.997844,1788747654.937008,0.0,0.0,0.0,0.0,0.0,0.0
182.099739,1788747655.038903,0.0,0.0,0.0,0.0,0.0,0.0
182.201592,1788747655.140756,0.0,0.0,0.0,0.0,0.0,0.0
182.303410,1788747655.242574,0.0,0.0,0.0,0.0,0.0,0.0
182.405349,1788747655.344512,0.0,0.0,0.0,0.0,0.0,0.0
182.507269,1788747655.446433,0.0,0.0,0.0,0.0,0.0,0.0
182.609156,1788747655.548320,0.0,0.0,0.0,0.0,0.0,0.0
182.711053,1788747655.650217,0.0,0.0,0.0,0.0,0.0,0.0
182.813320,1788747655.752483,0.0,0.0,0.0,0.0,0.0,0.0
182.915450,1788747655.854614,0.0,0.0,0.0,0.0,0.0,0.0
183.017487,1788747655.956650,0.0,0.0,0.0,0.0,0.0,0.0
183.119537,1788747656.058700,0.0,0.0,0.0,0.0,0.0,0.0
183.221547,1788747656.160710,0.0,0.0,0.0,0.0,0.0,0.0
183.323506,1788747656.262669,0.0,0.0,0.0,0.0,0.0,0.0
183.425463,1788747656.364627,0.0,0.0,0.0,0.0,0.0,0.0
183.528419,1788747656.467582,0.0,0.0,0.0,0.0,0.0,0.0
183.629299,1788747656.568463,0.0,0.0,0.0,0.0,0.0,0.0
183.731670,1788747656.670834,0.0,0.0,0.0,0.0,0.0,0.0
183.833045,1788747656.772209,0.0,0.0,0.0,0.0,0.0,0.0
183.935025,1788747656.874189,0.0,0.0,0.0,0.0,0.0,0.0
184.036883,1788747656.976046,0.0,0.0,0.0,0.0,0.0,0.0
184.138784,1788747657.077947,0.0,0.0,0.0,0.0,0.0,0.0
184.240671,1788747657.179835,0.0,0.0,0.0,0.0,0.0,0.0
184.342589,1788747657.281753,0.0,0.0,0.0,0.0,0.0,0.0
184.444611,1788747657.383774,0.0,0.0,0.0,0.0,0.0,0.0
184.546372,1788747657.485536,0.0,0.0,0.0,0.0,0.0,0.0
184.648274,1788747657.587437,0.0,0.0,0.0,0.0,0.0,0.0
184.750057,1788747657.689221,0.0,0.0,0.0,0.0,0.0,0.0
184.851927,1788747657.791090,0.0,0.0,0.0,0.0,0.0,0.0
184.954037,1788747657.893200,0.0,0.0,0.0,0.0,0.0,0.0
185.055894,1788747657.995058,0.0,0.0,0.0,0.0,0.0,0.0
185.157959,1788747658.097123,0.0,0.0,0.0,0.0,0.0,0.0
185.259726,1788747658.198890,0.0,0.0,0.0,0.0,0.0,0.0
185.361960,1788747658.301124,0.0,0.0,0.0,0.0,0.0,0.0
185.463723,1788747658.402887,0.0,0.0,0.0,0.0,0.0,0.0
185.565721,1788747658.504885,0.0,0.0,0.0,0.0,0.0,0.0
185.667767,1788747658.606931,0.0,0.0,0.0,0.0,0.0,0.0
185.769950,1788747658.709114,0.0,0.0,0.0,0.0,0.0,0.0
185.871967,1788747658.811131,0.0,0.0,0.0,0.0,0.0,0.0
185.974263,1788747658.913427,0.0,0.0,0.0,0.0,0.0,0.0
186.076189,1788747659.015353,0.0,0.0,0.0,0.0,0.0,0.0
186.178099,1788747659.117263,0.0,0.0,0.0,0.0,0.0,0.0
186.280023,1788747659.219187,0.0,0.0,0.0,0.0,0.0,0.0
186.381992,1788747659.321156,0.0,0.0,0.0,0.0,0.0,0.0
186.483857,1788747659.423021,0.0,0.0,0.0,0.0,0.0,0.0
186.585749,1788747659.524912,0.0,0.0,0.0,0.0,0.0,0.0
186.687657,1788747659.626821,0.0,0.0,0.0,0.0,0.0,0.0
186.789589,1788747659.728753,0.0,0.0,0.0,0.0,0.0,0.0
186.891960,1788747659.831124,0.0,0.0,0.0,0.0,0.0,0.0
186.993725,1788747659.932889,0.0,0.0,0.0,0.0,0.0,0.0
187.095691,1788747660.034855,0.0,0.0,0.0,0.0,0.0,0.0
187.197695,1788747660.136859,0.0,0.0,0.0,0.0,0.0,0.0
187.299680,1788747660.238843,0.0,0.0,0.0,0.0,0.0,0.0
187.401716,1788747660.340880,0.0,0.0,0.0,0.0,0.0,0.0
187.503688,1788747660.442852,0.0,0.0,0.0,0.0,0.0,0.0
187.605742,1788747660.544905,0.0,0.0,0.0,0.0,0.0,0.0
187.707764,1788747660.646928,0.0,0.0,0.0,0.0,0.0,0.0
187.809779,1788747660.748942,0.0,0.0,0.0,0.0,0.0,0.0
187.912189,1788747660.851353,0.0,0.0,0.0,0.0,0.0,0.0
188.014982,1788747660.954145,0.0,0.0,0.0,0.0,0.0,0.0
188.116189,1788747661.055353,0.0,0.0,0.0,0.0,0.0,0.0
188.218304,1788747661.157468,0.0,0.0,0.0,0.0,0.0,0.0
188.320310,1788747661.259474,0.0,0.0,0.0,0.0,0.0,0.0
188.422180,1788747661.361344,0.0,0.0,0.0,0.0,0.0,0.0
188.524027,1788747661.463191,0.0,0.0,0.0,0.0,0.0,0.0
188.625906,1788747661.565069,0.0,0.0,0.0,0.0,0.0,0.0
188.727872,1788747661.667035,0.0,0.0,0.0,0.0,0.0,0.0
188.829747,1788747661.768911,0.0,0.0,0.0,0.0,0.0,0.0
188.931959,1788747661.871123,0.0,0.0,0.0,0.0,0.0,0.0
189.034892,1788747661.974056,0.0,0.0,0.0,0.0,0.0,0.0
189.136178,1788747662.075342,0.0,0.0,0.0,0.0,0.0,0.0
189.238048,1788747662.177212,0.0,0.0,0.0,0.0,0.0,0.0
189.339890,1788747662.279053,0.0,0.0,0.0,0.0,0.0,0.0
189.441768,1788747662.380932,0.0,0.0,0.0,0.0,0.0,0.0
189.543587,1788747662.482751,0.0,0.0,0.0,0.0,0.0,0.0
189.645491,1788747662.584655,0.0,0.0,0.0,0.0,0.0,0.0
189.747298,1788747662.686462,0.0,0.0,0.0,0.0,0.0,0.0
189.849184,1788747662.788347,0.0,0.0,0.0,0.0,0.0,0.0
189.951015,1788747662.890179,0.0,0.0,0.0,0.0,0.0,0.0
190.053682,1788747662.992846,0.0,0.0,0.0,0.0,0.0,0.0
190.154655,1788747663.093819,0.0,0.0,0.0,0.0,0.0,0.0
190.256482,1788747663.195646,0.0,0.0,0.0,0.0,0.0,0.0
190.358390,1788747663.297553,0.0,0.0,0.0,0.0,0.0,0.0
190.460412,1788747663.399576,0.0,0.0,0.0,0.0,0.0,0.0
190.562402,1788747663.501566,0.0,0.0,0.0,0.0,0.0,0.0
190.664416,1788747663.603579,0.0,0.0,0.0,0.0,0.0,0.0
190.766423,1788747663.705586,0.0,0.0,0.0,0.0,0.0,0.0
190.868436,1788747663.807599,0.0,0.0,0.0,0.0,0.0,0.0
190.970565,1788747663.909729,0.0,0.0,0.0,0.0,0.0,0.0
191.072515,1788747664.011678,0.0,0.0,0.0,0.0,0.0,0.0
191.174913,1788747664.114077,0.0,0.0,0.0,0.0,0.0,0.0
191.276345,1788747664.215509,0.0,0.0,0.0,0.0,0.0,0.0
191.378338,1788747664.317502,0.0,0.0,0.0,0.0,0.0,0.0
191.480264,1788747664.419427,0.0,0.0,0.0,0.0,0.0,0.0
191.582199,1788747664.521363,0.0,0.0,0.0,0.0,0.0,0.0
191.684192,1788747664.623356,0.0,0.0,0.0,0.0,0.0,0.0
191.786319,1788747664.725483,0.0,0.0,0.0,0.0,0.0,0.0
191.889622,1788747664.828786,0.0,0.0,0.0,0.0,0.0,0.0
191.991367,1788747664.930530,0.0,0.0,0.0,0.0,0.0,0.0
192.092539,1788747665.031703,0.0,0.0,0.0,0.0,0.0,0.0
192.194513,1788747665.133676,0.0,0.0,0.0,0.0,0.0,0.0
192.296419,1788747665.235582,0.0,0.0,0.0,0.0,0.0,0.0
192.398366,1788747665.337530,0.0,0.0,0.0,0.0,0.0,0.0
192.500246,1788747665.439410,0.0,0.0,0.0,0.0,0.0,0.0
192.602208,1788747665.541372,0.0,0.0,0.0,0.0,0.0,0.0
192.704190,1788747665.643353,0.0,0.0,0.0,0.0,0.0,0.0
192.806233,1788747665.745397,0.0,0.0,0.0,0.0,0.0,0.0
192.908466,1788747665.847629,0.0,0.0,0.0,0.0,0.0,0.0
193.010307,1788747665.949471,0.0,0.0,0.0,0.0,0.0,0.0
193.112489,1788747666.051653,0.0,0.0,0.0,0.0,0.0,0.0
193.214383,1788747666.153547,0.0,0.0,0.0,0.0,0.0,0.0
193.316280,1788747666.255444,0.0,0.0,0.0,0.0,0.0,0.0
193.418196,1788747666.357360,0.0,0.0,0.0,0.0,0.0,0.0
193.520936,1788747666.460100,0.0,0.0,0.0,0.0,0.0,0.0
193.622051,1788747666.561215,0.0,0.0,0.0,0.0,0.0,0.0
193.723978,1788747666.663142,0.0,0.0,0.0,0.0,0.0,0.0
193.825988,1788747666.765151,0.0,0.0,0.0,0.0,0.0,0.0
193.928161,1788747666.867325,0.0,0.0,0.0,0.0,0.0,0.0
194.030186,1788747666.969350,0.0,0.0,0.0,0.0,0.0,0.0
194.132555,1788747667.071718,0.0,0.0,0.0,0.0,0.0,0.0
194.234721,1788747667.173885,0.0,0.0,0.0,0.0,0.0,0.0
194.337878,1788747667.277041,0.0,0.0,0.0,0.0,0.0,0.0
194.439775,1788747667.378938,0.0,0.0,0.0,0.0,0.0,0.0
194.541626,1788747667.480790,0.0,0.0,0.0,0.0,0.0,0.0
194.644034,1788747667.583198,0.0,0.0,0.0,0.0,0.0,0.0
194.745943,1788747667.685107,0.0,0.0,0.0,0.0,0.0,0.0
194.847550,1788747667.786714,0.0,0.0,0.0,0.0,0.0,0.0
194.949577,1788747667.888741,0.0,0.0,0.0,0.0,0.0,0.0
195.051150,1788747667.990313,0.0,0.0,0.0,0.0,0.0,0.0
195.152815,1788747668.091979,0.0,0.0,0.0,0.0,0.0,0.0
195.254446,1788747668.193609,0.0,0.0,0.0,0.0,0.0,0.0
195.356038,1788747668.295201,0.0,0.0,0.0,0.0,0.0,0.0
195.457727,1788747668.396890,0.0,0.0,0.0,0.0,0.0,0.0
195.559335,1788747668.498498,0.0,0.0,0.0,0.0,0.0,0.0
195.661006,1788747668.600170,0.0,0.0,0.0,0.0,0.0,0.0
195.763386,1788747668.702549,0.0,0.0,0.0,0.0,0.0,0.0
195.864401,1788747668.803565,0.0,0.0,0.0,0.0,0.0,0.0
195.966107,1788747668.905270,0.0,0.0,0.0,0.0,0.0,0.0
196.067767,1788747669.006931,0.0,0.0,0.0,0.0,0.0,0.0
196.169389,1788747669.108553,0.0,0.0,0.0,0.0,0.0,0.0
196.271073,1788747669.210237,0.0,0.0,0.0,0.0,0.0,0.0
196.372795,1788747669.311959,0.0,0.0,0.0,0.0,0.0,0.0
196.474410,1788747669.413574,0.0,0.0,0.0,0.0,0.0,0.0
196.575976,1788747669.515140,0.0,0.0,0.0,0.0,0.0,0.0
196.677975,1788747669.617138,0.0,0.0,0.0,0.0,0.0,0.0
196.779136,1788747669.718300,0.0,0.0,0.0,0.0,0.0,0.0
196.880667,1788747669.819831,0.0,0.0,0.0,0.0,0.0,0.0
196.982302,1788747669.921466,0.0,0.0,0.0,0.0,0.0,0.0
197.083827,1788747670.022991,0.0,0.0,0.0,0.0,0.0,0.0
197.185438,1788747670.124602,0.0,0.0,0.0,0.0,0.0,0.0
197.286950,1788747670.226114,0.0,0.0,0.0,0.0,0.0,0.0
197.388580,1788747670.327743,0.0,0.0,0.0,0.0,0.0,0.0
197.490117,1788747670.429281,0.0,0.0,0.0,0.0,0.0,0.0
197.591697,1788747670.530860,0.0,0.0,0.0,0.0,0.0,0.0
197.693294,1788747670.632457,0.0,0.0,0.0,0.0,0.0,0.0
197.794936,1788747670.734099,0.0,0.0,0.0,0.0,0.0,0.0
197.896868,1788747670.836032,0.0,0.0,0.0,0.0,0.0,0.0
197.998309,1788747670.937473,0.0,0.0,0.0,0.0,0.0,0.0
198.099851,1788747671.039015,0.0,0.0,0.0,0.0,0.0,0.0
198.201331,1788747671.140495,0.0,0.0,0.0,0.0,0.0,0.0
198.302840,1788747671.242004,0.0,0.0,0.0,0.0,0.0,0.0
198.404386,1788747671.343550,0.0,0.0,0.0,0.0,0.0,0.0
198.505871,1788747671.445034,0.0,0.0,0.0,0.0,0.0,0.0
198.607400,1788747671.546564,0.0,0.0,0.0,0.0,0.0,0.0
198.708944,1788747671.648108,0.0,0.0,0.0,0.0,0.0,0.0
198.810491,1788747671.749654,0.0,0.0,0.0,0.0,0.0,0.0
198.912323,1788747671.851487,0.0,0.0,0.0,0.0,0.0,0.0
199.014478,1788747671.953642,0.0,0.0,0.0,0.0,0.0,0.0
199.115937,1788747672.055101,0.0,0.0,0.0,0.0,0.0,0.0
199.217031,1788747672.156195,0.0,0.0,0.0,0.0,0.0,0.0
199.318544,1788747672.257708,0.0,0.0,0.0,0.0,0.0,0.0
199.420844,1788747672.360007,0.0,0.0,0.0,0.0,0.0,0.0
199.522775,1788747672.461939,0.0,0.0,0.0,0.0,0.0,0.0
199.624679,1788747672.563842,0.0,0.0,0.0,0.0,0.0,0.0
199.726614,1788747672.665778,0.0,0.0,0.0,0.0,0.0,0.0
199.828614,1788747672.767777,0.0,0.0,0.0,0.0,0.0,0.0
199.930698,1788747672.869862,0.0,0.0,0.0,0.0,0.0,0.0
200.032693,1788747672.971856,0.0,0.0,0.0,0.0,0.0,0.0
200.134818,1788747673.073982,0.0,0.0,0.0,0.0,0.0,0.0
200.236776,1788747673.175940,0.0,0.0,0.0,0.0,0.0,0.0
200.338819,1788747673.277983,0.0,0.0,0.0,0.0,0.0,0.0
200.440911,1788747673.380075,0.0,0.0,0.0,0.0,0.0,0.0
200.542797,1788747673.481961,0.0,0.0,0.0,0.0,0.0,0.0
200.644679,1788747673.583843,0.0,0.0,0.0,0.0,0.0,0.0
200.746541,1788747673.685704,0.0,0.0,0.0,0.0,0.0,0.0
200.848483,1788747673.787647,0.0,0.0,0.0,0.0,0.0,0.0
200.950680,1788747673.889844,0.0,0.0,0.0,0.0,0.0,0.0
201.052536,1788747673.991700,0.0,0.0,0.0,0.0,0.0,0.0
201.154354,1788747674.093518,0.0,0.0,0.0,0.0,0.0,0.0
201.256200,1788747674.195364,0.0,0.0,0.0,0.0,0.0,0.0
201.358036,1788747674.297200,0.0,0.0,0.0,0.0,0.0,0.0
201.459859,1788747674.399023,0.0,0.0,0.0,0.0,0.0,0.0
201.561762,1788747674.500926,0.0,0.0,0.0,0.0,0.0,0.0
201.663612,1788747674.602776,0.0,0.0,0.0,0.0,0.0,0.0
201.765479,1788747674.704643,0.0,0.0,0.0,0.0,0.0,0.0
201.867308,1788747674.806471,0.0,0.0,0.0,0.0,0.0,0.0
201.969304,1788747674.908468,0.0,0.0,0.0,0.0,0.0,0.0
202.071166,1788747675.010329,0.0,0.0,0.0,0.0,0.0,0.0
202.172972,1788747675.112136,0.0,0.0,0.0,0.0,0.0,0.0
202.274868,1788747675.214031,0.0,0.0,0.0,0.0,0.0,0.0
202.376767,1788747675.315931,0.0,0.0,0.0,0.0,0.0,0.0
202.478755,1788747675.417919,0.0,0.0,0.0,0.0,0.0,0.0
202.580839,1788747675.520003,0.0,0.0,0.0,0.0,0.0,0.0
202.682797,1788747675.621961,0.0,0.0,0.0,0.0,0.0,0.0
202.784776,1788747675.723939,0.0,0.0,0.0,0.0,0.0,0.0
202.887213,1788747675.826377,0.0,0.0,0.0,0.0,0.0,0.0
202.990110,1788747675.929274,0.0,0.0,0.0,0.0,0.0,0.0
203.091065,1788747676.030229,0.0,0.0,0.0,0.0,0.0,0.0
203.193110,1788747676.132274,0.0,0.0,0.0,0.0,0.0,0.0
203.295052,1788747676.234215,0.0,0.0,0.0,0.0,0.0,0.0
203.397133,1788747676.336297,0.0,0.0,0.0,0.0,0.0,0.0
203.499016,1788747676.438179,0.0,0.0,0.0,0.0,0.0,0.0
203.601063,1788747676.540226,0.0,0.0,0.0,0.0,0.0,0.0
203.702958,1788747676.642122,0.0,0.0,0.0,0.0,0.0,0.0
203.805043,1788747676.744207,0.0,0.0,0.0,0.0,0.0,0.0
203.907476,1788747676.846640,0.0,0.0,0.0,0.0,0.0,0.0
204.009423,1788747676.948586,0.0,0.0,0.0,0.0,0.0,0.0
204.111307,1788747677.050471,0.0,0.0,0.0,0.0,0.0,0.0
204.214166,1788747677.153330,0.0,0.0,0.0,0.0,0.0,0.0
204.315354,1788747677.254518,0.0,0.0,0.0,0.0,0.0,0.0
204.417401,1788747677.356565,0.0,0.0,0.0,0.0,0.0,0.0
204.565718,1788747677.504882,0.0,0.0,0.0,0.0,0.0,0.0
204.667595,1788747677.606759,0.0,0.0,0.0,0.0,0.0,0.0
204.769534,1788747677.708697,0.0,0.0,0.0,0.0,0.0,0.0
204.871355,1788747677.810519,0.0,0.0,0.0,0.0,0.0,0.0
204.973297,1788747677.912461,0.0,0.0,0.0,0.0,0.0,0.0
205.075119,1788747678.014283,0.0,0.0,0.0,0.0,0.0,0.0
205.176882,1788747678.116045,0.0,0.0,0.0,0.0,0.0,0.0
205.278683,1788747678.217847,0.0,0.0,0.0,0.0,0.0,0.0
205.380511,1788747678.319675,0.0,0.0,0.0,0.0,0.0,0.0
205.482318,1788747678.421481,0.0,0.0,0.0,0.0,0.0,0.0
205.584172,1788747678.523335,0.0,0.0,0.0,0.0,0.0,0.0
205.686040,1788747678.625203,0.0,0.0,0.0,0.0,0.0,0.0
205.787904,1788747678.727068,0.0,0.0,0.0,0.0,0.0,0.0
205.889928,1788747678.829092,0.0,0.0,0.0,0.0,0.0,0.0
205.991797,1788747678.930961,0.0,0.0,0.0,0.0,0.0,0.0
206.093739,1788747679.032903,0.0,0.0,0.0,0.0,0.0,0.0
206.195561,1788747679.134725,0.0,0.0,0.0,0.0,0.0,0.0
206.297420,1788747679.236584,0.0,0.0,0.0,0.0,0.0,0.0
206.399237,1788747679.338401,0.0,0.0,0.0,0.0,0.0,0.0
206.501110,1788747679.440274,0.0,0.0,0.0,0.0,0.0,0.0
206.602947,1788747679.542110,0.0,0.0,0.0,0.0,0.0,0.0
206.704774,1788747679.643938,0.0,0.0,0.0,0.0,0.0,0.0
206.807115,1788747679.746278,0.0,0.0,0.0,0.0,0.0,0.0
206.908470,1788747679.847633,0.0,0.0,0.0,0.0,0.0,0.0
207.010315,1788747679.949479,0.0,0.0,0.0,0.0,0.0,0.0
207.112210,1788747680.051374,0.0,0.0,0.0,0.0,0.0,0.0
207.214103,1788747680.153266,0.0,0.0,0.0,0.0,0.0,0.0
207.315953,1788747680.255117,0.0,0.0,0.0,0.0,0.0,0.0
207.417795,1788747680.356958,0.0,0.0,0.0,0.0,0.0,0.0
207.519635,1788747680.458798,0.0,0.0,0.0,0.0,0.0,0.0
207.621513,1788747680.560677,0.0,0.0,0.0,0.0,0.0,0.0
207.723340,1788747680.662503,0.0,0.0,0.0,0.0,0.0,0.0
207.825206,1788747680.764369,0.0,0.0,0.0,0.0,0.0,0.0
207.927627,1788747680.866791,0.0,0.0,0.0,0.0,0.0,0.0
208.028895,1788747680.968058,0.0,0.0,0.0,0.0,0.0,0.0
208.130863,1788747681.070027,0.0,0.0,0.0,0.0,0.0,0.0
208.232823,1788747681.171986,0.0,0.0,0.0,0.0,0.0,0.0
208.334767,1788747681.273930,0.0,0.0,0.0,0.0,0.0,0.0
208.436770,1788747681.375934,0.0,0.0,0.0,0.0,0.0,0.0
208.538750,1788747681.477913,0.0,0.0,0.0,0.0,0.0,0.0
208.641642,1788747681.580806,0.0,0.0,0.0,0.0,0.0,0.0
208.743567,1788747681.682731,0.0,0.0,0.0,0.0,0.0,0.0
208.845649,1788747681.784813,0.0,0.0,0.0,0.0,0.0,0.0
208.947863,1788747681.887027,0.0,0.0,0.0,0.0,0.0,0.0
209.049857,1788747681.989020,0.0,0.0,0.0,0.0,0.0,0.0
209.151345,1788747682.090508,0.0,0.0,0.0,0.0,0.0,0.0
209.253221,1788747682.192384,0.0,0.0,0.0,0.0,0.0,0.0
209.355451,1788747682.294615,0.0,0.0,0.0,0.0,0.0,0.0
209.458304,1788747682.397468,0.0,0.0,0.0,0.0,0.0,0.0
209.560148,1788747682.499312,0.0,0.0,0.0,0.0,0.0,0.0
209.661970,1788747682.601134,0.0,0.0,0.0,0.0,0.0,0.0
209.763749,1788747682.702913,0.0,0.0,0.0,0.0,0.0,0.0
209.865637,1788747682.804800,0.0,0.0,0.0,0.0,0.0,0.0
209.968086,1788747682.907249,0.0,0.0,0.0,0.0,0.0,0.0
210.070193,1788747683.009357,0.0,0.0,0.0,0.0,0.0,0.0
210.172204,1788747683.111367,0.0,0.0,0.0,0.0,0.0,0.0
210.274307,1788747683.213470,0.0,0.0,0.0,0.0,0.0,0.0
210.376438,1788747683.315601,0.0,0.0,0.0,0.0,0.0,0.0
210.478519,1788747683.417683,0.0,0.0,0.0,0.0,0.0,0.0
210.580650,1788747683.519814,0.0,0.0,0.0,0.0,0.0,0.0
210.682726,1788747683.621890,0.0,0.0,0.0,0.0,0.0,0.0
210.784798,1788747683.723961,0.0,0.0,0.0,0.0,0.0,0.0
210.887111,1788747683.826275,0.0,0.0,0.0,0.0,0.0,0.0
210.989058,1788747683.928222,0.0,0.0,0.0,0.0,0.0,0.0
211.090899,1788747684.030062,0.0,0.0,0.0,0.0,0.0,0.0
211.192860,1788747684.132023,0.0,0.0,0.0,0.0,0.0,0.0
211.294904,1788747684.234067,0.0,0.0,0.0,0.0,0.0,0.0
211.396876,1788747684.336040,0.0,0.0,0.0,0.0,0.0,0.0
211.498814,1788747684.437978,0.0,0.0,0.0,0.0,0.0,0.0
211.600839,1788747684.540003,0.0,0.0,0.0,0.0,0.0,0.0
211.702790,1788747684.641954,0.0,0.0,0.0,0.0,0.0,0.0
211.804842,1788747684.744005,0.0,0.0,0.0,0.0,0.0,0.0
211.907105,1788747684.846268,0.0,0.0,0.0,0.0,0.0,0.0
212.009018,1788747684.948182,0.0,0.0,0.0,0.0,0.0,0.0
212.111236,1788747685.050400,0.0,0.0,0.0,0.0,0.0,0.0
212.213294,1788747685.152457,0.0,0.0,0.0,0.0,0.0,0.0
212.315185,1788747685.254349,0.0,0.0,0.0,0.0,0.0,0.0
212.417188,1788747685.356351,0.0,0.0,0.0,0.0,0.0,0.0
212.519161,1788747685.458324,0.0,0.0,0.0,0.0,0.0,0.0
212.621167,1788747685.560331,0.0,0.0,0.0,0.0,0.0,0.0
212.723089,1788747685.662252,0.0,0.0,0.0,0.0,0.0,0.0
212.825182,1788747685.764345,0.0,0.0,0.0,0.0,0.0,0.0
212.927456,1788747685.866619,0.0,0.0,0.0,0.0,0.0,0.0
213.029543,1788747685.968707,0.0,0.0,0.0,0.0,0.0,0.0
213.131604,1788747686.070768,0.0,0.0,0.0,0.0,0.0,0.0
213.233629,1788747686.172793,0.0,0.0,0.0,0.0,0.0,0.0
213.335456,1788747686.274620,0.0,0.0,0.0,0.0,0.0,0.0
213.437372,1788747686.376536,0.0,0.0,0.0,0.0,0.0,0.0
213.539201,1788747686.478365,0.0,0.0,0.0,0.0,0.0,0.0
213.641142,1788747686.580306,0.0,0.0,0.0,0.0,0.0,0.0
213.743024,1788747686.682188,0.0,0.0,0.0,0.0,0.0,0.0
213.844995,1788747686.784159,0.0,0.0,0.0,0.0,0.0,0.0
213.947078,1788747686.886241,0.0,0.0,0.0,0.0,0.0,0.0
214.049502,1788747686.988665,0.0,0.0,0.0,0.0,0.0,0.0
214.150910,1788747687.090074,0.0,0.0,0.0,0.0,0.0,0.0
214.252959,1788747687.192122,0.0,0.0,0.0,0.0,0.0,0.0
214.355006,1788747687.294170,0.0,0.0,0.0,0.0,0.0,0.0
214.457034,1788747687.396198,0.0,0.0,0.0,0.0,0.0,0.0
214.559027,1788747687.498191,0.0,0.0,0.0,0.0,0.0,0.0
214.661081,1788747687.600245,0.0,0.0,0.0,0.0,0.0,0.0
214.763229,1788747687.702392,0.0,0.0,0.0,0.0,0.0,0.0
214.865203,1788747687.804367,0.0,0.0,0.0,0.0,0.0,0.0
214.967301,1788747687.906464,0.0,0.0,0.0,0.0,0.0,0.0
215.069300,1788747688.008464,0.0,0.0,0.0,0.0,0.0,0.0
215.171453,1788747688.110617,0.0,0.0,0.0,0.0,0.0,0.0
215.273521,1788747688.212685,0.0,0.0,0.0,0.0,0.0,0.0
215.375615,1788747688.314778,0.0,0.0,0.0,0.0,0.0,0.0
215.477606,1788747688.416770,0.0,0.0,0.0,0.0,0.0,0.0
215.579516,1788747688.518680,0.0,0.0,0.0,0.0,0.0,0.0
215.681492,1788747688.620656,0.0,0.0,0.0,0.0,0.0,0.0
215.783517,1788747688.722681,0.0,0.0,0.0,0.0,0.0,0.0
215.885811,1788747688.824975,0.0,0.0,0.0,0.0,0.0,0.0
215.987593,1788747688.926757,0.0,0.0,0.0,0.0,0.0,0.0
216.089638,1788747689.028802,0.0,0.0,0.0,0.0,0.0,0.0
216.191571,1788747689.130734,0.0,0.0,0.0,0.0,0.0,0.0
216.294068,1788747689.233231,0.0,0.0,0.0,0.0,0.0,0.0
216.395581,1788747689.334745,0.0,0.0,0.0,0.0,0.0,0.0
216.497543,1788747689.436707,0.0,0.0,0.0,0.0,0.0,0.0
216.599519,1788747689.538682,0.0,0.0,0.0,0.0,0.0,0.0
216.701568,1788747689.640731,0.0,0.0,0.0,0.0,0.0,0.0
216.803536,1788747689.742700,0.0,0.0,0.0,0.0,0.0,0.0
216.905901,1788747689.845065,0.0,0.0,0.0,0.0,0.0,0.0
217.007792,1788747689.946955,0.0,0.0,0.0,0.0,0.0,0.0
217.109786,1788747690.048949,0.0,0.0,0.0,0.0,0.0,0.0
217.211858,1788747690.151021,0.0,0.0,0.0,0.0,0.0,0.0
217.314028,1788747690.253192,0.0,0.0,0.0,0.0,0.0,0.0
217.415892,1788747690.355056,0.0,0.0,0.0,0.0,0.0,0.0
217.517832,1788747690.456995,0.0,0.0,0.0,0.0,0.0,0.0
217.619776,1788747690.558940,0.0,0.0,0.0,0.0,0.0,0.0
217.721741,1788747690.660905,0.0,0.0,0.0,0.0,0.0,0.0
217.823555,1788747690.762719,0.0,0.0,0.0,0.0,0.0,0.0
217.925752,1788747690.864916,0.0,0.0,0.0,0.0,0.0,0.0
218.027753,1788747690.966917,0.0,0.0,0.0,0.0,0.0,0.0
218.129839,1788747691.069003,0.0,0.0,0.0,0.0,0.0,0.0
218.231884,1788747691.171047,0.0,0.0,0.0,0.0,0.0,0.0
218.333765,1788747691.272928,0.0,0.0,0.0,0.0,0.0,0.0
218.435734,1788747691.374898,0.0,0.0,0.0,0.0,0.0,0.0
218.537768,1788747691.476932,0.0,0.0,0.0,0.0,0.0,0.0
218.639616,1788747691.578779,0.0,0.0,0.0,0.0,0.0,0.0
218.741630,1788747691.680794,0.0,0.0,0.0,0.0,0.0,0.0
218.843581,1788747691.782745,0.0,0.0,0.0,0.0,0.0,0.0
218.945971,1788747691.885134,0.0,0.0,0.0,0.0,0.0,0.0
219.048304,1788747691.987468,0.0,0.0,0.0,0.0,0.0,0.0
219.149874,1788747692.089038,0.0,0.0,0.0,0.0,0.0,0.0
219.251780,1788747692.190944,0.0,0.0,0.0,0.0,0.0,0.0
219.353722,1788747692.292886,0.0,0.0,0.0,0.0,0.0,0.0
219.455670,1788747692.394833,0.0,0.0,0.0,0.0,0.0,0.0
219.557659,1788747692.496823,0.0,0.0,0.0,0.0,0.0,0.0
219.659699,1788747692.598862,0.0,0.0,0.0,0.0,0.0,0.0
219.761657,1788747692.700821,0.0,0.0,0.0,0.0,0.0,0.0
219.863817,1788747692.802981,0.0,0.0,0.0,0.0,0.0,0.0
219.965893,1788747692.905057,0.0,0.0,0.0,0.0,0.0,0.0
220.067949,1788747693.007113,0.0,0.0,0.0,0.0,0.0,0.0
220.169968,1788747693.109132,0.0,0.0,0.0,0.0,0.0,0.0
220.271865,1788747693.211029,0.0,0.0,0.0,0.0,0.0,0.0
220.373726,1788747693.312890,0.0,0.0,0.0,0.0,0.0,0.0
220.475630,1788747693.414794,0.0,0.0,0.0,0.0,0.0,0.0
220.577512,1788747693.516675,0.0,0.0,0.0,0.0,0.0,0.0
220.679344,1788747693.618508,0.0,0.0,0.0,0.0,0.0,0.0
220.781261,1788747693.720425,0.0,0.0,0.0,0.0,0.0,0.0
220.883250,1788747693.822414,0.0,0.0,0.0,0.0,0.0,0.0
220.985103,1788747693.924267,0.0,0.0,0.0,0.0,0.0,0.0
221.086973,1788747694.026137,0.0,0.0,0.0,0.0,0.0,0.0
221.189077,1788747694.128240,0.0,0.0,0.0,0.0,0.0,0.0
221.291055,1788747694.230218,0.0,0.0,0.0,0.0,0.0,0.0
221.393063,1788747694.332227,0.0,0.0,0.0,0.0,0.0,0.0
221.495000,1788747694.434164,0.0,0.0,0.0,0.0,0.0,0.0
221.596847,1788747694.536011,0.0,0.0,0.0,0.0,0.0,0.0
221.698688,1788747694.637851,0.0,0.0,0.0,0.0,0.0,0.0
221.800646,1788747694.739809,0.0,0.0,0.0,0.0,0.0,0.0
221.902755,1788747694.841919,0.0,0.0,0.0,0.0,0.0,0.0
222.005084,1788747694.944247,0.0,0.0,0.0,0.0,0.0,0.0
222.106894,1788747695.046057,0.0,0.0,0.0,0.0,0.0,0.0
222.208794,1788747695.147958,0.0,0.0,0.0,0.0,0.0,0.0
222.310607,1788747695.249770,0.0,0.0,0.0,0.0,0.0,0.0
222.412596,1788747695.351759,0.0,0.0,0.0,0.0,0.0,0.0
222.514546,1788747695.453710,0.0,0.0,0.0,0.0,0.0,0.0
222.616576,1788747695.555740,0.0,0.0,0.0,0.0,0.0,0.0
222.718467,1788747695.657631,0.0,0.0,0.0,0.0,0.0,0.0
222.820513,1788747695.759676,0.0,0.0,0.0,0.0,0.0,0.0
222.922560,1788747695.861724,0.0,0.0,0.0,0.0,0.0,0.0
223.024652,1788747695.963816,0.0,0.0,0.0,0.0,0.0,0.0
223.126623,1788747696.065787,0.0,0.0,0.0,0.0,0.0,0.0
223.228589,1788747696.167752,0.0,0.0,0.0,0.0,0.0,0.0
223.330597,1788747696.269761,0.0,0.0,0.0,0.0,0.0,0.0
223.432596,1788747696.371760,0.0,0.0,0.0,0.0,0.0,0.0
223.534582,1788747696.473746,0.0,0.0,0.0,0.0,0.0,0.0
223.636688,1788747696.575852,0.0,0.0,0.0,0.0,0.0,0.0
223.738651,1788747696.677814,0.0,0.0,0.0,0.0,0.0,0.0
223.840732,1788747696.779896,0.0,0.0,0.0,0.0,0.0,0.0
223.942885,1788747696.882049,0.0,0.0,0.0,0.0,0.0,0.0
224.045034,1788747696.984197,0.0,0.0,0.0,0.0,0.0,0.0
224.147115,1788747697.086279,0.0,0.0,0.0,0.0,0.0,0.0
224.248887,1788747697.188051,0.0,0.0,0.0,0.0,0.0,0.0
224.350732,1788747697.289896,0.0,0.0,0.0,0.0,0.0,0.0
224.452711,1788747697.391875,0.0,0.0,0.0,0.0,0.0,0.0
224.554642,1788747697.493806,0.0,0.0,0.0,0.0,0.0,0.0
224.656662,1788747697.595826,0.0,0.0,0.0,0.0,0.0,0.0
224.758677,1788747697.697841,0.0,0.0,0.0,0.0,0.0,0.0
224.860722,1788747697.799885,0.0,0.0,0.0,0.0,0.0,0.0
224.963047,1788747697.902211,0.0,0.0,0.0,0.0,0.0,0.0
225.065016,1788747698.004180,0.0,0.0,0.0,0.0,0.0,0.0
225.167022,1788747698.106186,0.0,0.0,0.0,0.0,0.0,0.0
225.269064,1788747698.208228,0.0,0.0,0.0,0.0,0.0,0.0
225.371058,1788747698.310222,0.0,0.0,0.0,0.0,0.0,0.0
225.473093,1788747698.412257,0.0,0.0,0.0,0.0,0.0,0.0
225.575057,1788747698.514221,0.0,0.0,0.0,0.0,0.0,0.0
225.677053,1788747698.616217,0.0,0.0,0.0,0.0,0.0,0.0
225.779017,1788747698.718180,0.0,0.0,0.0,0.0,0.0,0.0
225.881102,1788747698.820266,0.0,0.0,0.0,0.0,0.0,0.0
225.982843,1788747698.922007,0.0,0.0,0.0,0.0,0.0,0.0
226.084681,1788747699.023844,0.0,0.0,0.0,0.0,0.0,0.0
226.186503,1788747699.125667,0.0,0.0,0.0,0.0,0.0,0.0
226.288383,1788747699.227547,0.0,0.0,0.0,0.0,0.0,0.0
226.390324,1788747699.329488,0.0,0.0,0.0,0.0,0.0,0.0
226.492137,1788747699.431300,0.0,0.0,0.0,0.0,0.0,0.0
226.594039,1788747699.533202,0.0,0.0,0.0,0.0,0.0,0.0
226.695870,1788747699.635034,0.0,0.0,0.0,0.0,0.0,0.0
226.797698,1788747699.736862,0.0,0.0,0.0,0.0,0.0,0.0
226.899981,1788747699.839144,0.0,0.0,0.0,0.0,0.0,0.0
227.001741,1788747699.940904,0.0,0.0,0.0,0.0,0.0,0.0
227.103787,1788747700.042951,0.0,0.0,0.0,0.0,0.0,0.0
227.205573,1788747700.144736,0.0,0.0,0.0,0.0,0.0,0.0
227.307459,1788747700.246622,0.0,0.0,0.0,0.0,0.0,0.0
227.409418,1788747700.348581,0.0,0.0,0.0,0.0,0.0,0.0
227.511322,1788747700.450486,0.0,0.0,0.0,0.0,0.0,0.0
227.613583,1788747700.552747,0.0,0.0,0.0,0.0,0.0,0.0
227.715488,1788747700.654652,0.0,0.0,0.0,0.0,0.0,0.0
227.817650,1788747700.756813,0.0,0.0,0.0,0.0,0.0,0.0
227.920410,1788747700.859574,0.0,0.0,0.0,0.0,0.0,0.0
228.022011,1788747700.961175,0.0,0.0,0.0,0.0,0.0,0.0
228.124028,1788747701.063192,0.0,0.0,0.0,0.0,0.0,0.0
228.225929,1788747701.165093,0.0,0.0,0.0,0.0,0.0,0.0
228.327872,1788747701.267035,0.0,0.0,0.0,0.0,0.0,0.0
228.430546,1788747701.369709,0.0,0.0,0.0,0.0,0.0,0.0
228.531860,1788747701.471024,0.0,0.0,0.0,0.0,0.0,0.0
228.633773,1788747701.572937,0.0,0.0,0.0,0.0,0.0,0.0
228.735685,1788747701.674849,0.0,0.0,0.0,0.0,0.0,0.0
228.837656,1788747701.776819,0.0,0.0,0.0,0.0,0.0,0.0
228.939794,1788747701.878958,0.0,0.0,0.0,0.0,0.0,0.0
229.041689,1788747701.980853,0.0,0.0,0.0,0.0,0.0,0.0
229.143644,1788747702.082807,0.0,0.0,0.0,0.0,0.0,0.0
229.246515,1788747702.185678,0.0,0.0,0.0,0.0,0.0,0.0
229.348644,1788747702.287807,0.0,0.0,0.0,0.0,0.0,0.0
229.449866,1788747702.389029,0.0,0.0,0.0,0.0,0.0,0.0
229.552140,1788747702.491304,0.0,0.0,0.0,0.0,0.0,0.0
229.654063,1788747702.593227,0.0,0.0,0.0,0.0,0.0,0.0
229.756073,1788747702.695237,0.0,0.0,0.0,0.0,0.0,0.0
229.858249,1788747702.797413,0.0,0.0,0.0,0.0,0.0,0.0
229.960363,1788747702.899527,0.0,0.0,0.0,0.0,0.0,0.0
230.062953,1788747703.002116,0.0,0.0,0.0,0.0,0.0,0.0
230.165397,1788747703.104561,0.0,0.0,0.0,0.0,0.0,0.0
230.266750,1788747703.205914,0.0,0.0,0.0,0.0,0.0,0.0
230.368942,1788747703.308105,0.0,0.0,0.0,0.0,0.0,0.0
230.470922,1788747703.410085,0.0,0.0,0.0,0.0,0.0,0.0
230.572929,1788747703.512092,0.0,0.0,0.0,0.0,0.0,0.0
230.675006,1788747703.614170,0.0,0.0,0.0,0.0,0.0,0.0
230.777281,1788747703.716444,0.0,0.0,0.0,0.0,0.0,0.0
230.879519,1788747703.818682,0.0,0.0,0.0,0.0,0.0,0.0
230.981683,1788747703.920847,0.0,0.0,0.0,0.0,0.0,0.0
231.083516,1788747704.022680,0.0,0.0,0.0,0.0,0.0,0.0
231.185486,1788747704.124650,0.0,0.0,0.0,0.0,0.0,0.0
231.287447,1788747704.226611,0.0,0.0,0.0,0.0,0.0,0.0
231.389554,1788747704.328717,0.0,0.0,0.0,0.0,0.0,0.0
231.491591,1788747704.430755,0.0,0.0,0.0,0.0,0.0,0.0
231.593719,1788747704.532882,0.0,0.0,0.0,0.0,0.0,0.0
231.695900,1788747704.635064,0.0,0.0,0.0,0.0,0.0,0.0
231.797996,1788747704.737159,0.0,0.0,0.0,0.0,0.0,0.0
231.900454,1788747704.839617,0.0,0.0,0.0,0.0,0.0,0.0
232.002377,1788747704.941541,0.0,0.0,0.0,0.0,0.0,0.0
232.104479,1788747705.043643,0.0,0.0,0.0,0.0,0.0,0.0
232.206627,1788747705.145791,0.0,0.0,0.0,0.0,0.0,0.0
232.308769,1788747705.247932,0.0,0.0,0.0,0.0,0.0,0.0
232.410858,1788747705.350022,0.0,0.0,0.0,0.0,0.0,0.0
232.513134,1788747705.452297,0.0,0.0,0.0,0.0,0.0,0.0
232.615175,1788747705.554339,0.0,0.0,0.0,0.0,0.0,0.0
232.717364,1788747705.656527,0.0,0.0,0.0,0.0,0.0,0.0
232.819541,1788747705.758705,0.0,0.0,0.0,0.0,0.0,0.0
232.921780,1788747705.860944,0.0,0.0,0.0,0.0,0.0,0.0
233.023906,1788747705.963069,0.0,0.0,0.0,0.0,0.0,0.0
233.126070,1788747706.065234,0.0,0.0,0.0,0.0,0.0,0.0
233.228251,1788747706.167415,0.0,0.0,0.0,0.0,0.0,0.0
233.330271,1788747706.269434,0.0,0.0,0.0,0.0,0.0,0.0
233.432344,1788747706.371508,0.0,0.0,0.0,0.0,0.0,0.0
233.534300,1788747706.473464,0.0,0.0,0.0,0.0,0.0,0.0
233.636338,1788747706.575502,0.0,0.0,0.0,0.0,0.0,0.0
233.738382,1788747706.677546,0.0,0.0,0.0,0.0,0.0,0.0
233.840472,1788747706.779636,0.0,0.0,0.0,0.0,0.0,0.0
233.942882,1788747706.882046,0.0,0.0,0.0,0.0,0.0,0.0
234.044877,1788747706.984041,0.0,0.0,0.0,0.0,0.0,0.0
234.146989,1788747707.086153,0.0,0.0,0.0,0.0,0.0,0.0
234.249000,1788747707.188164,0.0,0.0,0.0,0.0,0.0,0.0
234.351060,1788747707.290224,0.0,0.0,0.0,0.0,0.0,0.0
234.453086,1788747707.392250,0.0,0.0,0.0,0.0,0.0,0.0
234.555056,1788747707.494219,0.0,0.0,0.0,0.0,0.0,0.0
234.657128,1788747707.596292,0.0,0.0,0.0,0.0,0.0,0.0
234.759132,1788747707.698296,0.0,0.0,0.0,0.0,0.0,0.0
234.861245,1788747707.800409,0.0,0.0,0.0,0.0,0.0,0.0
234.963520,1788747707.902684,0.0,0.0,0.0,0.0,0.0,0.0
235.065589,1788747708.004752,0.0,0.0,0.0,0.0,0.0,0.0
235.167675,1788747708.106838,0.0,0.0,0.0,0.0,0.0,0.0
235.270323,1788747708.209487,0.0,0.0,0.0,0.0,0.0,0.0
235.371806,1788747708.310969,0.0,0.0,0.0,0.0,0.0,0.0
235.473815,1788747708.412979,0.0,0.0,0.0,0.0,0.0,0.0
235.575812,1788747708.514975,0.0,0.0,0.0,0.0,0.0,0.0
235.677797,1788747708.616961,0.0,0.0,0.0,0.0,0.0,0.0
235.779855,1788747708.719018,0.0,0.0,0.0,0.0,0.0,0.0
235.882107,1788747708.821270,0.0,0.0,0.0,0.0,0.0,0.0
235.983911,1788747708.923074,0.0,0.0,0.0,0.0,0.0,0.0
236.085980,1788747709.025144,0.0,0.0,0.0,0.0,0.0,0.0
236.188258,1788747709.127422,0.0,0.0,0.0,0.0,0.0,0.0
236.290209,1788747709.229373,0.0,0.0,0.0,0.0,0.0,0.0
236.392296,1788747709.331460,0.0,0.0,0.0,0.0,0.0,0.0
236.494300,1788747709.433463,0.0,0.0,0.0,0.0,0.0,0.0
236.596230,1788747709.535394,0.0,0.0,0.0,0.0,0.0,0.0
236.698213,1788747709.637377,0.0,0.0,0.0,0.0,0.0,0.0
236.800288,1788747709.739451,0.0,0.0,0.0,0.0,0.0,0.0
236.902582,1788747709.841746,0.0,0.0,0.0,0.0,0.0,0.0
237.004346,1788747709.943510,0.0,0.0,0.0,0.0,0.0,0.0
237.106454,1788747710.045618,0.0,0.0,0.0,0.0,0.0,0.0
237.208604,1788747710.147767,0.0,0.0,0.0,0.0,0.0,0.0
237.310689,1788747710.249853,0.0,0.0,0.0,0.0,0.0,0.0
237.412936,1788747710.352100,0.0,0.0,0.0,0.0,0.0,0.0
237.515016,1788747710.454180,0.0,0.0,0.0,0.0,0.0,0.0
237.617183,1788747710.556347,0.0,0.0,0.0,0.0,0.0,0.0
237.719245,1788747710.658409,0.0,0.0,0.0,0.0,0.0,0.0
237.821382,1788747710.760546,0.0,0.0,0.0,0.0,0.0,0.0
237.923636,1788747710.862800,0.0,0.0,0.0,0.0,0.0,0.0
238.025655,1788747710.964818,0.0,0.0,0.0,0.0,0.0,0.0
238.127744,1788747711.066907,0.0,0.0,0.0,0.0,0.0,0.0
238.229821,1788747711.168985,0.0,0.0,0.0,0.0,0.0,0.0
238.331847,1788747711.271010,0.0,0.0,0.0,0.0,0.0,0.0
238.434119,1788747711.373283,0.0,0.0,0.0,0.0,0.0,0.0
238.536252,1788747711.475415,0.0,0.0,0.0,0.0,0.0,0.0
238.638350,1788747711.577513,0.0,0.0,0.0,0.0,0.0,0.0
238.740465,1788747711.679629,0.0,0.0,0.0,0.0,0.0,0.0
238.842518,1788747711.781682,0.0,0.0,0.0,0.0,0.0,0.0
238.944843,1788747711.884006,0.0,0.0,0.0,0.0,0.0,0.0
239.046932,1788747711.986096,0.0,0.0,0.0,0.0,0.0,0.0
239.149243,1788747712.088407,0.0,0.0,0.0,0.0,0.0,0.0
239.251203,1788747712.190367,0.0,0.0,0.0,0.0,0.0,0.0
239.353482,1788747712.292645,0.0,0.0,0.0,0.0,0.0,0.0
239.455442,1788747712.394605,0.0,0.0,0.0,0.0,0.0,0.0
239.557590,1788747712.496754,0.0,0.0,0.0,0.0,0.0,0.0
239.659662,1788747712.598825,0.0,0.0,0.0,0.0,0.0,0.0
239.761722,1788747712.700885,0.0,0.0,0.0,0.0,0.0,0.0
239.863842,1788747712.803005,0.0,0.0,0.0,0.0,0.0,0.0
239.966377,1788747712.905541,0.0,0.0,0.0,0.0,0.0,0.0
240.068960,1788747713.008123,0.0,0.0,0.0,0.0,0.0,0.0
240.170470,1788747713.109634,0.0,0.0,0.0,0.0,0.0,0.0
240.272573,1788747713.211736,0.0,0.0,0.0,0.0,0.0,0.0
240.374731,1788747713.313895,0.0,0.0,0.0,0.0,0.0,0.0
240.476675,1788747713.415839,0.0,0.0,0.0,0.0,0.0,0.0
240.578656,1788747713.517820,0.0,0.0,0.0,0.0,0.0,0.0
240.680682,1788747713.619846,0.0,0.0,0.0,0.0,0.0,0.0
240.782629,1788747713.721792,0.0,0.0,0.0,0.0,0.0,0.0
240.884952,1788747713.824116,0.0,0.0,0.0,0.0,0.0,0.0
240.986686,1788747713.925849,0.0,0.0,0.0,0.0,0.0,0.0
241.088714,1788747714.027878,0.0,0.0,0.0,0.0,0.0,0.0
241.190974,1788747714.130137,0.0,0.0,0.0,0.0,0.0,0.0
241.293003,1788747714.232167,0.0,0.0,0.0,0.0,0.0,0.0
241.395085,1788747714.334249,0.0,0.0,0.0,0.0,0.0,0.0
241.497231,1788747714.436395,0.0,0.0,0.0,0.0,0.0,0.0
241.599375,1788747714.538538,0.0,0.0,0.0,0.0,0.0,0.0
241.701500,1788747714.640664,0.0,0.0,0.0,0.0,0.0,0.0
241.803614,1788747714.742777,0.0,0.0,0.0,0.0,0.0,0.0
241.906866,1788747714.846029,0.0,0.0,0.0,0.0,0.0,0.0
242.008041,1788747714.947205,0.0,0.0,0.0,0.0,0.0,0.0
242.111220,1788747715.050384,0.0,0.0,0.0,0.0,0.0,0.0
242.212920,1788747715.152084,0.0,0.0,0.0,0.0,0.0,0.0
242.314357,1788747715.253521,0.0,0.0,0.0,0.0,0.0,0.0
242.416614,1788747715.355778,0.0,0.0,0.0,0.0,0.0,0.0
242.518721,1788747715.457885,0.0,0.0,0.0,0.0,0.0,0.0
242.620785,1788747715.559948,0.0,0.0,0.0,0.0,0.0,0.0
242.722894,1788747715.662058,0.0,0.0,0.0,0.0,0.0,0.0
242.825061,1788747715.764225,0.0,0.0,0.0,0.0,0.0,0.0
242.927430,1788747715.866593,0.0,0.0,0.0,0.0,0.0,0.0
243.029526,1788747715.968690,0.0,0.0,0.0,0.0,0.0,0.0
243.131655,1788747716.070819,0.0,0.0,0.0,0.0,0.0,0.0
243.233761,1788747716.172925,0.0,0.0,0.0,0.0,0.0,0.0
243.335868,1788747716.275032,0.0,0.0,0.0,0.0,0.0,0.0
243.437944,1788747716.377107,0.0,0.0,0.0,0.0,0.0,0.0
243.540135,1788747716.479299,0.0,0.0,0.0,0.0,0.0,0.0
243.642210,1788747716.581373,0.0,0.0,0.0,0.0,0.0,0.0
243.744378,1788747716.683542,0.0,0.0,0.0,0.0,0.0,0.0
243.846692,1788747716.785856,0.0,0.0,0.0,0.0,0.0,0.0
243.948712,1788747716.887876,0.0,0.0,0.0,0.0,0.0,0.0
244.050833,1788747716.989996,0.0,0.0,0.0,0.0,0.0,0.0
244.152928,1788747717.092091,0.0,0.0,0.0,0.0,0.0,0.0
244.255033,1788747717.194197,0.0,0.0,0.0,0.0,0.0,0.0
244.357173,1788747717.296337,0.0,0.0,0.0,0.0,0.0,0.0
244.459214,1788747717.398378,0.0,0.0,0.0,0.0,0.0,0.0
244.562126,1788747717.501290,0.0,0.0,0.0,0.0,0.0,0.0
244.663873,1788747717.603036,0.0,0.0,0.0,0.0,0.0,0.0
244.765762,1788747717.704926,0.0,0.0,0.0,0.0,0.0,0.0
244.867940,1788747717.807104,0.0,0.0,0.0,0.0,0.0,0.0
244.970069,1788747717.909233,0.0,0.0,0.0,0.0,0.0,0.0
245.072179,1788747718.011343,0.0,0.0,0.0,0.0,0.0,0.0
245.174573,1788747718.113737,0.0,0.0,0.0,0.0,0.0,0.0
245.276568,1788747718.215732,0.0,0.0,0.0,0.0,0.0,0.0
245.378767,1788747718.317931,0.0,0.0,0.0,0.0,0.0,0.0
245.480887,1788747718.420050,0.0,0.0,0.0,0.0,0.0,0.0
245.582960,1788747718.522124,0.0,0.0,0.0,0.0,0.0,0.0
245.685064,1788747718.624227,0.0,0.0,0.0,0.0,0.0,0.0
245.787407,1788747718.726571,0.0,0.0,0.0,0.0,0.0,0.0
245.889951,1788747718.829114,0.0,0.0,0.0,0.0,0.0,0.0
245.992035,1788747718.931199,0.0,0.0,0.0,0.0,0.0,0.0
246.094815,1788747719.033978,0.0,0.0,0.0,0.0,0.0,0.0
246.196047,1788747719.135211,0.0,0.0,0.0,0.0,0.0,0.0
246.297910,1788747719.237074,0.0,0.0,0.0,0.0,0.0,0.0
246.399828,1788747719.338991,0.0,0.0,0.0,0.0,0.0,0.0
246.501765,1788747719.440928,0.0,0.0,0.0,0.0,0.0,0.0
246.603725,1788747719.542889,0.0,0.0,0.0,0.0,0.0,0.0
246.705716,1788747719.644879,0.0,0.0,0.0,0.0,0.0,0.0
246.808043,1788747719.747206,0.0,0.0,0.0,0.0,0.0,0.0
246.909986,1788747719.849150,0.0,0.0,0.0,0.0,0.0,0.0
247.011961,1788747719.951125,0.0,0.0,0.0,0.0,0.0,0.0
247.114963,1788747720.054127,0.0,0.0,0.0,0.0,0.0,0.0
247.216093,1788747720.155257,0.0,0.0,0.0,0.0,0.0,0.0
247.318111,1788747720.257275,0.0,0.0,0.0,0.0,0.0,0.0
247.420151,1788747720.359315,0.0,0.0,0.0,0.0,0.0,0.0
247.522101,1788747720.461265,0.0,0.0,0.0,0.0,0.0,0.0
247.624034,1788747720.563198,0.0,0.0,0.0,0.0,0.0,0.0
247.726023,1788747720.665187,0.0,0.0,0.0,0.0,0.0,0.0
247.827971,1788747720.767134,0.0,0.0,0.0,0.0,0.0,0.0
247.930205,1788747720.869369,0.0,0.0,0.0,0.0,0.0,0.0
248.032196,1788747720.971359,0.0,0.0,0.0,0.0,0.0,0.0
248.134333,1788747721.073496,0.0,0.0,0.0,0.0,0.0,0.0
248.236148,1788747721.175312,0.0,0.0,0.0,0.0,0.0,0.0
248.338105,1788747721.277269,0.0,0.0,0.0,0.0,0.0,0.0
248.440114,1788747721.379278,0.0,0.0,0.0,0.0,0.0,0.0
248.542066,1788747721.481229,0.0,0.0,0.0,0.0,0.0,0.0
248.644010,1788747721.583174,0.0,0.0,0.0,0.0,0.0,0.0
248.746556,1788747721.685720,0.0,0.0,0.0,0.0,0.0,0.0
248.848002,1788747721.787166,0.0,0.0,0.0,0.0,0.0,0.0
248.950369,1788747721.889533,0.0,0.0,0.0,0.0,0.0,0.0
249.052266,1788747721.991429,0.0,0.0,0.0,0.0,0.0,0.0
249.154160,1788747722.093323,0.0,0.0,0.0,0.0,0.0,0.0
249.256230,1788747722.195394,0.0,0.0,0.0,0.0,0.0,0.0
249.358066,1788747722.297230,0.0,0.0,0.0,0.0,0.0,0.0
249.460099,1788747722.399262,0.0,0.0,0.0,0.0,0.0,0.0
249.562379,1788747722.501543,0.0,0.0,0.0,0.0,0.0,0.0
249.664248,1788747722.603411,0.0,0.0,0.0,0.0,0.0,0.0
249.766542,1788747722.705706,0.0,0.0,0.0,0.0,0.0,0.0
249.868105,1788747722.807269,0.0,0.0,0.0,0.0,0.0,0.0
249.970137,1788747722.909301,0.0,0.0,0.0,0.0,0.0,0.0
250.072070,1788747723.011234,0.0,0.0,0.0,0.0,0.0,0.0
250.174047,1788747723.113211,0.0,0.0,0.0,0.0,0.0,0.0
250.275959,1788747723.215123,0.0,0.0,0.0,0.0,0.0,0.0
250.378748,1788747723.317912,0.0,0.0,0.0,0.0,0.0,0.0
250.480045,1788747723.419208,0.0,0.0,0.0,0.0,0.0,0.0
250.581851,1788747723.521015,0.0,0.0,0.0,0.0,0.0,0.0
250.683805,1788747723.622969,0.0,0.0,0.0,0.0,0.0,0.0
250.785736,1788747723.724900,0.0,0.0,0.0,0.0,0.0,0.0
250.888290,1788747723.827454,0.0,0.0,0.0,0.0,0.0,0.0
250.990101,1788747723.929265,0.0,0.0,0.0,0.0,0.0,0.0
251.091993,1788747724.031157,0.0,0.0,0.0,0.0,0.0,0.0
251.193909,1788747724.133072,0.0,0.0,0.0,0.0,0.0,0.0
251.295791,1788747724.234955,0.0,0.0,0.0,0.0,0.0,0.0
251.397776,1788747724.336939,0.0,0.0,0.0,0.0,0.0,0.0
251.499629,1788747724.438792,0.0,0.0,0.0,0.0,0.0,0.0
251.601782,1788747724.540946,0.0,0.0,0.0,0.0,0.0,0.0
251.703868,1788747724.643032,0.0,0.0,0.0,0.0,0.0,0.0
251.806142,1788747724.745306,0.0,0.0,0.0,0.0,0.0,0.0
251.908502,1788747724.847665,0.0,0.0,0.0,0.0,0.0,0.0
252.010486,1788747724.949649,0.0,0.0,0.0,0.0,0.0,0.0
252.112605,1788747725.051769,0.0,0.0,0.0,0.0,0.0,0.0
252.214715,1788747725.153878,0.0,0.0,0.0,0.0,0.0,0.0
252.316633,1788747725.255797,0.0,0.0,0.0,0.0,0.0,0.0
252.418540,1788747725.357703,0.0,0.0,0.0,0.0,0.0,0.0
252.520437,1788747725.459601,0.0,0.0,0.0,0.0,0.0,0.0
252.622424,1788747725.561588,0.0,0.0,0.0,0.0,0.0,0.0
252.724374,1788747725.663537,0.0,0.0,0.0,0.0,0.0,0.0
252.826486,1788747725.765650,0.0,0.0,0.0,0.0,0.0,0.0
252.928648,1788747725.867812,0.0,0.0,0.0,0.0,0.0,0.0
253.030602,1788747725.969765,0.0,0.0,0.0,0.0,0.0,0.0
253.132689,1788747726.071852,0.0,0.0,0.0,0.0,0.0,0.0
253.234597,1788747726.173761,0.0,0.0,0.0,0.0,0.0,0.0
253.336586,1788747726.275749,0.0,0.0,0.0,0.0,0.0,0.0
253.439314,1788747726.378478,0.0,0.0,0.0,0.0,0.0,0.0
253.541088,1788747726.480252,0.0,0.0,0.0,0.0,0.0,0.0
253.644354,1788747726.583518,0.0,0.0,0.0,0.0,0.0,0.0
253.746931,1788747726.686095,0.0,0.0,0.0,0.0,0.0,0.0
253.848499,1788747726.787662,0.0,0.0,0.0,0.0,0.0,0.0
253.950766,1788747726.889930,0.0,0.0,0.0,0.0,0.0,0.0
254.053282,1788747726.992445,0.0,0.0,0.0,0.0,0.0,0.0
254.155993,1788747727.095156,0.0,0.0,0.0,0.0,0.0,0.0
254.257555,1788747727.196718,0.0,0.0,0.0,0.0,0.0,0.0
254.359671,1788747727.298835,0.0,0.0,0.0,0.0,0.0,0.0
254.462763,1788747727.401927,0.0,0.0,0.0,0.0,0.0,0.0
254.563503,1788747727.502667,0.0,0.0,0.0,0.0,0.0,0.0
254.665885,1788747727.605048,0.0,0.0,0.0,0.0,0.0,0.0
254.766361,1788747727.705525,0.0,0.0,0.0,0.0,0.0,0.0
254.867758,1788747727.806921,0.0,0.0,0.0,0.0,0.0,0.0
254.969157,1788747727.908321,0.0,0.0,0.0,0.0,0.0,0.0
255.070534,1788747728.009697,0.0,0.0,0.0,0.0,0.0,0.0
255.171965,1788747728.111129,0.0,0.0,0.0,0.0,0.0,0.0
255.273422,1788747728.212586,0.0,0.0,0.0,0.0,0.0,0.0
255.374798,1788747728.313962,0.0,0.0,0.0,0.0,0.0,0.0
255.476183,1788747728.415347,0.0,0.0,0.0,0.0,0.0,0.0
255.577956,1788747728.517119,0.0,0.0,0.0,0.0,0.0,0.0
255.678858,1788747728.618021,0.0,0.0,0.0,0.0,0.0,0.0
255.780232,1788747728.719395,0.0,0.0,0.0,0.0,0.0,0.0
255.881697,1788747728.820861,0.0,0.0,0.0,0.0,0.0,0.0
255.983068,1788747728.922232,0.0,0.0,0.0,0.0,0.0,0.0
256.084444,1788747729.023607,0.0,0.0,0.0,0.0,0.0,0.0
256.186112,1788747729.125276,0.0,0.0,0.0,0.0,0.0,0.0
256.287158,1788747729.226322,0.0,0.0,0.0,0.0,0.0,0.0
256.388991,1788747729.328155,0.0,0.0,0.0,0.0,0.0,0.0
256.489895,1788747729.429059,0.0,0.0,0.0,0.0,0.0,0.0
256.591254,1788747729.530418,0.0,0.0,0.0,0.0,0.0,0.0
256.692618,1788747729.631782,0.0,0.0,0.0,0.0,0.0,0.0
256.793988,1788747729.733151,0.0,0.0,0.0,0.0,0.0,0.0
256.895370,1788747729.834533,0.0,0.0,0.0,0.0,0.0,0.0
256.996757,1788747729.935920,0.0,0.0,0.0,0.0,0.0,0.0
257.098138,1788747730.037301,0.0,0.0,0.0,0.0,0.0,0.0
257.199503,1788747730.138666,0.0,0.0,0.0,0.0,0.0,0.0
257.300894,1788747730.240057,0.0,0.0,0.0,0.0,0.0,0.0
257.402277,1788747730.341440,0.0,0.0,0.0,0.0,0.0,0.0
257.503632,1788747730.442796,0.0,0.0,0.0,0.0,0.0,0.0
257.605024,1788747730.544188,0.0,0.0,0.0,0.0,0.0,0.0
257.706385,1788747730.645548,0.0,0.0,0.0,0.0,0.0,0.0
257.807730,1788747730.746894,0.0,0.0,0.0,0.0,0.0,0.0
257.909147,1788747730.848311,0.0,0.0,0.0,0.0,0.0,0.0
258.010489,1788747730.949652,0.0,0.0,0.0,0.0,0.0,0.0
258.111923,1788747731.051087,0.0,0.0,0.0,0.0,0.0,0.0
258.213423,1788747731.152586,0.0,0.0,0.0,0.0,0.0,0.0
258.314795,1788747731.253959,0.0,0.0,0.0,0.0,0.0,0.0
258.416182,1788747731.355345,0.0,0.0,0.0,0.0,0.0,0.0
258.517560,1788747731.456724,0.0,0.0,0.0,0.0,0.0,0.0
258.618942,1788747731.558106,0.0,0.0,0.0,0.0,0.0,0.0
258.720278,1788747731.659441,0.0,0.0,0.0,0.0,0.0,0.0
258.821903,1788747731.761066,0.0,0.0,0.0,0.0,0.0,0.0
258.923692,1788747731.862855,0.0,0.0,0.0,0.0,0.0,0.0
259.025476,1788747731.964639,0.0,0.0,0.0,0.0,0.0,0.0
259.127771,1788747732.066935,0.0,0.0,0.0,0.0,0.0,0.0
259.229039,1788747732.168203,0.0,0.0,0.0,0.0,0.0,0.0
259.330796,1788747732.269960,0.0,0.0,0.0,0.0,0.0,0.0
259.432673,1788747732.371837,0.0,0.0,0.0,0.0,0.0,0.0
259.534474,1788747732.473638,0.0,0.0,0.0,0.0,0.0,0.0
259.636239,1788747732.575402,0.0,0.0,0.0,0.0,0.0,0.0
259.738021,1788747732.677185,0.0,0.0,0.0,0.0,0.0,0.0
259.839784,1788747732.778947,0.0,0.0,0.0,0.0,0.0,0.0
259.941581,1788747732.880745,0.0,0.0,0.0,0.0,0.0,0.0
260.043470,1788747732.982634,0.0,0.0,0.0,0.0,0.0,0.0
260.145816,1788747733.084980,0.0,0.0,0.0,0.0,0.0,0.0
260.247611,1788747733.186775,0.0,0.0,0.0,0.0,0.0,0.0
260.349619,1788747733.288783,0.0,0.0,0.0,0.0,0.0,0.0
260.451795,1788747733.390959,0.0,0.0,0.0,0.0,0.0,0.0
260.553740,1788747733.492904,0.0,0.0,0.0,0.0,0.0,0.0
260.655867,1788747733.595031,0.0,0.0,0.0,0.0,0.0,0.0
260.757902,1788747733.697065,0.0,0.0,0.0,0.0,0.0,0.0
260.859950,1788747733.799114,0.0,0.0,0.0,0.0,0.0,0.0
260.962342,1788747733.901505,0.0,0.0,0.0,0.0,0.0,0.0
261.064404,1788747734.003567,0.0,0.0,0.0,0.0,0.0,0.0
261.166610,1788747734.105774,0.0,0.0,0.0,0.0,0.0,0.0
261.469266,1788747734.408430,0.0,0.0,0.0,0.0,0.0,0.0
261.571115,1788747734.510279,0.0,0.0,0.0,0.0,0.0,0.0
261.672960,1788747734.612123,0.0,0.0,0.0,0.0,0.0,0.0
261.774843,1788747734.714006,0.0,0.0,0.0,0.0,0.0,0.0
261.876725,1788747734.815889,0.0,0.0,0.0,0.0,0.0,0.0
261.978565,1788747734.917729,0.0,0.0,0.0,0.0,0.0,0.0
262.080406,1788747735.019570,0.0,0.0,0.0,0.0,0.0,0.0
262.182251,1788747735.121414,0.0,0.0,0.0,0.0,0.0,0.0
262.284097,1788747735.223261,0.0,0.0,0.0,0.0,0.0,0.0
262.385979,1788747735.325143,0.0,0.0,0.0,0.0,0.0,0.0
262.487790,1788747735.426954,0.0,0.0,0.0,0.0,0.0,0.0
262.589610,1788747735.528773,0.0,0.0,0.0,0.0,0.0,0.0
262.691424,1788747735.630587,0.0,0.0,0.0,0.0,0.0,0.0
262.793266,1788747735.732429,0.0,0.0,0.0,0.0,0.0,0.0
262.895164,1788747735.834328,0.0,0.0,0.0,0.0,0.0,0.0
262.997014,1788747735.936178,0.0,0.0,0.0,0.0,0.0,0.0
263.098882,1788747736.038046,0.0,0.0,0.0,0.0,0.0,0.0
263.200716,1788747736.139880,0.0,0.0,0.0,0.0,0.0,0.0
263.302537,1788747736.241700,0.0,0.0,0.0,0.0,0.0,0.0
263.404364,1788747736.343528,0.0,0.0,0.0,0.0,0.0,0.0
263.506201,1788747736.445365,0.0,0.0,0.0,0.0,0.0,0.0
263.608057,1788747736.547221,0.0,0.0,0.0,0.0,0.0,0.0
263.709862,1788747736.649025,0.0,0.0,0.0,0.0,0.0,0.0
263.812179,1788747736.751343,0.0,0.0,0.0,0.0,0.0,0.0
263.914068,1788747736.853232,0.0,0.0,0.0,0.0,0.0,0.0
264.015315,1788747736.954479,0.0,0.0,0.0,0.0,0.0,0.0
264.117166,1788747737.056329,0.0,0.0,0.0,0.0,0.0,0.0
264.218979,1788747737.158143,0.0,0.0,0.0,0.0,0.0,0.0
264.320856,1788747737.260020,0.0,0.0,0.0,0.0,0.0,0.0
264.422720,1788747737.361884,0.0,0.0,0.0,0.0,0.0,0.0
264.524574,1788747737.463737,0.0,0.0,0.0,0.0,0.0,0.0
264.626443,1788747737.565607,0.0,0.0,0.0,0.0,0.0,0.0
264.729048,1788747737.668211,0.0,0.0,0.0,0.0,0.0,0.0
264.830136,1788747737.769300,0.0,0.0,0.0,0.0,0.0,0.0
264.931998,1788747737.871162,0.0,0.0,0.0,0.0,0.0,0.0
265.033839,1788747737.973003,0.0,0.0,0.0,0.0,0.0,0.0
265.135665,1788747738.074829,0.0,0.0,0.0,0.0,0.0,0.0
265.237556,1788747738.176720,0.0,0.0,0.0,0.0,0.0,0.0
265.339466,1788747738.278630,0.0,0.0,0.0,0.0,0.0,0.0
265.441375,1788747738.380539,0.0,0.0,0.0,0.0,0.0,0.0
265.543318,1788747738.482482,0.0,0.0,0.0,0.0,0.0,0.0
265.647083,1788747738.586246,0.0,0.0,0.0,0.0,0.0,0.0
265.748913,1788747738.688077,0.0,0.0,0.0,0.0,0.0,0.0
265.851242,1788747738.790405,0.0,0.0,0.0,0.0,0.0,0.0
265.953275,1788747738.892439,0.0,0.0,0.0,0.0,0.0,0.0
266.054991,1788747738.994154,0.0,0.0,0.0,0.0,0.0,0.0
266.156843,1788747739.096006,0.0,0.0,0.0,0.0,0.0,0.0
266.258682,1788747739.197845,0.0,0.0,0.0,0.0,0.0,0.0
266.360567,1788747739.299731,0.0,0.0,0.0,0.0,0.0,0.0
266.462493,1788747739.401657,0.0,0.0,0.0,0.0,0.0,0.0
266.564364,1788747739.503528,0.0,0.0,0.0,0.0,0.0,0.0
266.666265,1788747739.605429,0.0,0.0,0.0,0.0,0.0,0.0
266.768176,1788747739.707340,0.0,0.0,0.0,0.0,0.0,0.0
266.870067,1788747739.809230,0.0,0.0,0.0,0.0,0.0,0.0
266.971923,1788747739.911086,0.0,0.0,0.0,0.0,0.0,0.0
267.073784,1788747740.012948,0.0,0.0,0.0,0.0,0.0,0.0
267.175641,1788747740.114804,0.0,0.0,0.0,0.0,0.0,0.0
267.277505,1788747740.216669,0.0,0.0,0.0,0.0,0.0,0.0
267.379326,1788747740.318490,0.0,0.0,0.0,0.0,0.0,0.0
267.481175,1788747740.420339,0.0,0.0,0.0,0.0,0.0,0.0
267.583023,1788747740.522187,0.0,0.0,0.0,0.0,0.0,0.0
267.685435,1788747740.624599,0.0,0.0,0.0,0.0,0.0,0.0
267.786803,1788747740.725967,0.0,0.0,0.0,0.0,0.0,0.0
267.888756,1788747740.827919,0.0,0.0,0.0,0.0,0.0,0.0
267.990593,1788747740.929756,0.0,0.0,0.0,0.0,0.0,0.0
268.092441,1788747741.031605,0.0,0.0,0.0,0.0,0.0,0.0
268.194225,1788747741.133389,0.0,0.0,0.0,0.0,0.0,0.0
268.296019,1788747741.235183,0.0,0.0,0.0,0.0,0.0,0.0
268.397823,1788747741.336987,0.0,0.0,0.0,0.0,0.0,0.0
268.499629,1788747741.438792,0.0,0.0,0.0,0.0,0.0,0.0
268.601388,1788747741.540552,0.0,0.0,0.0,0.0,0.0,0.0
268.703199,1788747741.642363,0.0,0.0,0.0,0.0,0.0,0.0
268.804882,1788747741.744046,0.0,0.0,0.0,0.0,0.0,0.0
268.906684,1788747741.845848,0.0,0.0,0.0,0.0,0.0,0.0
269.008445,1788747741.947609,0.0,0.0,0.0,0.0,0.0,0.0
269.110212,1788747742.049376,0.0,0.0,0.0,0.0,0.0,0.0
269.212400,1788747742.151564,0.0,0.0,0.0,0.0,0.0,0.0
269.313944,1788747742.253108,0.0,0.0,0.0,0.0,0.0,0.0
269.415932,1788747742.355095,0.0,0.0,0.0,0.0,0.0,0.0
269.517905,1788747742.457069,0.0,0.0,0.0,0.0,0.0,0.0
269.619859,1788747742.559023,0.0,0.0,0.0,0.0,0.0,0.0
269.721811,1788747742.660974,0.0,0.0,0.0,0.0,0.0,0.0
269.823844,1788747742.763007,0.0,0.0,0.0,0.0,0.0,0.0
269.926182,1788747742.865345,0.0,0.0,0.0,0.0,0.0,0.0
270.028516,1788747742.967679,0.0,0.0,0.0,0.0,0.0,0.0
270.130612,1788747743.069776,0.0,0.0,0.0,0.0,0.0,0.0
270.232684,1788747743.171848,0.0,0.0,0.0,0.0,0.0,0.0
270.334748,1788747743.273912,0.0,0.0,0.0,0.0,0.0,0.0
270.436790,1788747743.375953,0.0,0.0,0.0,0.0,0.0,0.0
270.538935,1788747743.478099,0.0,0.0,0.0,0.0,0.0,0.0
270.641121,1788747743.580284,0.0,0.0,0.0,0.0,0.0,0.0
270.743183,1788747743.682347,0.0,0.0,0.0,0.0,0.0,0.0
270.845507,1788747743.784670,0.0,0.0,0.0,0.0,0.0,0.0
270.947788,1788747743.886952,0.0,0.0,0.0,0.0,0.0,0.0
271.050127,1788747743.989291,0.0,0.0,0.0,0.0,0.0,0.0
271.152025,1788747744.091189,0.0,0.0,0.0,0.0,0.0,0.0
271.254103,1788747744.193267,0.0,0.0,0.0,0.0,0.0,0.0
271.356246,1788747744.295410,0.0,0.0,0.0,0.0,0.0,0.0
271.458375,1788747744.397539,0.0,0.0,0.0,0.0,0.0,0.0
271.560500,1788747744.499663,0.0,0.0,0.0,0.0,0.0,0.0
271.663318,1788747744.602482,0.0,0.0,0.0,0.0,0.0,0.0
271.764917,1788747744.704081,0.0,0.0,0.0,0.0,0.0,0.0
271.867121,1788747744.806285,0.0,0.0,0.0,0.0,0.0,0.0
271.969384,1788747744.908548,0.0,0.0,0.0,0.0,0.0,0.0
272.071425,1788747745.010589,0.0,0.0,0.0,0.0,0.0,0.0
272.174107,1788747745.113271,0.0,0.0,0.0,0.0,0.0,0.0
272.275622,1788747745.214786,0.0,0.0,0.0,0.0,0.0,0.0
272.377739,1788747745.316903,0.0,0.0,0.0,0.0,0.0,0.0
272.480073,1788747745.419237,0.0,0.0,0.0,0.0,0.0,0.0
272.581607,1788747745.520771,0.0,0.0,0.0,0.0,0.0,0.0
272.683478,1788747745.622642,0.0,0.0,0.0,0.0,0.0,0.0
272.785643,1788747745.724807,0.0,0.0,0.0,0.0,0.0,0.0
272.888637,1788747745.827800,0.0,0.0,0.0,0.0,0.0,0.0
272.989875,1788747745.929039,0.0,0.0,0.0,0.0,0.0,0.0
273.091670,1788747746.030833,0.0,0.0,0.0,0.0,0.0,0.0
273.193502,1788747746.132666,0.0,0.0,0.0,0.0,0.0,0.0
273.295376,1788747746.234540,0.0,0.0,0.0,0.0,0.0,0.0
273.397437,1788747746.336601,0.0,0.0,0.0,0.0,0.0,0.0
273.499449,1788747746.438613,0.0,0.0,0.0,0.0,0.0,0.0
273.601502,1788747746.540666,0.0,0.0,0.0,0.0,0.0,0.0
273.703505,1788747746.642669,0.0,0.0,0.0,0.0,0.0,0.0
273.805648,1788747746.744812,0.0,0.0,0.0,0.0,0.0,0.0
273.908037,1788747746.847201,0.0,0.0,0.0,0.0,0.0,0.0
274.009783,1788747746.948946,0.0,0.0,0.0,0.0,0.0,0.0
274.111890,1788747747.051054,0.0,0.0,0.0,0.0,0.0,0.0
274.213953,1788747747.153116,0.0,0.0,0.0,0.0,0.0,0.0
274.315920,1788747747.255083,0.0,0.0,0.0,0.0,0.0,0.0
274.418000,1788747747.357163,0.0,0.0,0.0,0.0,0.0,0.0
274.520046,1788747747.459210,0.0,0.0,0.0,0.0,0.0,0.0
274.622098,1788747747.561262,0.0,0.0,0.0,0.0,0.0,0.0
274.724052,1788747747.663216,0.0,0.0,0.0,0.0,0.0,0.0
274.826159,1788747747.765322,0.0,0.0,0.0,0.0,0.0,0.0
274.928933,1788747747.868097,0.0,0.0,0.0,0.0,0.0,0.0
275.030322,1788747747.969486,0.0,0.0,0.0,0.0,0.0,0.0
275.132292,1788747748.071456,0.0,0.0,0.0,0.0,0.0,0.0
275.234081,1788747748.173245,0.0,0.0,0.0,0.0,0.0,0.0
275.336051,1788747748.275215,0.0,0.0,0.0,0.0,0.0,0.0
275.438115,1788747748.377279,0.0,0.0,0.0,0.0,0.0,0.0
275.540125,1788747748.479289,0.0,0.0,0.0,0.0,0.0,0.0
275.642198,1788747748.581362,0.0,0.0,0.0,0.0,0.0,0.0
275.744317,1788747748.683481,0.0,0.0,0.0,0.0,0.0,0.0
275.846323,1788747748.785487,0.0,0.0,0.0,0.0,0.0,0.0
275.948818,1788747748.887981,0.0,0.0,0.0,0.0,0.0,0.0
276.050653,1788747748.989816,0.0,0.0,0.0,0.0,0.0,0.0
276.152718,1788747749.091882,0.0,0.0,0.0,0.0,0.0,0.0
276.254755,1788747749.193919,0.0,0.0,0.0,0.0,0.0,0.0
276.356823,1788747749.295987,0.0,0.0,0.0,0.0,0.0,0.0
276.458867,1788747749.398030,0.0,0.0,0.0,0.0,0.0,0.0
276.560962,1788747749.500126,0.0,0.0,0.0,0.0,0.0,0.0
276.663123,1788747749.602287,0.0,0.0,0.0,0.0,0.0,0.0
276.765363,1788747749.704526,0.0,0.0,0.0,0.0,0.0,0.0
276.867313,1788747749.806477,0.0,0.0,0.0,0.0,0.0,0.0
276.969488,1788747749.908652,0.0,0.0,0.0,0.0,0.0,0.0
277.071514,1788747750.010678,0.0,0.0,0.0,0.0,0.0,0.0
277.173571,1788747750.112734,0.0,0.0,0.0,0.0,0.0,0.0
277.275601,1788747750.214764,0.0,0.0,0.0,0.0,0.0,0.0
277.377610,1788747750.316774,0.0,0.0,0.0,0.0,0.0,0.0
277.479580,1788747750.418743,0.0,0.0,0.0,0.0,0.0,0.0
277.581592,1788747750.520756,0.0,0.0,0.0,0.0,0.0,0.0
277.683571,1788747750.622735,0.0,0.0,0.0,0.0,0.0,0.0
277.786266,1788747750.725430,0.0,0.0,0.0,0.0,0.0,0.0
277.888030,1788747750.827193,0.0,0.0,0.0,0.0,0.0,0.0
277.989825,1788747750.928988,0.0,0.0,0.0,0.0,0.0,0.0
278.091698,1788747751.030862,0.0,0.0,0.0,0.0,0.0,0.0
278.193837,1788747751.133000,0.0,0.0,0.0,0.0,0.0,0.0
278.295946,1788747751.235110,0.0,0.0,0.0,0.0,0.0,0.0
278.398147,1788747751.337310,0.0,0.0,0.0,0.0,0.0,0.0
278.500217,1788747751.439380,0.0,0.0,0.0,0.0,0.0,0.0
278.602345,1788747751.541508,0.0,0.0,0.0,0.0,0.0,0.0
278.704459,1788747751.643622,0.0,0.0,0.0,0.0,0.0,0.0
278.806683,1788747751.745847,0.0,0.0,0.0,0.0,0.0,0.0
278.909055,1788747751.848219,0.0,0.0,0.0,0.0,0.0,0.0
279.011049,1788747751.950212,0.0,0.0,0.0,0.0,0.0,0.0
279.113338,1788747752.052502,0.0,0.0,0.0,0.0,0.0,0.0
279.215444,1788747752.154608,0.0,0.0,0.0,0.0,0.0,0.0
279.317610,1788747752.256774,0.0,0.0,0.0,0.0,0.0,0.0
279.419725,1788747752.358888,0.0,0.0,0.0,0.0,0.0,0.0
279.521869,1788747752.461032,0.0,0.0,0.0,0.0,0.0,0.0
279.624031,1788747752.563194,0.0,0.0,0.0,0.0,0.0,0.0
279.726194,1788747752.665358,0.0,0.0,0.0,0.0,0.0,0.0
279.828384,1788747752.767547,0.0,0.0,0.0,0.0,0.0,0.0
279.931156,1788747752.870320,0.0,0.0,0.0,0.0,0.0,0.0
280.033409,1788747752.972573,0.0,0.0,0.0,0.0,0.0,0.0
280.134853,1788747753.074017,0.0,0.0,0.0,0.0,0.0,0.0
280.237007,1788747753.176171,0.0,0.0,0.0,0.0,0.0,0.0
280.339154,1788747753.278318,0.0,0.0,0.0,0.0,0.0,0.0
280.441325,1788747753.380489,0.0,0.0,0.0,0.0,0.0,0.0
280.543452,1788747753.482616,0.0,0.0,0.0,0.0,0.0,0.0
280.645685,1788747753.584849,0.0,0.0,0.0,0.0,0.0,0.0
280.747680,1788747753.686844,0.0,0.0,0.0,0.0,0.0,0.0
280.849781,1788747753.788945,0.0,0.0,0.0,0.0,0.0,0.0
280.952044,1788747753.891207,0.0,0.0,0.0,0.0,0.0,0.0
281.054156,1788747753.993320,0.0,0.0,0.0,0.0,0.0,0.0
281.156340,1788747754.095503,0.0,0.0,0.0,0.0,0.0,0.0
281.258365,1788747754.197528,0.0,0.0,0.0,0.0,0.0,0.0
281.360635,1788747754.299799,0.0,0.0,0.0,0.0,0.0,0.0
281.462622,1788747754.401786,0.0,0.0,0.0,0.0,0.0,0.0
281.564769,1788747754.503933,0.0,0.0,0.0,0.0,0.0,0.0
281.666815,1788747754.605978,0.0,0.0,0.0,0.0,0.0,0.0
281.768899,1788747754.708063,0.0,0.0,0.0,0.0,0.0,0.0
281.871045,1788747754.810208,0.0,0.0,0.0,0.0,0.0,0.0
281.973455,1788747754.912618,0.0,0.0,0.0,0.0,0.0,0.0
282.075479,1788747755.014643,0.0,0.0,0.0,0.0,0.0,0.0
282.177552,1788747755.116716,0.0,0.0,0.0,0.0,0.0,0.0
282.279572,1788747755.218736,0.0,0.0,0.0,0.0,0.0,0.0
282.381629,1788747755.320793,0.0,0.0,0.0,0.0,0.0,0.0
282.483634,1788747755.422798,0.0,0.0,0.0,0.0,0.0,0.0
282.585680,1788747755.524843,0.0,0.0,0.0,0.0,0.0,0.0
282.687972,1788747755.627135,0.0,0.0,0.0,0.0,0.0,0.0
282.789915,1788747755.729079,0.0,0.0,0.0,0.0,0.0,0.0
282.892400,1788747755.831563,0.0,0.0,0.0,0.0,0.0,0.0
282.994173,1788747755.933337,0.0,0.0,0.0,0.0,0.0,0.0
283.096291,1788747756.035454,0.0,0.0,0.0,0.0,0.0,0.0
283.198247,1788747756.137411,0.0,0.0,0.0,0.0,0.0,0.0
283.300227,1788747756.239390,0.0,0.0,0.0,0.0,0.0,0.0
283.402219,1788747756.341383,0.0,0.0,0.0,0.0,0.0,0.0
283.505120,1788747756.444284,0.0,0.0,0.0,0.0,0.0,0.0
283.606365,1788747756.545528,0.0,0.0,0.0,0.0,0.0,0.0
283.708546,1788747756.647710,0.0,0.0,0.0,0.0,0.0,0.0
283.810661,1788747756.749824,0.0,0.0,0.0,0.0,0.0,0.0
283.913006,1788747756.852170,0.0,0.0,0.0,0.0,0.0,0.0
284.014843,1788747756.954006,0.0,0.0,0.0,0.0,0.0,0.0
284.116914,1788747757.056077,0.0,0.0,0.0,0.0,0.0,0.0
284.218890,1788747757.158054,0.0,0.0,0.0,0.0,0.0,0.0
284.320945,1788747757.260108,0.0,0.0,0.0,0.0,0.0,0.0
284.422948,1788747757.362112,0.0,0.0,0.0,0.0,0.0,0.0
284.525008,1788747757.464172,0.0,0.0,0.0,0.0,0.0,0.0
284.627053,1788747757.566216,0.0,0.0,0.0,0.0,0.0,0.0
284.729049,1788747757.668213,0.0,0.0,0.0,0.0,0.0,0.0
284.831098,1788747757.770262,0.0,0.0,0.0,0.0,0.0,0.0
284.933436,1788747757.872600,0.0,0.0,0.0,0.0,0.0,0.0
285.035336,1788747757.974500,0.0,0.0,0.0,0.0,0.0,0.0
285.137342,1788747758.076505,0.0,0.0,0.0,0.0,0.0,0.0
285.239324,1788747758.178488,0.0,0.0,0.0,0.0,0.0,0.0
285.341380,1788747758.280544,0.0,0.0,0.0,0.0,0.0,0.0
285.443838,1788747758.383002,0.0,0.0,0.0,0.0,0.0,0.0
285.545392,1788747758.484555,0.0,0.0,0.0,0.0,0.0,0.0
285.647401,1788747758.586565,0.0,0.0,0.0,0.0,0.0,0.0
285.749357,1788747758.688521,0.0,0.0,0.0,0.0,0.0,0.0
285.851372,1788747758.790536,0.0,0.0,0.0,0.0,0.0,0.0
285.953597,1788747758.892761,0.0,0.0,0.0,0.0,0.0,0.0
286.055486,1788747758.994650,0.0,0.0,0.0,0.0,0.0,0.0
286.157537,1788747759.096700,0.0,0.0,0.0,0.0,0.0,0.0
286.259461,1788747759.198625,0.0,0.0,0.0,0.0,0.0,0.0
286.361479,1788747759.300642,0.0,0.0,0.0,0.0,0.0,0.0
286.463564,1788747759.402728,0.0,0.0,0.0,0.0,0.0,0.0
286.565555,1788747759.504718,0.0,0.0,0.0,0.0,0.0,0.0
286.667539,1788747759.606703,0.0,0.0,0.0,0.0,0.0,0.0
286.769637,1788747759.708801,0.0,0.0,0.0,0.0,0.0,0.0
286.871692,1788747759.810856,0.0,0.0,0.0,0.0,0.0,0.0
286.973811,1788747759.912975,0.0,0.0,0.0,0.0,0.0,0.0
287.075883,1788747760.015047,0.0,0.0,0.0,0.0,0.0,0.0
287.177957,1788747760.117121,0.0,0.0,0.0,0.0,0.0,0.0
287.280019,1788747760.219182,0.0,0.0,0.0,0.0,0.0,0.0
287.382108,1788747760.321272,0.0,0.0,0.0,0.0,0.0,0.0
287.484068,1788747760.423232,0.0,0.0,0.0,0.0,0.0,0.0
287.586097,1788747760.525260,0.0,0.0,0.0,0.0,0.0,0.0
287.688162,1788747760.627326,0.0,0.0,0.0,0.0,0.0,0.0
287.790344,1788747760.729507,0.0,0.0,0.0,0.0,0.0,0.0
287.892893,1788747760.832057,0.0,0.0,0.0,0.0,0.0,0.0
287.994655,1788747760.933819,0.0,0.0,0.0,0.0,0.0,0.0
288.096689,1788747761.035852,0.0,0.0,0.0,0.0,0.0,0.0
288.198746,1788747761.137910,0.0,0.0,0.0,0.0,0.0,0.0
288.300630,1788747761.239794,0.0,0.0,0.0,0.0,0.0,0.0
288.402510,1788747761.341673,0.0,0.0,0.0,0.0,0.0,0.0
288.504466,1788747761.443630,0.0,0.0,0.0,0.0,0.0,0.0
288.606499,1788747761.545662,0.0,0.0,0.0,0.0,0.0,0.0
288.708554,1788747761.647718,0.0,0.0,0.0,0.0,0.0,0.0
288.810607,1788747761.749771,0.0,0.0,0.0,0.0,0.0,0.0
288.913027,1788747761.852190,0.0,0.0,0.0,0.0,0.0,0.0
289.014908,1788747761.954071,0.0,0.0,0.0,0.0,0.0,0.0
289.116858,1788747762.056022,0.0,0.0,0.0,0.0,0.0,0.0
289.218608,1788747762.157771,0.0,0.0,0.0,0.0,0.0,0.0
289.320495,1788747762.259659,0.0,0.0,0.0,0.0,0.0,0.0
289.422390,1788747762.361554,0.0,0.0,0.0,0.0,0.0,0.0
289.524444,1788747762.463608,0.0,0.0,0.0,0.0,0.0,0.0
289.626854,1788747762.566018,0.0,0.0,0.0,0.0,0.0,0.0
289.728474,1788747762.667638,0.0,0.0,0.0,0.0,0.0,0.0
289.830581,1788747762.769745,0.0,0.0,0.0,0.0,0.0,0.0
289.932852,1788747762.872016,0.0,0.0,0.0,0.0,0.0,0.0
290.034963,1788747762.974126,0.0,0.0,0.0,0.0,0.0,0.0
290.137217,1788747763.076381,0.0,0.0,0.0,0.0,0.0,0.0
290.239233,1788747763.178397,0.0,0.0,0.0,0.0,0.0,0.0
290.341404,1788747763.280568,0.0,0.0,0.0,0.0,0.0,0.0
290.443548,1788747763.382712,0.0,0.0,0.0,0.0,0.0,0.0
290.545667,1788747763.484831,0.0,0.0,0.0,0.0,0.0,0.0
290.647533,1788747763.586697,0.0,0.0,0.0,0.0,0.0,0.0
290.749548,1788747763.688712,0.0,0.0,0.0,0.0,0.0,0.0
290.851556,1788747763.790720,0.0,0.0,0.0,0.0,0.0,0.0
290.953774,1788747763.892938,0.0,0.0,0.0,0.0,0.0,0.0
291.055625,1788747763.994789,0.0,0.0,0.0,0.0,0.0,0.0
291.157638,1788747764.096802,0.0,0.0,0.0,0.0,0.0,0.0
291.259505,1788747764.198668,0.0,0.0,0.0,0.0,0.0,0.0
291.361510,1788747764.300674,0.0,0.0,0.0,0.0,0.0,0.0
291.463488,1788747764.402651,0.0,0.0,0.0,0.0,0.0,0.0
291.565502,1788747764.504666,0.0,0.0,0.0,0.0,0.0,0.0
291.667390,1788747764.606554,0.0,0.0,0.0,0.0,0.0,0.0
291.769383,1788747764.708546,0.0,0.0,0.0,0.0,0.0,0.0
291.871347,1788747764.810511,0.0,0.0,0.0,0.0,0.0,0.0
291.973412,1788747764.912576,0.0,0.0,0.0,0.0,0.0,0.0
292.075458,1788747765.014622,0.0,0.0,0.0,0.0,0.0,0.0
292.177458,1788747765.116621,0.0,0.0,0.0,0.0,0.0,0.0
292.279427,1788747765.218591,0.0,0.0,0.0,0.0,0.0,0.0
292.381471,1788747765.320635,0.0,0.0,0.0,0.0,0.0,0.0
292.483430,1788747765.422594,0.0,0.0,0.0,0.0,0.0,0.0
292.585367,1788747765.524531,0.0,0.0,0.0,0.0,0.0,0.0
292.687272,1788747765.626436,0.0,0.0,0.0,0.0,0.0,0.0
292.789145,1788747765.728309,0.0,0.0,0.0,0.0,0.0,0.0
292.891418,1788747765.830581,0.0,0.0,0.0,0.0,0.0,0.0
292.993238,1788747765.932402,0.0,0.0,0.0,0.0,0.0,0.0
293.095867,1788747766.035031,0.0,0.0,0.0,0.0,0.0,0.0
293.197150,1788747766.136313,0.0,0.0,0.0,0.0,0.0,0.0
293.299685,1788747766.238848,0.0,0.0,0.0,0.0,0.0,0.0
293.401155,1788747766.340319,0.0,0.0,0.0,0.0,0.0,0.0
293.503123,1788747766.442287,0.0,0.0,0.0,0.0,0.0,0.0
293.605033,1788747766.544197,0.0,0.0,0.0,0.0,0.0,0.0
293.706905,1788747766.646069,0.0,0.0,0.0,0.0,0.0,0.0
293.808846,1788747766.748010,0.0,0.0,0.0,0.0,0.0,0.0
293.910882,1788747766.850046,0.0,0.0,0.0,0.0,0.0,0.0
294.013894,1788747766.953058,0.0,0.0,0.0,0.0,0.0,0.0
294.115075,1788747767.054238,0.0,0.0,0.0,0.0,0.0,0.0
294.217040,1788747767.156204,0.0,0.0,0.0,0.0,0.0,0.0
294.318895,1788747767.258059,0.0,0.0,0.0,0.0,0.0,0.0
294.420840,1788747767.360003,0.0,0.0,0.0,0.0,0.0,0.0
294.522804,1788747767.461967,0.0,0.0,0.0,0.0,0.0,0.0
294.624786,1788747767.563950,0.0,0.0,0.0,0.0,0.0,0.0
294.726868,1788747767.666032,0.0,0.0,0.0,0.0,0.0,0.0
294.828783,1788747767.767947,0.0,0.0,0.0,0.0,0.0,0.0
294.930875,1788747767.870039,0.0,0.0,0.0,0.0,0.0,0.0
295.032773,1788747767.971937,0.0,0.0,0.0,0.0,0.0,0.0
295.134651,1788747768.073815,0.0,0.0,0.0,0.0,0.0,0.0
295.236549,1788747768.175712,0.0,0.0,0.0,0.0,0.0,0.0
295.338488,1788747768.277652,0.0,0.0,0.0,0.0,0.0,0.0
295.440425,1788747768.379589,0.0,0.0,0.0,0.0,0.0,0.0
295.542987,1788747768.482151,0.0,0.0,0.0,0.0,0.0,0.0
295.644538,1788747768.583702,0.0,0.0,0.0,0.0,0.0,0.0
295.746388,1788747768.685552,0.0,0.0,0.0,0.0,0.0,0.0
295.848463,1788747768.787627,0.0,0.0,0.0,0.0,0.0,0.0
295.950645,1788747768.889809,0.0,0.0,0.0,0.0,0.0,0.0
296.052598,1788747768.991761,0.0,0.0,0.0,0.0,0.0,0.0
296.154745,1788747769.093908,0.0,0.0,0.0,0.0,0.0,0.0
296.256657,1788747769.195820,0.0,0.0,0.0,0.0,0.0,0.0
296.358819,1788747769.297983,0.0,0.0,0.0,0.0,0.0,0.0
296.460607,1788747769.399770,0.0,0.0,0.0,0.0,0.0,0.0
296.563146,1788747769.502310,0.0,0.0,0.0,0.0,0.0,0.0
296.664684,1788747769.603848,0.0,0.0,0.0,0.0,0.0,0.0
296.766752,1788747769.705916,0.0,0.0,0.0,0.0,0.0,0.0
296.868818,1788747769.807981,0.0,0.0,0.0,0.0,0.0,0.0
296.971889,1788747769.911052,0.0,0.0,0.0,0.0,0.0,0.0
297.073021,1788747770.012184,0.0,0.0,0.0,0.0,0.0,0.0
297.175030,1788747770.114194,0.0,0.0,0.0,0.0,0.0,0.0
297.277006,1788747770.216170,0.0,0.0,0.0,0.0,0.0,0.0
297.379004,1788747770.318167,0.0,0.0,0.0,0.0,0.0,0.0
297.481037,1788747770.420201,0.0,0.0,0.0,0.0,0.0,0.0
297.582994,1788747770.522158,0.0,0.0,0.0,0.0,0.0,0.0
297.684865,1788747770.624029,0.0,0.0,0.0,0.0,0.0,0.0
297.786865,1788747770.726028,0.0,0.0,0.0,0.0,0.0,0.0
297.889083,1788747770.828247,0.0,0.0,0.0,0.0,0.0,0.0
297.990928,1788747770.930091,0.0,0.0,0.0,0.0,0.0,0.0
298.092909,1788747771.032073,0.0,0.0,0.0,0.0,0.0,0.0
298.194961,1788747771.134124,0.0,0.0,0.0,0.0,0.0,0.0
298.296947,1788747771.236111,0.0,0.0,0.0,0.0,0.0,0.0
298.398986,1788747771.338150,0.0,0.0,0.0,0.0,0.0,0.0
298.500999,1788747771.440163,0.0,0.0,0.0,0.0,0.0,0.0
298.602939,1788747771.542102,0.0,0.0,0.0,0.0,0.0,0.0
298.704970,1788747771.644133,0.0,0.0,0.0,0.0,0.0,0.0
298.806817,1788747771.745981,0.0,0.0,0.0,0.0,0.0,0.0
298.908867,1788747771.848031,0.0,0.0,0.0,0.0,0.0,0.0
299.010662,1788747771.949826,0.0,0.0,0.0,0.0,0.0,0.0
299.112985,1788747772.052149,0.0,0.0,0.0,0.0,0.0,0.0
299.214829,1788747772.153993,0.0,0.0,0.0,0.0,0.0,0.0
299.316835,1788747772.255998,0.0,0.0,0.0,0.0,0.0,0.0
299.418849,1788747772.358012,0.0,0.0,0.0,0.0,0.0,0.0
299.520766,1788747772.459930,0.0,0.0,0.0,0.0,0.0,0.0
299.622770,1788747772.561934,0.0,0.0,0.0,0.0,0.0,0.0
299.724764,1788747772.663928,0.0,0.0,0.0,0.0,0.0,0.0
299.826742,1788747772.765906,0.0,0.0,0.0,0.0,0.0,0.0
299.929013,1788747772.868177,0.0,0.0,0.0,0.0,0.0,0.0
300.031273,1788747772.970437,0.0,0.0,0.0,0.0,0.0,0.0
300.133304,1788747773.072468,0.0,0.0,0.0,0.0,0.0,0.0
300.235285,1788747773.174449,0.0,0.0,0.0,0.0,0.0,0.0
300.337349,1788747773.276513,0.0,0.0,0.0,0.0,0.0,0.0
300.439429,1788747773.378592,0.0,0.0,0.0,0.0,0.0,0.0
300.541410,1788747773.480574,0.0,0.0,0.0,0.0,0.0,0.0
300.643398,1788747773.582561,0.0,0.0,0.0,0.0,0.0,0.0
300.745362,1788747773.684525,0.0,0.0,0.0,0.0,0.0,0.0
300.847262,1788747773.786426,0.0,0.0,0.0,0.0,0.0,0.0
300.949445,1788747773.888609,0.0,0.0,0.0,0.0,0.0,0.0
301.051370,1788747773.990534,0.0,0.0,0.0,0.0,0.0,0.0
301.153317,1788747774.092481,0.0,0.0,0.0,0.0,0.0,0.0
301.255211,1788747774.194375,0.0,0.0,0.0,0.0,0.0,0.0
301.357110,1788747774.296274,0.0,0.0,0.0,0.0,0.0,0.0
301.458948,1788747774.398111,0.0,0.0,0.0,0.0,0.0,0.0
301.560779,1788747774.499943,0.0,0.0,0.0,0.0,0.0,0.0
301.662741,1788747774.601905,0.0,0.0,0.0,0.0,0.0,0.0
301.764740,1788747774.703904,0.0,0.0,0.0,0.0,0.0,0.0
301.866852,1788747774.806015,0.0,0.0,0.0,0.0,0.0,0.0
301.969000,1788747774.908164,0.0,0.0,0.0,0.0,0.0,0.0
302.071047,1788747775.010211,0.0,0.0,0.0,0.0,0.0,0.0
302.173250,1788747775.112414,0.0,0.0,0.0,0.0,0.0,0.0
302.275352,1788747775.214516,0.0,0.0,0.0,0.0,0.0,0.0
302.377659,1788747775.316823,0.0,0.0,0.0,0.0,0.0,0.0
302.479602,1788747775.418766,0.0,0.0,0.0,0.0,0.0,0.0
302.581656,1788747775.520820,0.0,0.0,0.0,0.0,0.0,0.0
302.683781,1788747775.622945,0.0,0.0,0.0,0.0,0.0,0.0
302.785976,1788747775.725140,0.0,0.0,0.0,0.0,0.0,0.0
302.888580,1788747775.827744,0.0,0.0,0.0,0.0,0.0,0.0
302.990429,1788747775.929593,0.0,0.0,0.0,0.0,0.0,0.0
303.092468,1788747776.031631,0.0,0.0,0.0,0.0,0.0,0.0
303.194519,1788747776.133683,0.0,0.0,0.0,0.0,0.0,0.0
303.296544,1788747776.235708,0.0,0.0,0.0,0.0,0.0,0.0
303.398619,1788747776.337783,0.0,0.0,0.0,0.0,0.0,0.0
303.500710,1788747776.439874,0.0,0.0,0.0,0.0,0.0,0.0
303.602824,1788747776.541988,0.0,0.0,0.0,0.0,0.0,0.0
303.704971,1788747776.644135,0.0,0.0,0.0,0.0,0.0,0.0
303.807072,1788747776.746235,0.0,0.0,0.0,0.0,0.0,0.0
303.909501,1788747776.848665,0.0,0.0,0.0,0.0,0.0,0.0
304.011944,1788747776.951108,0.0,0.0,0.0,0.0,0.0,0.0
304.113696,1788747777.052859,0.0,0.0,0.0,0.0,0.0,0.0
304.215805,1788747777.154969,0.0,0.0,0.0,0.0,0.0,0.0
304.317869,1788747777.257033,0.0,0.0,0.0,0.0,0.0,0.0
304.420025,1788747777.359188,0.0,0.0,0.0,0.0,0.0,0.0
304.522013,1788747777.461176,0.0,0.0,0.0,0.0,0.0,0.0
304.624044,1788747777.563208,0.0,0.0,0.0,0.0,0.0,0.0
304.726092,1788747777.665255,0.0,0.0,0.0,0.0,0.0,0.0
304.828147,1788747777.767311,0.0,0.0,0.0,0.0,0.0,0.0
304.930442,1788747777.869606,0.0,0.0,0.0,0.0,0.0,0.0
305.032574,1788747777.971738,0.0,0.0,0.0,0.0,0.0,0.0
305.134804,1788747778.073967,0.0,0.0,0.0,0.0,0.0,0.0
305.236720,1788747778.175884,0.0,0.0,0.0,0.0,0.0,0.0
305.338836,1788747778.278000,0.0,0.0,0.0,0.0,0.0,0.0
305.441059,1788747778.380223,0.0,0.0,0.0,0.0,0.0,0.0
305.543265,1788747778.482429,0.0,0.0,0.0,0.0,0.0,0.0
305.645440,1788747778.584604,0.0,0.0,0.0,0.0,0.0,0.0
305.747529,1788747778.686692,0.0,0.0,0.0,0.0,0.0,0.0
305.849680,1788747778.788844,0.0,0.0,0.0,0.0,0.0,0.0
305.952380,1788747778.891544,0.0,0.0,0.0,0.0,0.0,0.0
306.054190,1788747778.993353,0.0,0.0,0.0,0.0,0.0,0.0
306.156272,1788747779.095436,0.0,0.0,0.0,0.0,0.0,0.0
306.258374,1788747779.197538,0.0,0.0,0.0,0.0,0.0,0.0
306.360502,1788747779.299666,0.0,0.0,0.0,0.0,0.0,0.0
306.462695,1788747779.401859,0.0,0.0,0.0,0.0,0.0,0.0
306.564856,1788747779.504019,0.0,0.0,0.0,0.0,0.0,0.0
306.666922,1788747779.606086,0.0,0.0,0.0,0.0,0.0,0.0
306.769042,1788747779.708205,0.0,0.0,0.0,0.0,0.0,0.0
306.871167,1788747779.810331,0.0,0.0,0.0,0.0,0.0,0.0
306.973329,1788747779.912493,0.0,0.0,0.0,0.0,0.0,0.0
307.075432,1788747780.014596,0.0,0.0,0.0,0.0,0.0,0.0
307.177545,1788747780.116708,0.0,0.0,0.0,0.0,0.0,0.0
307.279683,1788747780.218847,0.0,0.0,0.0,0.0,0.0,0.0
307.381820,1788747780.320983,0.0,0.0,0.0,0.0,0.0,0.0
307.483909,1788747780.423073,0.0,0.0,0.0,0.0,0.0,0.0
307.585993,1788747780.525157,0.0,0.0,0.0,0.0,0.0,0.0
307.688634,1788747780.627798,0.0,0.0,0.0,0.0,0.0,0.0
307.790687,1788747780.729851,0.0,0.0,0.0,0.0,0.0,0.0
307.892596,1788747780.831760,0.0,0.0,0.0,0.0,0.0,0.0
307.994412,1788747780.933576,0.0,0.0,0.0,0.0,0.0,0.0
308.096566,1788747781.035730,0.0,0.0,0.0,0.0,0.0,0.0
308.198656,1788747781.137820,0.0,0.0,0.0,0.0,0.0,0.0
308.300765,1788747781.239929,0.0,0.0,0.0,0.0,0.0,0.0
308.402990,1788747781.342154,0.0,0.0,0.0,0.0,0.0,0.0
308.505061,1788747781.444225,0.0,0.0,0.0,0.0,0.0,0.0
308.607157,1788747781.546321,0.0,0.0,0.0,0.0,0.0,0.0
308.709013,1788747781.648177,0.0,0.0,0.0,0.0,0.0,0.0
308.810994,1788747781.750157,0.0,0.0,0.0,0.0,0.0,0.0
308.913462,1788747781.852626,0.0,0.0,0.0,0.0,0.0,0.0
309.015309,1788747781.954472,0.0,0.0,0.0,0.0,0.0,0.0
309.117352,1788747782.056516,0.0,0.0,0.0,0.0,0.0,0.0
309.219414,1788747782.158578,0.0,0.0,0.0,0.0,0.0,0.0
309.321420,1788747782.260584,0.0,0.0,0.0,0.0,0.0,0.0
309.423469,1788747782.362633,0.0,0.0,0.0,0.0,0.0,0.0
309.525449,1788747782.464613,0.0,0.0,0.0,0.0,0.0,0.0
309.627589,1788747782.566752,0.0,0.0,0.0,0.1,0.0,0.0
309.729670,1788747782.668833,0.0,0.0,0.0,0.1,0.0,0.0
309.831681,1788747782.770845,0.0,0.0,0.0,0.1,0.0,0.0
309.933912,1788747782.873076,0.0,0.0,0.0,0.1,0.0,0.0
310.035982,1788747782.975146,0.0,0.0,0.0,0.1,0.0,0.0
310.138044,1788747783.077207,0.0,0.0,0.0,0.1,0.0,0.0
310.240086,1788747783.179250,0.0,0.0,0.0,0.1,0.0,0.0
310.342190,1788747783.281354,0.0,0.0,0.0,0.1,0.0,0.0
310.444140,1788747783.383304,0.0,0.0,0.0,0.1,0.0,0.0
310.546063,1788747783.485227,0.0,0.0,0.0,0.1,0.0,0.0
310.647943,1788747783.587107,0.0,0.0,0.0,0.1,0.0,0.0
310.749797,1788747783.688961,0.0,0.0,0.0,0.1,0.0,0.0
310.851676,1788747783.790839,0.0,0.0,0.0,0.1,0.0,0.0
310.953797,1788747783.892961,0.0,0.0,0.0,0.1,0.0,0.0
311.055773,1788747783.994937,0.0,0.0,0.0,0.1,0.0,0.0
311.157965,1788747784.097128,0.0,0.0,0.0,0.1,0.0,0.0
311.460555,1788747784.399719,0.0,0.0,0.0,0.0,0.0,0.0
311.562483,1788747784.501647,0.0,0.0,0.0,0.0,0.0,0.0
311.664325,1788747784.603489,0.0,0.0,0.0,0.0,0.0,0.0
311.766780,1788747784.705944,0.0,0.0,0.0,0.0,0.0,0.0
311.868573,1788747784.807737,0.0,0.0,0.0,0.0,0.0,0.0
311.970408,1788747784.909571,0.0,0.0,0.0,0.0,0.0,0.0
312.072206,1788747785.011370,0.0,0.0,0.0,0.0,0.0,0.0
312.173986,1788747785.113149,0.0,0.0,0.0,0.0,0.0,0.0
312.275847,1788747785.215011,0.0,0.0,0.0,0.0,0.0,0.0
312.377745,1788747785.316908,0.0,0.0,0.0,0.0,0.0,0.0
312.479602,1788747785.418766,0.0,0.0,0.0,0.0,0.0,0.0
312.581481,1788747785.520645,0.0,0.0,0.0,0.0,0.0,0.0
312.683369,1788747785.622533,0.0,0.0,0.0,0.0,0.0,0.0
312.785256,1788747785.724419,0.0,0.0,0.0,0.0,0.0,0.0
312.887238,1788747785.826402,0.0,0.0,0.0,0.0,0.0,0.0
312.989105,1788747785.928268,0.0,0.0,0.0,0.0,0.0,0.0
313.091451,1788747786.030615,0.0,0.0,0.0,0.0,0.0,0.0
313.192766,1788747786.131930,0.0,0.0,0.0,0.0,0.0,0.0
313.294591,1788747786.233755,0.0,0.0,0.0,0.0,0.0,0.0
313.396435,1788747786.335599,0.0,0.0,0.0,0.0,0.0,0.0
313.498272,1788747786.437436,0.0,0.0,0.0,0.0,0.0,0.0
313.600099,1788747786.539263,0.0,0.0,0.0,0.0,0.0,0.0
313.701977,1788747786.641141,0.0,0.0,0.0,0.0,0.0,0.0
313.803844,1788747786.743007,0.0,0.0,0.0,0.0,0.0,0.0
313.905714,1788747786.844877,0.0,0.0,0.0,0.0,0.0,0.0
314.007564,1788747786.946728,0.0,0.0,0.0,0.0,0.0,0.0
314.109436,1788747787.048599,0.0,0.0,0.0,0.0,0.0,0.0
314.211250,1788747787.150414,0.0,0.0,0.0,0.0,0.0,0.0
314.314195,1788747787.253358,0.0,0.0,0.0,0.0,0.0,0.0
314.414926,1788747787.354089,0.0,0.0,0.0,0.0,0.0,0.0
314.517790,1788747787.456954,0.0,0.0,0.0,0.0,0.0,0.0
314.618527,1788747787.557691,0.0,0.0,0.0,0.0,0.0,0.0
314.720337,1788747787.659501,0.0,0.0,0.0,0.0,0.0,0.0
314.822222,1788747787.761386,0.0,0.0,0.0,0.0,0.0,0.0
314.924074,1788747787.863237,0.0,0.0,0.0,0.0,0.0,0.0
315.025892,1788747787.965056,0.0,0.0,0.0,0.0,0.0,0.0
315.127733,1788747788.066897,0.0,0.0,0.0,0.0,0.0,0.0
315.229615,1788747788.168778,0.0,0.0,0.0,0.0,0.0,0.0
315.331455,1788747788.270619,0.0,0.0,0.0,0.0,0.0,0.0
315.433354,1788747788.372517,0.0,0.0,0.0,0.0,0.0,0.0
315.535181,1788747788.474345,0.0,0.0,0.0,0.0,0.0,0.0
315.637011,1788747788.576174,0.0,0.0,0.0,0.0,0.0,0.0
315.738862,1788747788.678025,0.0,0.0,0.0,0.0,0.0,0.0
315.840743,1788747788.779907,0.0,0.0,0.0,0.0,0.0,0.0
315.942673,1788747788.881837,0.0,0.0,0.0,0.0,0.0,0.0
316.044538,1788747788.983702,0.0,0.0,0.0,0.0,0.0,0.0
316.146367,1788747789.085531,0.0,0.0,0.0,0.0,0.0,0.0
316.248258,1788747789.187421,0.0,0.0,0.0,0.0,0.0,0.0
316.350098,1788747789.289262,0.0,0.0,0.0,0.0,0.0,0.0
316.451961,1788747789.391124,0.0,0.0,0.0,0.0,0.0,0.0
316.553803,1788747789.492967,0.0,0.0,0.0,0.0,0.0,0.0
316.655685,1788747789.594848,0.0,0.0,0.0,0.0,0.0,0.0
316.757567,1788747789.696730,0.0,0.0,0.0,0.0,0.0,0.0
316.859394,1788747789.798558,0.0,0.0,0.0,0.0,0.0,0.0
316.961348,1788747789.900512,0.0,0.0,0.0,0.0,0.0,0.0
317.063228,1788747790.002392,0.0,0.0,0.0,0.0,0.0,0.0
317.165094,1788747790.104257,0.0,0.0,0.0,0.0,0.0,0.0
317.266936,1788747790.206099,0.0,0.0,0.0,0.0,0.0,0.0
317.368993,1788747790.308156,0.0,0.0,0.0,0.0,0.0,0.0
317.471132,1788747790.410296,0.0,0.0,0.0,0.0,0.0,0.0
317.572636,1788747790.511800,0.0,0.0,0.0,0.0,0.0,0.0
317.674024,1788747790.613188,0.0,0.0,0.0,0.0,0.0,0.0
317.775593,1788747790.714756,0.0,0.0,0.0,0.0,0.0,0.0
317.877352,1788747790.816516,0.0,0.0,0.0,0.0,0.0,0.0
317.979145,1788747790.918309,0.0,0.0,0.0,0.0,0.0,0.0
318.080589,1788747791.019753,0.0,0.0,0.0,0.0,0.0,0.0
318.182742,1788747791.121905,0.0,0.0,0.0,0.0,0.0,0.0
318.284252,1788747791.223416,0.0,0.0,0.0,0.0,0.0,0.0
318.385748,1788747791.324911,0.0,0.0,0.0,0.0,0.0,0.0
318.487890,1788747791.427053,0.0,0.0,0.0,0.0,0.0,0.0
318.592837,1788747791.532001,0.0,0.0,0.0,0.0,0.0,0.0
318.698235,1788747791.637399,0.0,0.0,0.0,0.0,0.0,0.0
318.799142,1788747791.738306,0.0,0.0,0.0,0.0,0.0,0.0
318.901097,1788747791.840260,0.0,0.0,0.0,0.0,0.0,0.0
319.002320,1788747791.941483,0.0,0.0,0.0,0.0,0.0,0.0
319.104053,1788747792.043216,0.0,0.0,0.0,0.0,0.0,0.0
319.206367,1788747792.145530,0.0,0.0,0.0,0.0,0.0,0.0
319.308998,1788747792.248162,0.0,0.0,0.0,0.0,0.0,0.0
319.410506,1788747792.349669,0.0,0.0,0.0,0.0,0.0,0.0
319.511974,1788747792.451138,0.0,0.0,0.0,0.0,0.0,0.0
319.613499,1788747792.552663,0.0,0.0,0.0,0.0,0.0,0.0
319.715114,1788747792.654278,0.0,0.0,0.0,0.0,0.0,0.0
319.817173,1788747792.756337,0.0,0.0,0.0,0.0,0.0,0.0
319.918501,1788747792.857665,0.0,0.0,0.0,0.0,0.0,0.0
320.020117,1788747792.959280,0.0,0.0,0.0,0.0,0.0,0.0
320.121869,1788747793.061033,0.0,0.0,0.0,0.0,0.0,0.0
320.223987,1788747793.163151,0.0,0.0,0.0,0.0,0.0,0.0
320.325105,1788747793.264269,0.0,0.0,0.0,0.0,0.0,0.0
320.426705,1788747793.365869,0.0,0.0,0.0,0.0,0.0,0.0
320.528332,1788747793.467496,0.0,0.0,0.0,0.0,0.0,0.0
320.629880,1788747793.569044,0.0,0.0,0.0,0.0,0.0,0.0
320.731423,1788747793.670587,0.0,0.0,0.0,0.0,0.0,0.0
320.833108,1788747793.772272,0.0,0.0,0.0,0.0,0.0,0.0
320.934932,1788747793.874096,0.0,0.0,0.0,0.0,0.0,0.0
321.036431,1788747793.975595,0.0,0.0,0.0,0.0,0.0,0.0
321.138007,1788747794.077171,0.0,0.0,0.0,0.0,0.0,0.0
321.239590,1788747794.178754,0.0,0.0,0.0,0.0,0.0,0.0
321.341279,1788747794.280442,0.0,0.0,0.0,0.0,0.0,0.0
321.442948,1788747794.382112,0.0,0.0,0.0,0.0,0.0,0.0
321.544695,1788747794.483859,0.0,0.0,0.0,0.0,0.0,0.0
321.646310,1788747794.585473,0.0,0.0,0.0,0.0,0.0,0.0
321.747792,1788747794.686955,0.0,0.0,0.0,0.0,0.0,0.0
321.849325,1788747794.788488,0.0,0.0,0.0,0.0,0.0,0.0
321.951047,1788747794.890210,0.0,0.0,0.0,0.0,0.0,0.0
322.052558,1788747794.991721,0.0,0.0,0.0,0.0,0.0,0.0
322.154038,1788747795.093202,0.0,0.0,0.0,0.0,0.0,0.0
322.255527,1788747795.194690,0.0,0.0,0.0,0.0,0.0,0.0
322.357048,1788747795.296211,0.0,0.0,0.0,0.0,0.0,0.0
322.458563,1788747795.397726,0.0,0.0,0.0,0.0,0.0,0.0
322.560813,1788747795.499977,0.0,0.0,0.0,0.0,0.0,0.0
322.663079,1788747795.602243,0.0,0.0,0.0,0.0,0.0,0.0
322.765005,1788747795.704169,0.0,0.0,0.0,0.0,0.0,0.0
322.866933,1788747795.806096,0.0,0.0,0.0,0.0,0.0,0.0
322.968951,1788747795.908115,0.0,0.0,0.0,0.0,0.0,0.0
323.070838,1788747796.010002,0.0,0.0,0.0,0.0,0.0,0.0
323.172941,1788747796.112105,0.0,0.0,0.0,0.0,0.0,0.0
323.274829,1788747796.213993,0.0,0.0,0.0,0.0,0.0,0.0
323.376953,1788747796.316117,0.0,0.0,0.0,0.0,0.0,0.0
323.478935,1788747796.418099,0.0,0.0,0.0,0.0,0.0,0.0
323.581051,1788747796.520215,0.0,0.0,0.0,0.0,0.0,0.0
323.682984,1788747796.622147,0.0,0.0,0.0,0.0,0.0,0.0
323.785150,1788747796.724314,0.0,0.0,0.0,0.0,0.0,0.0
323.887372,1788747796.826535,0.0,0.0,0.0,0.0,0.0,0.0
323.989181,1788747796.928344,0.0,0.0,0.0,0.0,0.0,0.0
324.091139,1788747797.030303,0.0,0.0,0.0,0.0,0.0,0.0
324.193009,1788747797.132173,0.0,0.0,0.0,0.0,0.0,0.0
324.295000,1788747797.234163,0.0,0.0,0.0,0.0,0.0,0.0
324.396897,1788747797.336061,0.0,0.0,0.0,0.0,0.0,0.0
324.498854,1788747797.438018,0.0,0.0,0.0,0.0,0.0,0.0
324.600776,1788747797.539940,0.0,0.0,0.0,0.0,0.0,0.0
324.702698,1788747797.641862,0.0,0.0,0.0,0.0,0.0,0.0
324.804816,1788747797.743980,0.0,0.0,0.0,0.0,0.0,0.0
324.906868,1788747797.846032,0.0,0.0,0.0,0.0,0.0,0.0
325.008777,1788747797.947941,0.0,0.0,0.0,0.0,0.0,0.0
325.110737,1788747798.049901,0.0,0.0,0.0,0.0,0.0,0.0
325.212802,1788747798.151966,0.0,0.0,0.0,0.0,0.0,0.0
325.314850,1788747798.254014,0.0,0.0,0.0,0.0,0.0,0.0
325.416919,1788747798.356083,0.0,0.0,0.0,0.0,0.0,0.0
325.518927,1788747798.458091,0.0,0.0,0.0,0.0,0.0,0.0
325.620992,1788747798.560156,0.0,0.0,0.0,0.0,0.0,0.0
325.723057,1788747798.662220,0.0,0.0,0.0,0.0,0.0,0.0
325.825136,1788747798.764300,0.0,0.0,0.0,0.0,0.0,0.0
325.927332,1788747798.866496,0.0,0.0,0.0,0.0,0.0,0.0
326.029296,1788747798.968460,0.0,0.0,0.0,0.0,0.0,0.0
326.131365,1788747799.070529,0.0,0.0,0.0,0.0,0.0,0.0
326.233300,1788747799.172464,0.0,0.0,0.0,0.0,0.0,0.0
326.335208,1788747799.274372,0.0,0.0,0.0,0.0,0.0,0.0
326.437243,1788747799.376407,0.0,0.0,0.0,0.0,0.0,0.0
326.539188,1788747799.478352,0.0,0.0,0.0,0.0,0.0,0.0
326.641193,1788747799.580357,0.0,0.0,0.0,0.0,0.0,0.0
326.743094,1788747799.682258,0.0,0.0,0.0,0.0,0.0,0.0
326.845114,1788747799.784278,0.0,0.0,0.0,0.0,0.0,0.0
326.947531,1788747799.886694,0.0,0.0,0.0,0.0,0.0,0.0
327.049299,1788747799.988463,0.0,0.0,0.0,0.0,0.0,0.0
327.151255,1788747800.090418,0.0,0.0,0.0,0.0,0.0,0.0
327.253180,1788747800.192343,0.0,0.0,0.0,0.0,0.0,0.0
327.355083,1788747800.294247,0.0,0.0,0.0,0.0,0.0,0.0
327.457010,1788747800.396173,0.0,0.0,0.0,0.0,0.0,0.0
327.558947,1788747800.498111,0.0,0.0,0.0,0.0,0.0,0.0
327.660942,1788747800.600106,0.0,0.0,0.0,0.0,0.0,0.0
327.763553,1788747800.702716,0.0,0.0,0.0,0.0,0.0,0.0
327.864935,1788747800.804099,0.0,0.0,0.0,0.0,0.0,0.0
327.967003,1788747800.906167,0.0,0.0,0.0,0.0,0.0,0.0
328.068887,1788747801.008051,0.0,0.0,0.0,0.0,0.0,0.0
328.170786,1788747801.109950,0.0,0.0,0.0,0.0,0.0,0.0
328.272670,1788747801.211833,0.0,0.0,0.0,0.0,0.0,0.0
328.374558,1788747801.313722,0.0,0.0,0.0,0.0,0.0,0.0
328.476451,1788747801.415615,0.0,0.0,0.0,0.0,0.0,0.0
328.578331,1788747801.517495,0.0,0.0,0.0,0.0,0.0,0.0
328.680317,1788747801.619481,0.0,0.0,0.0,0.0,0.0,0.0
328.782248,1788747801.721411,0.0,0.0,0.0,0.0,0.0,0.0
328.884509,1788747801.823673,0.0,0.0,0.0,0.0,0.0,0.0
328.986337,1788747801.925501,0.0,0.0,0.0,0.0,0.0,0.0
329.088995,1788747802.028158,0.0,0.0,0.0,0.0,0.0,0.0
329.190602,1788747802.129766,0.0,0.0,0.0,0.0,0.0,0.0
329.292645,1788747802.231808,0.0,0.0,0.0,0.0,0.0,0.0
329.394843,1788747802.334006,0.0,0.0,0.0,0.0,0.0,0.0
329.496904,1788747802.436068,0.0,0.0,0.0,0.0,0.0,0.0
329.598984,1788747802.538148,0.0,0.0,0.0,0.0,0.0,0.0
329.701080,1788747802.640243,0.0,0.0,0.0,0.0,0.0,0.0
329.803093,1788747802.742257,0.0,0.0,0.0,0.0,0.0,0.0
329.905552,1788747802.844716,0.0,0.0,0.0,0.0,0.0,0.0
330.007934,1788747802.947098,0.0,0.0,0.0,0.0,0.0,0.0
330.109770,1788747803.048934,0.0,0.0,0.0,0.0,0.0,0.0
330.212382,1788747803.151546,0.0,0.0,0.0,0.0,0.0,0.0
330.313671,1788747803.252834,0.0,0.0,0.0,0.0,0.0,0.0
330.416054,1788747803.355218,0.0,0.0,0.0,0.0,0.0,0.0
330.517795,1788747803.456959,0.0,0.0,0.0,0.0,0.0,0.0
330.619850,1788747803.559013,0.0,0.0,0.0,0.0,0.0,0.0
330.722028,1788747803.661192,0.0,0.0,0.0,0.0,0.0,0.0
330.824032,1788747803.763196,0.0,0.0,0.0,0.0,0.0,0.0
330.926210,1788747803.865374,0.0,0.0,0.0,0.0,0.0,0.0
331.028241,1788747803.967405,0.0,0.0,0.0,0.0,0.0,0.0
331.130309,1788747804.069473,0.0,0.0,0.0,0.0,0.0,0.0
331.232347,1788747804.171510,0.0,0.0,0.0,0.0,0.0,0.0
331.334413,1788747804.273577,0.0,0.0,0.0,0.0,0.0,0.0
331.436499,1788747804.375663,0.0,0.0,0.0,0.0,0.0,0.0
331.538509,1788747804.477673,0.0,0.0,0.0,0.0,0.0,0.0
331.640530,1788747804.579694,0.0,0.0,0.0,0.0,0.0,0.0
331.742498,1788747804.681662,0.0,0.0,0.0,0.0,0.0,0.0
331.844557,1788747804.783720,0.0,0.0,0.0,0.0,0.0,0.0
331.946699,1788747804.885863,0.0,0.0,0.0,0.0,0.0,0.0
332.048705,1788747804.987869,0.0,0.0,0.0,0.0,0.0,0.0
332.153680,1788747805.092844,0.0,0.0,0.0,0.0,0.0,0.0
332.255521,1788747805.194685,0.0,0.0,0.0,0.0,0.0,0.0
332.357318,1788747805.296482,0.0,0.0,0.0,0.0,0.0,0.0
332.459085,1788747805.398249,0.0,0.0,0.0,0.0,0.0,0.0
332.560856,1788747805.500019,0.0,0.0,0.0,0.0,0.0,0.0
332.662700,1788747805.601863,0.0,0.0,0.0,0.0,0.0,0.0
332.764543,1788747805.703706,0.0,0.0,0.0,0.0,0.0,0.0
332.866321,1788747805.805485,0.0,0.0,0.0,0.0,0.0,0.0
332.968122,1788747805.907285,0.0,0.0,0.0,0.0,0.0,0.0
333.069931,1788747806.009095,0.0,0.0,0.0,0.0,0.0,0.0
333.172056,1788747806.111220,0.0,0.0,0.0,0.0,0.0,0.0
333.273508,1788747806.212672,0.0,0.0,0.0,0.0,0.0,0.0
333.375309,1788747806.314473,0.0,0.0,0.0,0.0,0.0,0.0
333.477103,1788747806.416267,0.0,0.0,0.0,0.0,0.0,0.0
333.578874,1788747806.518037,0.0,0.0,0.0,0.0,0.0,0.0
333.681410,1788747806.620573,0.0,0.0,0.0,0.0,0.0,0.0
333.782694,1788747806.721858,0.0,0.0,0.0,0.0,0.0,0.0
333.884925,1788747806.824088,0.0,0.0,0.0,0.0,0.0,0.0
333.986808,1788747806.925972,0.0,0.0,0.0,0.0,0.0,0.0
334.088784,1788747807.027948,0.0,0.0,0.0,0.0,0.0,0.0
334.190743,1788747807.129907,0.0,0.0,0.0,0.0,0.0,0.0
334.292691,1788747807.231854,0.0,0.0,0.0,0.0,0.0,0.0
334.395384,1788747807.334547,0.0,0.0,0.0,0.0,0.0,0.0
334.497278,1788747807.436442,0.0,0.0,0.0,0.0,0.0,0.0
334.600727,1788747807.539891,0.0,0.0,0.0,0.0,0.0,0.0
334.703615,1788747807.642779,0.0,0.0,0.0,0.0,0.0,0.0
334.805310,1788747807.744474,0.0,0.0,0.0,0.0,0.0,0.0
334.907847,1788747807.847011,0.0,0.0,0.0,0.0,0.0,0.0
335.009787,1788747807.948951,0.0,0.0,0.0,0.0,0.0,0.0
335.112145,1788747808.051309,0.0,0.0,0.0,0.0,0.0,0.0
335.214211,1788747808.153375,0.0,0.0,0.0,0.0,0.0,0.0
335.316365,1788747808.255529,0.0,0.0,0.0,0.0,0.0,0.0
335.418481,1788747808.357644,0.0,0.0,0.0,0.0,0.0,0.0
335.520612,1788747808.459775,0.0,0.0,0.0,0.0,0.0,0.0
335.622751,1788747808.561915,0.0,0.0,0.0,0.0,0.0,0.0
335.724832,1788747808.663996,0.0,0.0,0.0,0.0,0.0,0.0
335.827006,1788747808.766170,0.0,0.0,0.0,0.0,0.0,0.0
335.929345,1788747808.868508,0.0,0.0,0.0,0.0,0.0,0.0
336.031437,1788747808.970600,0.0,0.0,0.0,0.0,0.0,0.0
336.133529,1788747809.072692,0.0,0.0,0.0,0.0,0.0,0.0
336.235511,1788747809.174675,0.0,0.0,0.0,0.0,0.0,0.0
336.337698,1788747809.276861,0.0,0.0,0.0,0.0,0.0,0.0
336.439685,1788747809.378848,0.0,0.0,0.0,0.0,0.0,0.0
336.541771,1788747809.480935,0.0,0.0,0.0,0.0,0.0,0.0
336.643893,1788747809.583057,0.0,0.0,0.0,0.0,0.0,0.0
336.745888,1788747809.685052,0.0,0.0,0.0,0.0,0.0,0.0
336.847963,1788747809.787127,0.0,0.0,0.0,0.0,0.0,0.0
336.950247,1788747809.889411,0.0,0.0,0.0,0.0,0.0,0.0
337.052353,1788747809.991516,0.0,0.0,0.0,0.0,0.0,0.0
337.154559,1788747810.093723,0.0,0.0,0.0,0.0,0.0,0.0
337.256659,1788747810.195822,0.0,0.0,0.0,0.0,0.0,0.0
337.358793,1788747810.297957,0.0,0.0,0.0,0.0,0.0,0.0
337.460922,1788747810.400086,0.0,0.0,0.0,0.0,0.0,0.0
337.563158,1788747810.502322,0.0,0.0,0.0,0.0,0.0,0.0
337.665280,1788747810.604444,0.0,0.0,0.0,0.0,0.0,0.0
337.767429,1788747810.706592,0.0,0.0,0.0,0.0,0.0,0.0
337.869497,1788747810.808660,0.0,0.0,0.0,0.0,0.0,0.0
337.971532,1788747810.910696,0.0,0.0,0.0,0.0,0.0,0.0
338.073533,1788747811.012697,0.0,0.0,0.0,0.0,0.0,0.0
338.175637,1788747811.114800,0.0,0.0,0.0,0.0,0.0,0.0
338.277680,1788747811.216844,0.0,0.0,0.0,0.0,0.0,0.0
338.379780,1788747811.318944,0.0,0.0,0.0,0.0,0.0,0.0
338.481731,1788747811.420894,0.0,0.0,0.0,0.0,0.0,0.0
338.583734,1788747811.522898,0.0,0.0,0.0,0.0,0.0,0.0
338.685651,1788747811.624814,0.0,0.0,0.0,0.0,0.0,0.0
338.787745,1788747811.726909,0.0,0.0,0.0,0.0,0.0,0.0
338.890060,1788747811.829224,0.0,0.0,0.0,0.0,0.0,0.0
338.991849,1788747811.931013,0.0,0.0,0.0,0.0,0.0,0.0
339.093701,1788747812.032864,0.0,0.0,0.0,0.0,0.0,0.0
339.195795,1788747812.134959,0.0,0.0,0.0,0.0,0.0,0.0
339.297956,1788747812.237119,0.0,0.0,0.0,0.0,0.0,0.0
339.400055,1788747812.339219,0.0,0.0,0.0,0.0,0.0,0.0
339.502228,1788747812.441392,0.0,0.0,0.0,0.0,0.0,0.0
339.604325,1788747812.543489,0.0,0.0,0.0,0.0,0.0,0.0
339.706472,1788747812.645635,0.0,0.0,0.0,0.0,0.0,0.0
339.808546,1788747812.747709,0.0,0.0,0.0,0.0,0.0,0.0
339.911914,1788747812.851078,0.0,0.0,0.0,0.0,0.0,0.0
340.012968,1788747812.952131,0.0,0.0,0.0,0.0,0.0,0.0
340.115301,1788747813.054465,0.0,0.0,0.0,0.0,0.0,0.0
340.218807,1788747813.157971,0.0,0.0,0.0,0.0,0.0,0.0
340.322126,1788747813.261290,0.0,0.0,0.0,0.0,0.0,0.0
