_elapsed,_wall,contact_count,elapsed_s,state
0.201684,1788747473.140848,0,15.707048557000235,IDLE
0.303054,1788747473.242218,0,15.808477958000367,IDLE
0.404313,1788747473.343476,0,15.909953803999088,IDLE
0.505933,1788747473.445097,0,16.011405315999582,IDLE
0.607168,1788747473.546331,0,16.112824568999713,IDLE
0.708651,1788747473.647815,0,16.214281710999785,IDLE
0.810055,1788747473.749218,0,16.315699370999937,IDLE
0.911499,1788747473.850663,0,16.4171576789995,IDLE
1.013220,1788747473.952384,0,16.518548357998952,IDLE
1.114347,1788747474.053510,0,16.619931646999248,IDLE
1.215648,1788747474.154812,0,16.721301141000367,IDLE
1.317340,1788747474.256504,0,16.8226726339999,IDLE
1.418682,1788747474.357846,0,16.92401249700015,IDLE
1.520187,1788747474.459351,0,17.02541747199939,IDLE
1.621256,1788747474.560420,0,17.12682581700028,IDLE
1.722680,1788747474.661844,0,17.228235366999797,IDLE
1.823969,1788747474.763132,0,17.329602674999478,IDLE
1.925308,1788747474.864471,0,17.4309530190003,IDLE
2.027330,1788747474.966493,0,17.532513365998966,IDLE
2.129263,1788747475.068427,0,17.63416052699904,IDLE
2.230048,1788747475.169212,0,17.735674096000366,IDLE
2.332128,1788747475.271292,0,17.837177608000275,IDLE
2.433682,1788747475.372846,0,17.938520861000143,IDLE
2.534198,1788747475.473361,0,18.039876335000372,IDLE
2.635656,1788747475.574819,0,18.14124514300056,IDLE
2.737027,1788747475.676191,0,18.242623914000433,IDLE
2.838431,1788747475.777595,0,18.344025944999885,IDLE
2.939829,1788747475.878993,0,18.44539675299893,IDLE
3.041605,1788747475.980769,0,18.54717771200012,IDLE
3.143457,1788747476.082621,0,18.648964893000084,IDLE
3.245325,1788747476.184488,0,18.750801592999778,IDLE
3.347090,1788747476.286253,0,18.8525962549993,IDLE
3.448924,1788747476.388088,0,18.954431158999796,IDLE
3.550753,1788747476.489917,0,19.05623185799959,IDLE
3.652480,1788747476.591644,0,19.15804911399937,IDLE
3.754339,1788747476.693503,0,19.259840979999353,IDLE
3.856207,1788747476.795371,0,19.361633790998894,IDLE
3.957912,1788747476.897076,0,19.463438582999515,IDLE
4.059767,1788747476.998931,0,19.565220467999097,IDLE
4.162148,1788747477.101312,0,19.667038667999805,IDLE
4.263386,1788747477.202550,0,19.768900552999185,IDLE
4.365213,1788747477.304377,0,19.870824937999714,IDLE
4.467135,1788747477.406299,0,19.972686064998925,IDLE
4.569048,1788747477.508212,0,20.074578060999556,IDLE
4.670930,1788747477.610094,0,20.176469686999553,IDLE
4.772793,1788747477.711957,0,20.27835523899921,IDLE
4.874632,1788747477.813796,0,20.380209142998865,IDLE
4.976540,1788747477.915704,0,20.482094824999876,IDLE
5.078432,1788747478.017596,0,20.583988043999852,IDLE
5.180320,1788747478.119483,0,20.685893113999555,IDLE
5.282179,1788747478.221342,0,20.787736165999377,IDLE
5.384093,1788747478.323257,0,20.889624736999394,IDLE
5.485877,1788747478.425041,0,20.991476917999535,IDLE
5.587754,1788747478.526917,0,21.09332861799885,IDLE
5.689594,1788747478.628758,0,21.195197132999965,IDLE
5.791803,1788747478.730967,0,21.297329298000477,IDLE
5.894140,1788747478.833304,0,21.399716927000554,IDLE
5.996275,1788747478.935438,0,21.501635590999285,IDLE
6.098276,1788747479.037439,0,21.603617476999716,IDLE
6.200316,1788747479.139480,0,21.70566928900007,IDLE
6.302340,1788747479.241503,0,21.80768508300025,IDLE
6.404327,1788747479.343490,0,21.90973922900048,IDLE
6.506331,1788747479.445494,0,22.011817763999716,IDLE
6.608279,1788747479.547442,0,22.1139002609998,IDLE
6.710351,1788747479.649515,0,22.215921684999557,IDLE
6.812590,1788747479.751754,0,22.31811105399902,IDLE
6.914658,1788747479.853822,0,22.420274680998773,IDLE
7.016752,1788747479.955916,0,22.522391141999833,IDLE
7.118912,1788747480.058075,0,22.624479566000446,IDLE
7.221000,1788747480.160164,0,22.72656152699892,IDLE
7.323186,1788747480.262349,0,22.828735154998867,IDLE
7.425457,1788747480.364620,0,22.93082782000056,IDLE
7.527560,1788747480.466724,0,23.03292974299984,IDLE
7.629703,1788747480.568867,0,23.135069112000565,IDLE
7.731598,1788747480.670762,0,23.23713823899925,IDLE
7.833850,1788747480.773014,0,23.339342700999623,IDLE
7.936059,1788747480.875223,0,23.44154173700008,IDLE
8.038154,1788747480.977318,0,23.543671641999026,IDLE
8.140469,1788747481.079632,0,23.64598608599954,IDLE
8.242448,1788747481.181611,0,23.748018582999066,IDLE
8.344745,1788747481.283909,0,23.850201155999457,IDLE
8.446448,1788747481.385612,0,23.952058651999323,IDLE
8.548311,1788747481.487475,0,24.05393850099972,IDLE
8.650285,1788747481.589449,0,24.15591003500049,IDLE
8.752191,1788747481.691355,0,24.257813680000254,IDLE
8.854122,1788747481.793286,0,24.359757583999453,IDLE
8.956259,1788747481.895422,0,24.461890766999204,IDLE
9.058156,1788747481.997320,0,24.563759615999516,IDLE
9.160087,1788747482.099250,0,24.665691075999348,IDLE
9.262434,1788747482.201598,0,24.767642460999923,IDLE
9.364169,1788747482.303333,0,24.86972595899897,IDLE
9.466055,1788747482.405219,0,24.971602456000255,IDLE
9.567954,1788747482.507118,0,25.07348532300057,IDLE
9.669842,1788747482.609005,0,25.17542904199945,IDLE
9.771776,1788747482.710940,0,25.277323316999173,IDLE
9.873735,1788747482.812899,0,25.37929888799954,IDLE
9.975729,1788747482.914892,0,25.48129919999883,IDLE
10.078125,1788747483.017289,0,25.58324523400006,IDLE
10.179596,1788747483.118760,0,25.68514995300029,IDLE
10.281514,1788747483.220678,0,25.787086487000124,IDLE
10.383497,1788747483.322660,0,25.88901798400002,IDLE
10.485848,1788747483.425011,0,25.99092399899928,IDLE
10.587480,1788747483.526644,0,26.092989181999656,IDLE
10.689861,1788747483.629024,0,26.1949306789993,IDLE
10.791843,1788747483.731006,0,26.296889731998817,IDLE
10.893844,1788747483.833008,0,26.399373565000133,IDLE
10.995623,1788747483.934787,0,26.50115387599908,IDLE
11.097778,1788747484.036941,0,26.60330148600042,IDLE
11.199805,1788747484.138968,0,26.705314187000113,IDLE
11.301696,1788747484.240860,0,26.80728694299978,IDLE
11.403695,1788747484.342859,0,26.909272439999768,IDLE
11.505691,1788747484.444854,0,27.01122293699882,IDLE
11.607507,1788747484.546671,0,27.112995952000347,IDLE
11.709399,1788747484.648562,0,27.214916077999078,IDLE
11.811262,1788747484.750426,0,27.316771316000086,IDLE
11.914106,1788747484.853269,0,27.419072184999095,IDLE
12.015771,1788747484.954935,0,27.52120123900022,IDLE
12.117785,1788747485.056948,0,27.62324284799979,IDLE
12.219757,1788747485.158921,0,27.725197936999393,IDLE
12.321710,1788747485.260874,0,27.827195212999868,IDLE
12.423591,1788747485.362755,0,27.929168561999177,IDLE
12.525592,1788747485.464756,0,28.03112787399914,IDLE
12.627546,1788747485.566710,0,28.133099796999886,IDLE
12.729350,1788747485.668513,0,28.234912588999578,IDLE
12.831153,1788747485.770317,0,28.33671869600039,IDLE
12.933385,1788747485.872549,0,28.43882621299963,IDLE
13.035134,1788747485.974297,0,28.540629541999806,IDLE
13.137106,1788747486.076270,0,28.642597836000277,IDLE
13.239286,1788747486.178450,0,28.74453872199956,IDLE
13.341087,1788747486.280251,0,28.846530181999697,IDLE
13.442987,1788747486.382151,0,28.948518253999282,IDLE
13.544966,1788747486.484130,0,29.050466769000195,IDLE
13.646915,1788747486.586079,0,29.152402599000197,IDLE
13.748807,1788747486.687971,0,29.254348356000264,IDLE
13.850698,1788747486.789862,0,29.356181777999154,IDLE
13.952825,1788747486.891989,0,29.45835816500039,IDLE
14.054866,1788747486.994029,0,29.56016697599989,IDLE
14.156937,1788747487.096101,0,29.662284363999788,IDLE
14.258637,1788747487.197800,0,29.764121914999123,IDLE
14.360743,1788747487.299906,0,29.86623113600035,IDLE
14.462584,1788747487.401747,0,29.96806504000051,IDLE
14.564611,1788747487.503775,0,30.070097222000186,IDLE
14.666485,1788747487.605649,0,30.17192325599899,IDLE
14.768949,1788747487.708113,0,30.274066494999715,IDLE
14.870592,1788747487.809756,0,30.376164307999716,IDLE
14.972860,1788747487.912024,0,30.478143526999702,IDLE
15.074943,1788747488.014107,0,30.580239987999448,IDLE
15.176713,1788747488.115877,0,30.682302727000206,IDLE
15.278656,1788747488.217820,0,30.78422189000048,IDLE
15.380741,1788747488.319905,0,30.886323314000037,IDLE
15.482792,1788747488.421955,0,30.98835195999891,IDLE
15.584673,1788747488.523837,0,31.090245956998842,IDLE
15.686657,1788747488.625821,0,31.19221504699999,IDLE
15.788790,1788747488.727953,0,31.29433798900027,IDLE
15.891434,1788747488.830598,0,31.396843952999916,IDLE
15.993139,1788747488.932302,0,31.49868450499889,IDLE
16.095283,1788747489.034446,0,31.600730688000112,IDLE
16.197348,1788747489.136511,0,31.702793759999622,IDLE
16.299370,1788747489.238533,0,31.804864331999852,IDLE
16.401461,1788747489.340625,0,31.906930069999362,IDLE
16.503461,1788747489.442625,0,32.008932511998864,IDLE
16.606076,1788747489.545239,0,32.111541938998926,IDLE
16.708261,1788747489.647425,0,32.2136384559999,IDLE
16.814675,1788747489.753839,0,32.3199341290001,IDLE
16.917045,1788747489.856209,0,32.422272091000195,IDLE
17.018242,1788747489.957406,0,32.52385177100041,IDLE
17.119659,1788747490.058823,0,32.625294653998935,IDLE
17.221672,1788747490.160835,0,32.72717390999969,IDLE
17.323206,1788747490.262370,0,32.82872544199927,IDLE
17.424700,1788747490.363864,0,32.93027669500043,IDLE
17.526447,1788747490.465611,0,33.03199685799882,IDLE
17.633209,1788747490.572373,0,33.13871508900047,IDLE
17.735795,1788747490.674958,0,33.241229866998765,IDLE
17.837871,1788747490.777034,0,33.34345621799912,IDLE
17.939676,1788747490.878840,0,33.44512749099886,IDLE
18.041192,1788747490.980355,0,33.546686133999174,IDLE
18.142848,1788747491.082012,0,33.64822333200027,IDLE
18.244372,1788747491.183535,0,33.749963013000524,IDLE
18.347540,1788747491.286704,0,33.85284860899992,IDLE
18.448937,1788747491.388101,0,33.95427123199988,IDLE
18.550337,1788747491.489501,0,34.05601093199948,IDLE
18.651941,1788747491.591105,0,34.15744738899957,IDLE
18.753384,1788747491.692548,0,34.25896279100016,IDLE
18.855012,1788747491.794175,0,34.36047754399988,IDLE
18.956714,1788747491.895877,0,34.46208574299999,IDLE
19.058455,1788747491.997618,0,34.56356532999962,IDLE
19.159585,1788747492.098749,0,34.665090434999,IDLE
19.261188,1788747492.200351,0,34.76669435599979,IDLE
19.362726,1788747492.301890,0,34.86831744399933,IDLE
19.464378,1788747492.403541,0,34.96991304999938,IDLE
19.565794,1788747492.504958,0,35.07141289599895,IDLE
19.667744,1788747492.606907,0,35.17301872399912,IDLE
19.768887,1788747492.708051,0,35.274491570000464,IDLE
19.870380,1788747492.809544,0,35.37600156500048,IDLE
19.971997,1788747492.911160,0,35.47757070799889,IDLE
20.073819,1788747493.012983,0,35.579195035999874,IDLE
20.175490,1788747493.114653,0,35.68086364299961,IDLE
20.276816,1788747493.215980,0,35.78242074799891,IDLE
20.378700,1788747493.317864,0,35.8840788919988,IDLE
20.480069,1788747493.419233,0,35.98568203499963,IDLE
20.582009,1788747493.521173,0,36.08732660399983,IDLE
20.683283,1788747493.622446,0,36.188882192000165,IDLE
20.785130,1788747493.724294,0,36.29072085500047,IDLE
20.887537,1788747493.826701,0,36.39272277800046,IDLE
20.989530,1788747493.928694,0,36.49412014199879,IDLE
21.090416,1788747494.029580,0,36.59562659999938,IDLE
21.191999,1788747494.131163,0,36.69716901999891,IDLE
21.293584,1788747494.232748,0,36.798791367000376,IDLE
21.394922,1788747494.334086,0,36.900487326000075,IDLE
21.496618,1788747494.435782,0,37.00221133999912,IDLE
21.598304,1788747494.537468,0,37.10393265099992,IDLE
21.699942,1788747494.639106,0,37.205567830998916,IDLE
21.801607,1788747494.740770,0,37.30726152999887,IDLE
21.903348,1788747494.842511,0,37.409000507999735,IDLE
22.006188,1788747494.945351,0,37.51173126899994,IDLE
22.108275,1788747495.047439,0,37.61377228499987,IDLE
22.210288,1788747495.149451,0,37.71577867199994,IDLE
22.312496,1788747495.251660,0,37.817888170000515,IDLE
22.414515,1788747495.353679,0,37.91991707499983,IDLE
22.516646,1788747495.455809,0,38.02202716600004,IDLE
22.618458,1788747495.557621,0,38.124073720000524,IDLE
22.720459,1788747495.659623,0,38.2260621610003,IDLE
22.822589,1788747495.761753,0,38.32821638200039,IDLE
22.924957,1788747495.864120,0,38.43030858400016,IDLE
23.026653,1788747495.965816,0,38.53214615499928,IDLE
23.128842,1788747496.068006,0,38.634398449999935,IDLE
23.231103,1788747496.170267,0,38.736248260998764,IDLE
23.332790,1788747496.271954,0,38.83837227799995,IDLE
23.434874,1788747496.374038,0,38.94044627599942,IDLE
23.536856,1788747496.476020,0,39.04245975499907,IDLE
23.638920,1788747496.578083,0,39.1444794199997,IDLE
23.741005,1788747496.680169,0,39.24646445399958,IDLE
23.843050,1788747496.782214,0,39.348519359999045,IDLE
23.945395,1788747496.884559,0,39.45085500700043,IDLE
24.047357,1788747496.986521,0,39.55285105999974,IDLE
24.149350,1788747497.088514,0,39.65485090999937,IDLE
24.251383,1788747497.190546,0,39.75681829600035,IDLE
24.353281,1788747497.292445,0,39.85875475600005,IDLE
24.455336,1788747497.394500,0,39.96074364299966,IDLE
24.557294,1788747497.496458,0,40.06277152899929,IDLE
24.659305,1788747497.598469,0,40.16485228700003,IDLE
24.761565,1788747497.700729,0,40.266999285000566,IDLE
24.864099,1788747497.803263,0,40.36910044999968,IDLE
24.965723,1788747497.904887,0,40.47120417000042,IDLE
25.067625,1788747498.006789,0,40.573117390000334,IDLE
25.169590,1788747498.108753,0,40.6750824239989,IDLE
25.271462,1788747498.210626,0,40.77701693999916,IDLE
25.373377,1788747498.312541,0,40.87893504800013,IDLE
25.475394,1788747498.414558,0,40.98085660099969,IDLE
25.577315,1788747498.516479,0,41.082864079999126,IDLE
25.679209,1788747498.618373,0,41.184780020999824,IDLE
25.781226,1788747498.720389,0,41.28676331499992,IDLE
25.883559,1788747498.822723,0,41.38910664799914,IDLE
25.985510,1788747498.924674,0,41.49098729300022,IDLE
26.087496,1788747499.026659,0,41.59306995800034,IDLE
26.189624,1788747499.128787,0,41.69512462300008,IDLE
26.291609,1788747499.230772,0,41.797167897999316,IDLE
26.393755,1788747499.332919,0,41.89929367399964,IDLE
26.495795,1788747499.434958,0,42.00132415400003,IDLE
26.597855,1788747499.537019,0,42.10340815199925,IDLE
26.699875,1788747499.639039,0,42.205403445999764,IDLE
26.802019,1788747499.741183,0,42.307582018000176,IDLE
26.904335,1788747499.843499,0,42.409886092000306,IDLE
27.006201,1788747499.945365,0,42.511748458999136,IDLE
27.108304,1788747500.047468,0,42.61367240099935,IDLE
27.210132,1788747500.149296,0,42.71554948999983,IDLE
27.311925,1788747500.251089,0,42.81744070899913,IDLE
27.413803,1788747500.352966,0,42.919440632998885,IDLE
27.515825,1788747500.454989,0,43.02135703699969,IDLE
27.617745,1788747500.556909,0,43.12324959000034,IDLE
27.719789,1788747500.658952,0,43.225138752999555,IDLE
27.821714,1788747500.760878,0,43.327077879999706,IDLE
27.923538,1788747500.862702,0,43.429082210999695,IDLE
28.025695,1788747500.964859,0,43.53124545100036,IDLE
28.127748,1788747501.066912,0,43.63327405999917,IDLE
28.229787,1788747501.168950,0,43.73534102099984,IDLE
28.331770,1788747501.270934,0,43.83730357400054,IDLE
28.433728,1788747501.372891,0,43.93926153400025,IDLE
28.535660,1788747501.474823,0,44.04122793900024,IDLE
28.637641,1788747501.576805,0,44.143255159000546,IDLE
28.739532,1788747501.678696,0,44.24509722899893,IDLE
28.841554,1788747501.780718,0,44.34705748600027,IDLE
28.943643,1788747501.882806,0,44.44914659499955,IDLE
29.045937,1788747501.985101,0,44.551139555998816,IDLE
29.147800,1788747502.086964,0,44.65334849899955,IDLE
29.249609,1788747502.188773,0,44.75518605199977,IDLE
29.351869,1788747502.291033,0,44.857414865000464,IDLE
29.453688,1788747502.392852,0,44.95924830600052,IDLE
29.555998,1788747502.495162,0,45.06118239599891,IDLE
29.657596,1788747502.596759,0,45.16319854199901,IDLE
29.759539,1788747502.698703,0,45.265100557999176,IDLE
29.862464,1788747502.801628,0,45.36799081999925,IDLE
29.964395,1788747502.903558,0,45.46987841000009,IDLE
30.066138,1788747503.005301,0,45.57167533199936,IDLE
30.167952,1788747503.107116,0,45.6734667540004,IDLE
30.269912,1788747503.209075,0,45.77544869600024,IDLE
30.372257,1788747503.311420,0,45.87752967599954,IDLE
30.474092,1788747503.413255,0,45.97952265499953,IDLE
30.576173,1788747503.515336,0,46.081508579,IDLE
30.678121,1788747503.617284,0,46.18358361399987,IDLE
30.780109,1788747503.719273,0,46.285627981998914,IDLE
30.882428,1788747503.821592,0,46.387932777999595,IDLE
30.984318,1788747503.923482,0,46.48975545999929,IDLE
31.086071,1788747504.025234,0,46.59158017899972,IDLE
31.188006,1788747504.127170,0,46.693473600998914,IDLE
31.289910,1788747504.229074,0,46.79539469100018,IDLE
31.391858,1788747504.331022,0,46.897292224999546,IDLE
31.493860,1788747504.433024,0,46.999291259999154,IDLE
31.595820,1788747504.534984,0,47.10136449899983,IDLE
31.697860,1788747504.637023,0,47.2033969969998,IDLE
31.799775,1788747504.738939,0,47.30529803100035,IDLE
31.902085,1788747504.841248,0,47.407643696999,IDLE
32.003906,1788747504.943069,0,47.50943982299941,IDLE
32.105952,1788747505.045115,0,47.611510507000276,IDLE
32.207932,1788747505.147095,0,47.713451133999115,IDLE
32.309956,1788747505.249120,0,47.815471186999275,IDLE
32.412341,1788747505.351504,0,47.91748931499933,IDLE
32.514676,1788747505.453840,0,48.01964092399976,IDLE
32.616360,1788747505.555524,0,48.12182055300036,IDLE
32.718508,1788747505.657672,0,48.22399642199889,IDLE
32.820562,1788747505.759726,0,48.325975900999765,IDLE
32.922852,1788747505.862016,0,48.428251752000506,IDLE
33.024805,1788747505.963969,0,48.53022413899998,IDLE
33.126887,1788747506.066051,0,48.63229196999964,IDLE
33.228995,1788747506.168159,0,48.73440046900032,IDLE
33.331002,1788747506.270166,0,48.836402150998765,IDLE
33.432920,1788747506.372083,0,48.93847324200033,IDLE
33.535247,1788747506.474411,0,49.040487165999366,IDLE
33.637010,1788747506.576174,0,49.142578867998964,IDLE
33.739033,1788747506.678197,0,49.24458077300005,IDLE
33.841017,1788747506.780181,0,49.34659532600017,IDLE
33.943168,1788747506.882332,0,49.448712677,IDLE
34.045144,1788747506.984307,0,49.5506982299994,IDLE
34.147017,1788747507.086180,0,49.65260324600058,IDLE
34.248937,1788747507.188100,0,49.754522797999016,IDLE
34.350829,1788747507.289992,0,49.85633618399879,IDLE
34.452665,1788747507.391829,0,49.95823547699911,IDLE
34.554567,1788747507.493731,0,50.0601442520001,IDLE
34.656625,1788747507.595789,0,50.162188934998994,IDLE
34.758557,1788747507.697721,0,50.26404456199998,IDLE
34.860620,1788747507.799784,0,50.36607135600025,IDLE
34.962783,1788747507.901947,0,50.468192113999976,IDLE
35.064687,1788747508.003851,0,50.5702014819999,IDLE
35.166861,1788747508.106025,0,50.672328794998975,IDLE
35.268994,1788747508.208158,0,50.77439966400016,IDLE
35.371077,1788747508.310240,0,50.87657142199896,IDLE
35.473111,1788747508.412275,0,50.9786222900002,IDLE
35.575122,1788747508.514285,0,51.08055382499879,IDLE
35.677401,1788747508.616564,0,51.18257600799916,IDLE
35.779128,1788747508.718292,0,51.28465974699975,IDLE
35.881690,1788747508.820853,0,51.386860911999975,IDLE
35.983880,1788747508.923043,0,51.488974189000146,IDLE
36.085374,1788747509.024538,0,51.59084498199991,IDLE
36.187253,1788747509.126417,0,51.69275962699976,IDLE
36.289397,1788747509.228560,0,51.79471590200046,IDLE
36.391088,1788747509.330251,0,51.89656099199965,IDLE
36.492950,1788747509.432114,0,51.99846487799914,IDLE
36.595080,1788747509.534244,0,52.100363244999244,IDLE
36.696840,1788747509.636003,0,52.202340742998786,IDLE
36.798778,1788747509.737942,0,52.304294665998896,IDLE
36.901270,1788747509.840434,0,52.40669875899948,IDLE
37.003094,1788747509.942257,0,52.50857981199988,IDLE
37.105280,1788747510.044444,0,52.61046945700036,IDLE
37.206917,1788747510.146080,0,52.71237228700011,IDLE
37.308889,1788747510.248053,0,52.81429145099901,IDLE
37.411116,1788747510.350279,0,52.91614104099972,IDLE
37.512805,1788747510.451969,0,53.018149204999645,IDLE
37.614641,1788747510.553805,0,53.12011572099982,IDLE
37.716599,1788747510.655763,0,53.222130312000445,IDLE
37.818620,1788747510.757784,0,53.32420923599966,IDLE
37.920936,1788747510.860099,0,53.42646875399987,IDLE
38.022780,1788747510.961943,0,53.52832906599906,IDLE
38.124968,1788747511.064131,0,53.63040117499986,IDLE
38.226915,1788747511.166079,0,53.73233383899969,IDLE
38.328855,1788747511.268018,0,53.834308522000356,IDLE
38.430835,1788747511.369999,0,53.93627331599964,IDLE
38.532745,1788747511.471908,0,54.03821259100005,IDLE
38.634650,1788747511.573813,0,54.14009575499949,IDLE
38.736588,1788747511.675751,0,54.242148326999086,IDLE
38.838471,1788747511.777635,0,54.344057582999085,IDLE
38.941015,1788747511.880178,0,54.44653436199951,IDLE
39.042901,1788747511.982065,0,54.54837770999984,IDLE
39.144778,1788747512.083942,0,54.65038769000057,IDLE
39.246680,1788747512.185843,0,54.75229589099945,IDLE
39.348828,1788747512.287992,0,54.85437666699909,IDLE
39.450694,1788747512.389858,0,54.95626640499904,IDLE
39.552620,1788747512.491784,0,55.0582523840003,IDLE
39.654725,1788747512.593889,0,55.16027001099974,IDLE
39.756762,1788747512.695926,0,55.26227104600002,IDLE
39.859026,1788747512.798190,0,55.36424719199931,IDLE
39.961865,1788747512.901029,0,55.46651996899891,IDLE
40.063092,1788747513.002256,0,55.56855348600038,IDLE
40.164992,1788747513.104156,0,55.670575058000395,IDLE
40.267447,1788747513.206611,0,55.77255251899987,IDLE
40.368935,1788747513.308099,0,55.8745375719991,IDLE
40.470970,1788747513.410134,0,55.976531033000356,IDLE
40.573317,1788747513.512480,0,56.078535864000514,IDLE
40.675375,1788747513.614539,0,56.18043354600013,IDLE
40.776844,1788747513.716007,0,56.28245163700012,IDLE
40.879074,1788747513.818238,0,56.38444187499954,IDLE
40.981104,1788747513.920268,0,56.4864886510004,IDLE
41.082859,1788747514.022023,0,56.58839872200042,IDLE
41.185034,1788747514.124198,0,56.6904608320001,IDLE
41.286828,1788747514.225992,0,56.79225929099994,IDLE
41.388781,1788747514.327945,0,56.89427643700037,IDLE
41.490619,1788747514.429783,0,56.996072804000505,IDLE
41.592397,1788747514.531561,0,57.09793509699921,IDLE
41.694375,1788747514.633539,0,57.19991246599966,IDLE
41.796595,1788747514.735759,0,57.30209383500005,IDLE
41.899071,1788747514.838234,0,57.40453126099965,IDLE
42.000876,1788747514.940040,0,57.506338183999105,IDLE
42.102901,1788747515.042065,0,57.60838397800035,IDLE
42.204875,1788747515.144039,0,57.710407401998964,IDLE
42.306958,1788747515.246122,0,57.812436751999485,IDLE
42.408900,1788747515.348063,0,57.91440760200021,IDLE
42.511378,1788747515.450541,0,58.016509525999936,IDLE
42.613070,1788747515.552234,0,58.11852243099929,IDLE
42.715491,1788747515.654655,0,58.220671171000504,IDLE
42.817116,1788747515.756279,0,58.32258774199909,IDLE
42.919266,1788747515.858429,0,58.42472676000034,IDLE
43.021337,1788747515.960501,0,58.526739183000245,IDLE
43.123310,1788747516.062474,0,58.62871960699886,IDLE
43.225176,1788747516.164340,0,58.73067604899916,IDLE
43.327134,1788747516.266298,0,58.83264002800024,IDLE
43.429054,1788747516.368218,0,58.934567117999904,IDLE
43.531003,1788747516.470167,0,59.03648217099908,IDLE
43.633012,1788747516.572176,0,59.138463168999806,IDLE
43.734921,1788747516.674085,0,59.24034994399881,IDLE
43.836771,1788747516.775935,0,59.342318441000316,IDLE
43.938932,1788747516.878096,0,59.44449045900001,IDLE
44.040910,1788747516.980074,0,59.54648351200012,IDLE
44.143116,1788747517.082279,0,59.64867006699933,IDLE
44.244996,1788747517.184159,0,59.75055702700047,IDLE
44.346869,1788747517.286032,0,59.85243696900034,IDLE
44.448828,1788747517.387991,0,59.95441248499992,IDLE
44.550705,1788747517.489869,0,60.05624264799917,IDLE
44.652843,1788747517.592007,0,60.158269368999754,IDLE
44.754719,1788747517.693883,0,60.26010029099962,IDLE
44.856727,1788747517.795890,0,60.36215721500048,IDLE
44.958788,1788747517.897952,0,60.464321991999896,IDLE
45.061181,1788747518.000344,0,60.56632535999961,IDLE
45.162844,1788747518.102007,0,60.66839537699889,IDLE
45.265425,1788747518.204589,0,60.77041400499911,IDLE
45.366607,1788747518.305771,0,60.87218342699998,IDLE
45.468834,1788747518.407998,0,60.97406948000025,IDLE
45.570493,1788747518.509657,0,61.075967624999976,IDLE
45.672479,1788747518.611643,0,61.177989235000496,IDLE
45.774364,1788747518.713528,0,61.27991212099914,IDLE
45.876385,1788747518.815548,0,61.38193493399922,IDLE
45.978559,1788747518.917723,0,61.48410163600056,IDLE
46.080669,1788747519.019832,0,61.58621076499912,IDLE
46.182701,1788747519.121865,0,61.688242280999475,IDLE
46.284739,1788747519.223903,0,61.79028439099966,IDLE
46.386759,1788747519.325922,0,61.89230718500039,IDLE
46.488833,1788747519.427997,0,61.99438425699918,IDLE
46.590892,1788747519.530055,0,62.09642068100038,IDLE
46.692935,1788747519.632099,0,62.19848636499955,IDLE
46.794964,1788747519.734127,0,62.300517547999334,IDLE
46.897414,1788747519.836578,0,62.40295988199978,IDLE
46.999264,1788747519.938428,0,62.50479215700034,IDLE
47.101504,1788747520.040668,0,62.607052470999406,IDLE
47.203532,1788747520.142695,0,62.7090801180002,IDLE
47.305984,1788747520.245148,0,62.81113448599899,IDLE
47.408198,1788747520.347362,0,62.913280188999124,IDLE
47.509792,1788747520.448956,0,63.015272372000254,IDLE
47.611915,1788747520.551079,0,63.1173110740001,IDLE
47.713978,1788747520.653141,0,63.21946568400017,IDLE
47.816203,1788747520.755367,0,63.32171901699985,IDLE
47.918732,1788747520.857896,0,63.423964349000016,IDLE
48.020643,1788747520.959807,0,63.526082589,IDLE
48.122586,1788747521.061750,0,63.62811204999889,IDLE
48.224640,1788747521.163804,0,63.730194493000454,IDLE
48.326690,1788747521.265854,0,63.832230027999685,IDLE
48.428771,1788747521.367934,0,63.93432826699973,IDLE
48.530853,1788747521.470016,0,64.03639002499949,IDLE
48.632933,1788747521.572097,0,64.13847582000017,IDLE
48.734957,1788747521.674120,0,64.24049091000052,IDLE
48.837010,1788747521.776174,0,64.34256759399977,IDLE
48.939251,1788747521.878415,0,64.4447791120001,IDLE
49.041409,1788747521.980573,0,64.54694425900016,IDLE
49.143436,1788747522.082600,0,64.64896457199939,IDLE
49.245449,1788747522.184612,0,64.75099606999902,IDLE
49.347502,1788747522.286666,0,64.8530384379992,IDLE
49.449770,1788747522.388934,0,64.95519791900006,IDLE
49.551771,1788747522.490934,0,65.05722367599992,IDLE
49.653803,1788747522.592967,0,65.15931052700034,IDLE
49.755952,1788747522.695116,0,65.26132198800042,IDLE
49.857778,1788747522.796942,0,65.36333120800009,IDLE
49.960099,1788747522.899262,0,65.46546028100056,IDLE
50.062334,1788747523.001498,0,65.56761342800019,IDLE
50.164582,1788747523.103745,0,65.66970638900057,IDLE
50.266058,1788747523.205222,0,65.77157812699988,IDLE
50.368257,1788747523.307421,0,65.87377075599943,IDLE
50.469996,1788747523.409159,0,65.97554423399924,IDLE
50.571963,1788747523.511127,0,66.07745506500032,IDLE
50.673898,1788747523.613062,0,66.17943545100024,IDLE
50.776208,1788747523.715371,0,66.28161469099905,IDLE
50.878316,1788747523.817480,0,66.3837903019994,IDLE
50.980485,1788747523.919649,0,66.48590705899915,IDLE
51.082502,1788747524.021666,0,66.58797703900018,IDLE
51.184551,1788747524.123714,0,66.68996953699934,IDLE
51.286589,1788747524.225753,0,66.79202403599993,IDLE
51.388667,1788747524.327831,0,66.89413121899997,IDLE
51.490438,1788747524.429601,0,66.99598206799965,IDLE
51.592308,1788747524.531472,0,67.09786817699933,IDLE
51.694297,1788747524.633461,0,67.19977374799964,IDLE
51.796448,1788747524.735612,0,67.30174863499997,IDLE
51.898831,1788747524.837995,0,67.40404452399889,IDLE
52.000451,1788747524.939615,0,67.50589176100038,IDLE
52.102162,1788747525.041325,0,67.60772003599959,IDLE
52.204081,1788747525.143245,0,67.70960273699893,IDLE
52.306007,1788747525.245171,0,67.8115296979995,IDLE
52.407836,1788747525.347000,0,67.91338562099918,IDLE
52.509745,1788747525.448909,0,68.0152478580003,IDLE
52.611798,1788747525.550962,0,68.11717680000038,IDLE
52.713861,1788747525.653025,0,68.2192993360004,IDLE
52.815852,1788747525.755016,0,68.32129450100001,IDLE
52.918002,1788747525.857166,0,68.42347122200044,IDLE
53.019884,1788747525.959048,0,68.52538599699983,IDLE
53.122026,1788747526.061190,0,68.62761653400048,IDLE
53.224071,1788747526.163234,0,68.72962469899903,IDLE
53.326132,1788747526.265295,0,68.83165140100027,IDLE
53.428108,1788747526.367272,0,68.93364051000026,IDLE
53.530400,1788747526.469563,0,69.03563635899991,IDLE
53.632360,1788747526.571524,0,69.1375122089994,IDLE
53.733895,1788747526.673058,0,69.23945152099986,IDLE
53.835799,1788747526.774963,0,69.34130259199992,IDLE
53.938087,1788747526.877250,0,69.44358416599971,IDLE
54.040078,1788747526.979241,0,69.54546744099935,IDLE
54.141809,1788747527.080973,0,69.64726134500052,IDLE
54.243587,1788747527.182750,0,69.74917773199923,IDLE
54.345565,1788747527.284729,0,69.85113471099976,IDLE
54.447534,1788747527.386698,0,69.95309793100023,IDLE
54.549482,1788747527.488646,0,70.05505250299939,IDLE
54.651415,1788747527.590579,0,70.15703883400056,IDLE
54.753418,1788747527.692582,0,70.25898383200001,IDLE
54.855525,1788747527.794689,0,70.36102632999973,IDLE
54.957607,1788747527.896771,0,70.46315819899974,IDLE
55.059658,1788747527.998822,0,70.5652346049992,IDLE
55.161738,1788747528.100902,0,70.66725141799907,IDLE
55.263817,1788747528.202981,0,70.76928754599976,IDLE
55.365978,1788747528.305141,0,70.87145661899922,IDLE
55.467955,1788747528.407119,0,70.97340193200034,IDLE
55.570225,1788747528.509388,0,71.07551070800037,IDLE
55.672377,1788747528.611540,0,71.1776235590005,IDLE
55.774496,1788747528.713660,0,71.27965770499941,IDLE
55.876361,1788747528.815525,0,71.38182588900054,IDLE
55.979692,1788747528.918856,0,71.48395311099921,IDLE
56.080485,1788747529.019649,0,71.5860384789994,IDLE
56.182592,1788747529.121756,0,71.68816770100057,IDLE
56.284598,1788747529.223762,0,71.79011549499955,IDLE
56.386983,1788747529.326146,0,71.89222986399909,IDLE
56.488958,1788747529.428122,0,71.9942287140002,IDLE
56.591069,1788747529.530233,0,72.0963409349988,IDLE
56.692926,1788747529.632090,0,72.1984178219991,IDLE
56.795036,1788747529.734199,0,72.30051108000043,IDLE
56.897558,1788747529.836722,0,72.40310491499986,IDLE
56.999422,1788747529.938586,0,72.50500265299888,IDLE
57.101352,1788747530.040516,0,72.60687446500015,IDLE
57.203530,1788747530.142693,0,72.70879581500049,IDLE
57.305281,1788747530.244445,0,72.81076812699939,IDLE
57.407585,1788747530.346749,0,72.9127659400001,IDLE
57.509413,1788747530.448577,0,73.01474490100009,IDLE
57.611192,1788747530.550356,0,73.11673069599965,IDLE
57.713180,1788747530.652343,0,73.21874724900044,IDLE
57.815221,1788747530.754384,0,73.32078367400027,IDLE
57.917474,1788747530.856637,0,73.42303348799942,IDLE
58.019946,1788747530.959109,0,73.5251890239997,IDLE
58.121595,1788747531.060759,0,73.62718041100015,IDLE
58.223630,1788747531.162794,0,73.72919818700029,IDLE
58.325715,1788747531.264878,0,73.8311478329997,IDLE
58.427610,1788747531.366774,0,73.93312347899882,IDLE
58.529446,1788747531.468610,0,74.03506842099887,IDLE
58.631464,1788747531.570628,0,74.13706190099947,IDLE
58.733470,1788747531.672634,0,74.23904747300003,IDLE
58.835492,1788747531.774656,0,74.34106548899945,IDLE
58.937679,1788747531.876843,0,74.44323239599908,IDLE
59.039644,1788747531.978808,0,74.54522969000027,IDLE
59.141889,1788747532.081052,0,74.64736987499964,IDLE
59.243827,1788747532.182990,0,74.74929983499896,IDLE
59.345814,1788747532.284978,0,74.85131157399883,IDLE
59.447695,1788747532.386858,0,74.95329490499898,IDLE
59.549863,1788747532.489027,0,75.05511201300033,IDLE
59.651697,1788747532.590861,0,75.1569648069999,IDLE
59.753415,1788747532.692579,0,75.25886272999924,IDLE
59.855300,1788747532.794464,0,75.36080880199916,IDLE
59.957858,1788747532.897022,0,75.46339848899879,IDLE
60.059767,1788747532.998931,0,75.56530002399995,IDLE
60.162876,1788747533.102039,0,75.66730696599916,IDLE
60.264874,1788747533.204037,0,75.76922840800034,IDLE
60.365611,1788747533.304775,0,75.87116468400018,IDLE
60.467514,1788747533.406677,0,75.9731374969997,IDLE
60.569382,1788747533.508546,0,76.07502088299952,IDLE
60.671309,1788747533.610473,0,76.17693319499995,IDLE
60.773240,1788747533.712404,0,76.27888478599925,IDLE
60.875360,1788747533.814524,0,76.38084537599934,IDLE
60.977398,1788747533.916562,0,76.48293261599974,IDLE
61.079331,1788747534.018495,0,76.58492463199946,IDLE
61.181516,1788747534.120680,0,76.68676729599974,IDLE
61.283423,1788747534.222587,0,76.78867838599945,IDLE
61.385591,1788747534.324755,0,76.89073797699893,IDLE
61.487632,1788747534.426795,0,76.99287618000017,IDLE
61.589209,1788747534.528372,0,77.09474097299972,IDLE
61.691009,1788747534.630173,0,77.1965803410003,IDLE
61.792820,1788747534.731984,0,77.29844300500008,IDLE
61.895004,1788747534.834168,0,77.40059009700053,IDLE
61.996941,1788747534.936105,0,77.50249009399886,IDLE
62.099086,1788747535.038250,0,77.60460246299954,IDLE
62.201101,1788747535.140265,0,77.70667594299994,IDLE
62.303267,1788747535.242430,0,77.80880123899988,IDLE
62.405401,1788747535.344565,0,77.91091118199984,IDLE
62.507396,1788747535.446560,0,78.01291619899894,IDLE
62.609435,1788747535.548599,0,78.1149555489992,IDLE
62.711388,1788747535.650552,0,78.21697160300027,IDLE
62.814063,1788747535.753227,0,78.31926484299947,IDLE
62.916199,1788747535.855362,0,78.42148371300027,IDLE
63.018075,1788747535.957239,0,78.52357589699932,IDLE
63.120482,1788747536.059645,0,78.62573089599937,IDLE
63.222578,1788747536.161741,0,78.7277625429997,IDLE
63.324263,1788747536.263427,0,78.82985154199923,IDLE
63.426307,1788747536.365471,0,78.93187737299922,IDLE
63.528347,1788747536.467510,0,79.03394579799897,IDLE
63.630445,1788747536.569608,0,79.13604048199886,IDLE
63.732736,1788747536.671899,0,79.23812809099945,IDLE
63.834493,1788747536.773657,0,79.3400595889998,IDLE
63.936814,1788747536.875978,0,79.4423134589997,IDLE
64.039246,1788747536.978410,0,79.54436347599949,IDLE
64.141035,1788747537.080199,0,79.6465692540005,IDLE
64.243076,1788747537.182239,0,79.74859241900049,IDLE
64.345352,1788747537.284516,0,79.85061124999993,IDLE
64.447382,1788747537.386546,0,79.95266732299933,IDLE
64.549199,1788747537.488363,0,80.05467811699964,IDLE
64.651129,1788747537.590292,0,80.15669230099957,IDLE
64.753219,1788747537.692383,0,80.25882028100023,IDLE
64.855630,1788747537.794794,0,80.36090811299982,IDLE
64.957829,1788747537.896992,0,80.4630185570004,IDLE
65.060095,1788747537.999259,0,80.56507911100016,IDLE
65.161656,1788747538.100820,0,80.66724151699964,IDLE
65.263768,1788747538.202932,0,80.76930886799892,IDLE
65.366154,1788747538.305318,0,80.8715239789999,IDLE
65.468083,1788747538.407247,0,80.97343510599967,IDLE
65.570119,1788747538.509283,0,81.07550371499929,IDLE
65.672118,1788747538.611281,0,81.17751508400033,IDLE
65.774276,1788747538.713440,0,81.2797056950003,IDLE
65.876533,1788747538.815697,0,81.38207275099921,IDLE
65.978800,1788747538.917964,0,81.48408172999916,IDLE
66.080743,1788747539.019907,0,81.58616776599956,IDLE
66.182691,1788747539.121855,0,81.68820693099951,IDLE
66.284656,1788747539.223820,0,81.79023791100008,IDLE
66.386649,1788747539.325813,0,81.89227718700022,IDLE
66.488792,1788747539.427956,0,81.99438655700033,IDLE
66.591123,1788747539.530287,0,82.09648124100022,IDLE
66.693228,1788747539.632391,0,82.19861877699987,IDLE
66.795279,1788747539.734443,0,82.30066557200007,IDLE
66.897596,1788747539.836760,0,82.40314577699974,IDLE
66.999521,1788747539.938685,0,82.50507842200022,IDLE
67.101418,1788747540.040582,0,82.60705753199909,IDLE
67.204350,1788747540.143514,0,82.70985929400013,IDLE
67.306447,1788747540.245610,0,82.81195490400023,IDLE
67.410930,1788747540.350094,0,82.9163619359988,IDLE
67.514535,1788747540.453699,0,83.01912090199949,IDLE
67.615689,1788747540.554853,0,83.12079423199975,IDLE
67.716949,1788747540.656112,0,83.2223813749988,IDLE
67.818891,1788747540.758054,0,83.3239999819998,IDLE
67.922082,1788747540.861246,0,83.4274285449992,IDLE
68.023462,1788747540.962626,0,83.52899728100056,IDLE
68.126184,1788747541.065348,0,83.63081677799892,IDLE
68.232061,1788747541.171225,0,83.73503330899985,IDLE
68.331044,1788747541.270208,0,83.83661621200008,IDLE
68.433735,1788747541.372899,0,83.9383488200001,IDLE
68.534154,1788747541.473318,0,84.03975966600046,IDLE
68.635456,1788747541.574620,0,84.14111804899949,IDLE
68.737119,1788747541.676283,0,84.24251080300019,IDLE
68.838201,1788747541.777365,0,84.34386533399993,IDLE
68.940537,1788747541.879701,0,84.44580485000006,IDLE
69.041862,1788747541.981026,0,84.5472641969991,IDLE
69.143256,1788747542.082420,0,84.64866195099967,IDLE
69.244757,1788747542.183920,0,84.75007442700007,IDLE
69.346033,1788747542.285197,0,84.8514662919988,IDLE
69.447423,1788747542.386587,0,84.9528550269988,IDLE
69.548949,1788747542.488113,0,85.05427302099997,IDLE
69.650292,1788747542.589456,0,85.15565662699919,IDLE
69.751545,1788747542.690708,0,85.25703462099955,IDLE
69.853053,1788747542.792217,0,85.35847661600019,IDLE
69.954478,1788747542.893642,0,85.45984073999898,IDLE
70.055865,1788747542.995029,0,85.56120017799913,IDLE
70.157177,1788747543.096340,0,85.66255957999965,IDLE
70.258594,1788747543.197758,0,85.76391848099956,IDLE
70.359797,1788747543.298961,0,85.8652840499999,IDLE
70.461274,1788747543.400438,0,85.96667472899935,IDLE
70.562566,1788747543.501729,0,86.06813048299955,IDLE
70.664001,1788747543.603165,0,86.16950588500004,IDLE
70.765270,1788747543.704433,0,86.27080887900047,IDLE
70.866602,1788747543.805766,0,86.37217828099892,IDLE
70.968017,1788747543.907181,0,86.47355497900026,IDLE
71.069372,1788747544.008535,0,86.57495782499973,IDLE
71.170714,1788747544.109878,0,86.67631711600006,IDLE
71.272096,1788747544.211260,0,86.7776875540003,IDLE
71.373442,1788747544.312606,0,86.87904432600044,IDLE
71.475147,1788747544.414311,0,86.98039000599965,IDLE
71.576375,1788747544.515539,0,87.0817528890002,IDLE
71.677857,1788747544.617021,0,87.1831034200004,IDLE
71.779194,1788747544.718357,0,87.284458266,IDLE
71.880255,1788747544.819419,0,87.38585494600011,IDLE
71.981574,1788747544.920738,0,87.48722447699947,IDLE
72.083004,1788747545.022168,0,87.58858695299932,IDLE
72.184382,1788747545.123546,0,87.68998648399975,IDLE
72.285734,1788747545.224898,0,87.7913527010005,IDLE
72.387116,1788747545.326280,0,87.89272234300006,IDLE
72.488726,1788747545.427890,0,87.99415148600019,IDLE
72.590519,1788747545.529683,0,88.09592694599996,IDLE
72.692245,1788747545.631409,0,88.19773594300023,IDLE
72.794055,1788747545.733218,0,88.29956688399943,IDLE
72.895868,1788747545.835032,0,88.40139139999883,IDLE
72.997636,1788747545.936799,0,88.5031729530001,IDLE
73.099957,1788747546.039121,0,88.6051982659992,IDLE
73.202035,1788747546.141199,0,88.70720717199947,IDLE
73.303739,1788747546.242903,0,88.80929828199987,IDLE
73.405796,1788747546.344960,0,88.91136511399964,IDLE
73.507683,1788747546.446846,0,89.01325192600052,IDLE
73.609669,1788747546.548832,0,89.11523888699958,IDLE
73.711984,1788747546.651148,0,89.21717105199969,IDLE
73.813606,1788747546.752769,0,89.31913718000033,IDLE
73.915838,1788747546.855002,0,89.42134825299945,IDLE
74.017861,1788747546.957025,0,89.52344686300057,IDLE
74.118605,1788747547.057769,0,89.62408768599926,IDLE
74.218956,1788747547.158120,0,89.72441280400017,IDLE
74.320704,1788747547.259868,0,89.82626561600046,IDLE
74.422522,1788747547.361686,0,89.92808478000006,IDLE
74.524380,1788747547.463543,0,90.02992036999967,IDLE
74.626273,1788747547.565437,0,90.13174729300044,IDLE
74.728321,1788747547.667485,0,90.23355377100052,IDLE
74.829793,1788747547.768957,0,90.33537347200036,IDLE
74.931653,1788747547.870817,0,90.43716387699897,IDLE
75.033466,1788747547.972629,0,90.53896181799973,IDLE
75.135223,1788747548.074387,0,90.64073918499889,IDLE
75.237051,1788747548.176214,0,90.74257734899948,IDLE
75.339049,1788747548.278213,0,90.84436869799902,IDLE
75.440676,1788747548.379840,0,90.94617489899974,IDLE
75.542586,1788747548.481749,0,91.04797502600013,IDLE
75.644272,1788747548.583435,0,91.14977287500005,IDLE
75.746056,1788747548.685219,0,91.25156533500012,IDLE
75.847855,1788747548.787019,0,91.3533479609996,IDLE
75.949701,1788747548.888865,0,91.45519871800025,IDLE
76.051728,1788747548.990892,0,91.55699269599972,IDLE
76.153489,1788747549.092652,0,91.65879698999925,IDLE
76.255419,1788747549.194583,0,91.76058006099993,IDLE
76.356792,1788747549.295956,0,91.86238022500038,IDLE
76.458666,1788747549.397830,0,91.9641713330002,IDLE
76.560668,1788747549.499831,0,92.0660017930004,IDLE
76.663138,1788747549.602301,0,92.1678482899988,IDLE
76.764158,1788747549.703321,0,92.26968491699881,IDLE
76.865951,1788747549.805114,0,92.37151582200022,IDLE
76.967830,1788747549.906994,0,92.47333841199907,IDLE
77.069616,1788747550.008779,0,92.57517976099916,IDLE
77.171857,1788747550.111021,0,92.6769958320001,IDLE
77.273254,1788747550.212417,0,92.7788094589996,IDLE
77.375054,1788747550.314218,0,92.88062738199915,IDLE
77.477193,1788747550.416357,0,92.98248913899988,IDLE
77.578760,1788747550.517923,0,93.084292173,IDLE
77.680601,1788747550.619765,0,93.18614528199942,IDLE
77.782747,1788747550.721911,0,93.28796735300057,IDLE
77.884422,1788747550.823586,0,93.38991075800004,IDLE
77.986166,1788747550.925329,0,93.4916945699988,IDLE
78.088556,1788747551.027720,0,93.59350188200006,IDLE
78.189969,1788747551.129133,0,93.69530350899913,IDLE
78.291769,1788747551.230932,0,93.79708533899975,IDLE
78.393558,1788747551.332721,0,93.8988917810002,IDLE
78.495068,1788747551.434232,0,94.00066453699947,IDLE
78.597114,1788747551.536278,0,94.10251242300001,IDLE
78.698969,1788747551.638133,0,94.20429560499906,IDLE
78.800749,1788747551.739912,0,94.30611169499934,IDLE
78.902391,1788747551.841555,0,94.40788987700034,IDLE
79.004370,1788747551.943534,0,94.50970880099885,IDLE
79.105939,1788747552.045102,0,94.61154194600022,IDLE
79.207770,1788747552.146933,0,94.7132985169992,IDLE
79.309505,1788747552.248668,0,94.81508658799976,IDLE
79.411294,1788747552.350457,0,94.91686801099968,IDLE
79.513439,1788747552.452603,0,95.01874121199944,IDLE
79.615015,1788747552.554178,0,95.12053030199968,IDLE
79.716766,1788747552.655930,0,95.22235796600035,IDLE
79.818920,1788747552.758084,0,95.32417909300057,IDLE
79.920507,1788747552.859671,0,95.42600825699992,IDLE
80.022228,1788747552.961391,0,95.52779338300024,IDLE
80.124079,1788747553.063242,0,95.62960108399966,IDLE
80.225891,1788747553.165055,0,95.7313942109995,IDLE
80.327611,1788747553.266775,0,95.83317143000022,IDLE
80.429409,1788747553.368572,0,95.93497146399932,IDLE
80.531204,1788747553.470368,0,96.03676931299924,IDLE
80.632983,1788747553.572147,0,96.13854856999933,IDLE
80.734760,1788747553.673923,0,96.24033386299925,IDLE
80.836644,1788747553.775808,0,96.34214441599943,IDLE
80.938419,1788747553.877583,0,96.4439478940003,IDLE
81.040542,1788747553.979706,0,96.54572570599885,IDLE
81.142148,1788747554.081312,0,96.64755961099945,IDLE
81.244077,1788747554.183241,0,96.7493609969988,IDLE
81.345993,1788747554.285157,0,96.85115180899993,IDLE
81.447425,1788747554.386588,0,96.95294354699945,IDLE
81.549218,1788747554.488382,0,97.05474108099952,IDLE
81.651028,1788747554.590192,0,97.15656848599974,IDLE
81.752886,1788747554.692050,0,97.2584313719999,IDLE
81.854740,1788747554.793904,0,97.36026886999935,IDLE
81.956831,1788747554.895995,0,97.46236953500011,IDLE
82.059298,1788747554.998461,0,97.56432905200018,IDLE
82.160848,1788747555.100012,0,97.66636477300017,IDLE
82.262985,1788747555.202148,0,97.76847769800042,IDLE
82.365032,1788747555.304195,0,97.87052856700029,IDLE
82.467087,1788747555.406250,0,97.97250225099924,IDLE
82.569404,1788747555.508568,0,98.0745587679994,IDLE
82.672014,1788747555.611177,0,98.17710702899967,IDLE
82.773526,1788747555.712690,0,98.27906385999995,IDLE
82.877151,1788747555.816315,0,98.38225588499881,IDLE
82.979472,1788747555.918636,0,98.4846788119994,IDLE
83.081687,1788747556.020851,0,98.58726222199948,IDLE
83.183931,1788747556.123094,0,98.68939088699881,IDLE
83.286709,1788747556.225873,0,98.79220620599881,IDLE
83.388928,1788747556.328092,0,98.89400675899924,IDLE
83.490932,1788747556.430096,0,98.99607733199991,IDLE
83.592798,1788747556.531962,0,99.09814510799879,IDLE
83.694683,1788747556.633846,0,99.20027247799953,IDLE
83.796372,1788747556.735536,0,99.30197810400023,IDLE
83.898128,1788747556.837292,0,99.40370504499879,IDLE
83.999635,1788747556.938798,0,99.50513279900042,IDLE
84.101275,1788747557.040439,0,99.60654629400051,IDLE
84.202414,1788747557.141578,0,99.707968789,IDLE
84.303803,1788747557.242966,0,99.80944324699885,IDLE
84.405731,1788747557.344895,0,99.91101487199921,IDLE
84.507024,1788747557.446188,0,100.01258225699894,IDLE
84.608668,1788747557.547832,0,100.11424964199978,IDLE
84.710136,1788747557.649300,0,100.21570871099902,IDLE
84.812006,1788747557.751170,0,100.31752926399895,IDLE
84.914860,1788747557.854023,0,100.42041836099997,IDLE
85.016345,1788747557.955508,0,100.52194535600029,IDLE
85.117849,1788747558.057013,0,100.62343372199939,IDLE
85.219328,1788747558.158491,0,100.72488497599988,IDLE
85.320729,1788747558.259892,0,100.82634704500015,IDLE
85.422218,1788747558.361382,0,100.92778355900009,IDLE
85.523652,1788747558.462816,0,101.02921416499885,IDLE
85.625096,1788747558.564260,0,101.13065660400025,IDLE
85.726440,1788747558.665603,0,101.23207732099945,IDLE
85.828079,1788747558.767242,0,101.33351661199958,IDLE
85.929530,1788747558.868693,0,101.43495949600037,IDLE
86.030946,1788747558.970109,0,101.5363867319993,IDLE
86.132459,1788747559.071623,0,101.63788796799963,IDLE
86.233816,1788747559.172980,0,101.73933579599907,IDLE
86.335117,1788747559.274281,0,101.84076149499924,IDLE
86.436795,1788747559.375959,0,101.94223200799934,IDLE
86.538051,1788747559.477215,0,102.04371200400055,IDLE
86.639832,1788747559.578995,0,102.14512207199914,IDLE
86.740926,1788747559.680090,0,102.24655499300025,IDLE
86.842364,1788747559.781528,0,102.34798302499985,IDLE
86.943837,1788747559.883001,0,102.44942290899962,IDLE
87.045421,1788747559.984584,0,102.55084838499897,IDLE
87.146671,1788747560.085835,0,102.65227504699942,IDLE
87.248073,1788747560.187237,0,102.75371439399896,IDLE
87.349512,1788747560.288676,0,102.85513251799966,IDLE
87.450943,1788747560.390106,0,102.95656397600033,IDLE
87.552400,1788747560.491564,0,103.05801871199947,IDLE
87.653745,1788747560.592909,0,103.15941752099934,IDLE
87.755183,1788747560.694346,0,103.26082890500038,IDLE
87.856668,1788747560.795832,0,103.36228210399895,IDLE
87.958103,1788747560.897267,0,103.46374587599894,IDLE
88.059965,1788747560.999129,0,103.56548911400023,IDLE
88.161668,1788747561.100832,0,103.6672424440003,IDLE
88.263700,1788747561.202864,0,103.7691095350001,IDLE
88.365518,1788747561.304682,0,103.87092192099954,IDLE
88.467153,1788747561.406317,0,103.97270875100003,IDLE
88.568918,1788747561.508082,0,104.07450522999898,IDLE
88.670733,1788747561.609897,0,104.1762824489997,IDLE
88.772806,1788747561.711969,0,104.2781494840001,IDLE
88.874451,1788747561.813615,0,104.379967036999,IDLE
88.976244,1788747561.915408,0,104.48178183100026,IDLE
89.078055,1788747562.017218,0,104.5835425869991,IDLE
89.180218,1788747562.119382,0,104.68530286199893,IDLE
89.281795,1788747562.220959,0,104.78723972999978,IDLE
89.384174,1788747562.323337,0,104.88926339600039,IDLE
89.486220,1788747562.425384,0,104.99127717199917,IDLE
89.588191,1788747562.527354,0,105.0932742820005,IDLE
89.690251,1788747562.629414,0,105.1953704839998,IDLE
89.792039,1788747562.731202,0,105.29744085399943,IDLE
89.894422,1788747562.833586,0,105.39985307700044,IDLE
89.996298,1788747562.935462,0,105.50181383500058,IDLE
90.098241,1788747563.037405,0,105.6038429629989,IDLE
90.200189,1788747563.139352,0,105.70576131300004,IDLE
90.302356,1788747563.241520,0,105.80792121999912,IDLE
90.404692,1788747563.343856,0,105.90973173599923,IDLE
90.506124,1788747563.445287,0,106.01173599399954,IDLE
90.608165,1788747563.547328,0,106.11366350999924,IDLE
90.710111,1788747563.649275,0,106.21562450800047,IDLE
90.812416,1788747563.751579,0,106.31766741499996,IDLE
90.914456,1788747563.853620,0,106.41997167400041,IDLE
91.016402,1788747563.955566,0,106.5219732280002,IDLE
91.118263,1788747564.057427,0,106.62384774499878,IDLE
91.220335,1788747564.159499,0,106.72589737300041,IDLE
91.322210,1788747564.261374,0,106.82777666699985,IDLE
91.424087,1788747564.363251,0,106.92969844300023,IDLE
91.526994,1788747564.466158,0,107.03245726099885,IDLE
91.628711,1788747564.567875,0,107.13420140599919,IDLE
91.731214,1788747564.670377,0,107.23665892600002,IDLE
91.834843,1788747564.774007,0,107.33939928200016,IDLE
91.936573,1788747564.875736,0,107.44215693299884,IDLE
92.038448,1788747564.977611,0,107.54402870900049,IDLE
92.140323,1788747565.079486,0,107.64591187299993,IDLE
92.242218,1788747565.181382,0,107.74775248200058,IDLE
92.344546,1788747565.283710,0,107.84978781399877,IDLE
92.446668,1788747565.385831,0,107.95189959100026,IDLE
92.548931,1788747565.488095,0,108.05400514599933,IDLE
92.650948,1788747565.590111,0,108.15601571799925,IDLE
92.752956,1788747565.692120,0,108.25804405099916,IDLE
92.855044,1788747565.794208,0,108.36009143800038,IDLE
92.956870,1788747565.896034,0,108.46247421699991,IDLE
93.059111,1788747565.998275,0,108.56435669599887,IDLE
93.160816,1788747566.099980,0,108.66636199099958,IDLE
93.262865,1788747566.202029,0,108.76839584200025,IDLE
93.365082,1788747566.304245,0,108.87054584100042,IDLE
93.467067,1788747566.406230,0,108.97248295099962,IDLE
93.569059,1788747566.508223,0,109.07449972699942,IDLE
93.670884,1788747566.610047,0,109.17643474400029,IDLE
93.772935,1788747566.712099,0,109.27849429799971,IDLE
93.874872,1788747566.814036,0,109.38049107500046,IDLE
93.977179,1788747566.916343,0,109.48271381599989,IDLE
94.079110,1788747567.018274,0,109.58470442500038,IDLE
94.181243,1788747567.120407,0,109.68683420199886,IDLE
94.283355,1788747567.222519,0,109.78894933099946,IDLE
94.385477,1788747567.324640,0,109.89100666400009,IDLE
94.487865,1788747567.427029,0,109.99307049599884,IDLE
94.590002,1788747567.529165,0,110.09520388400051,IDLE
94.691959,1788747567.631123,0,110.19733058699967,IDLE
94.794034,1788747567.733198,0,110.29957821700009,IDLE
94.896472,1788747567.835636,0,110.4020316999995,IDLE
94.998589,1788747567.937753,0,110.50381960499908,IDLE
95.100498,1788747568.039662,0,110.60611060500014,IDLE
95.202482,1788747568.141646,0,110.70806541799902,IDLE
95.304586,1788747568.243750,0,110.81019304700021,IDLE
95.406692,1788747568.345856,0,110.91230293599983,IDLE
95.508779,1788747568.447943,0,111.01435110099919,IDLE
95.610851,1788747568.550015,0,111.11640074800016,IDLE
95.713570,1788747568.652733,0,111.21915980700032,IDLE
95.815350,1788747568.754513,0,111.32092202700005,IDLE
95.917377,1788747568.856541,0,111.42290885900002,IDLE
96.019470,1788747568.958634,0,111.52487163499973,IDLE
96.121428,1788747569.060592,0,111.62680615099998,IDLE
96.223114,1788747569.162278,0,111.72865272299896,IDLE
96.324997,1788747569.264161,0,111.83056053600012,IDLE
96.427067,1788747569.366230,0,111.9326016269988,IDLE
96.529002,1788747569.468165,0,112.03456558899961,IDLE
96.630990,1788747569.570154,0,112.13652808699953,IDLE
96.732940,1788747569.672104,0,112.2384998260004,IDLE
96.834810,1788747569.773974,0,112.34037636100038,IDLE
96.937006,1788747569.876170,0,112.44257049099906,IDLE
97.038908,1788747569.978071,0,112.54447269199954,IDLE
97.140898,1788747570.080062,0,112.64646613600053,IDLE
97.242826,1788747570.181990,0,112.74838893000015,IDLE
97.344800,1788747570.283963,0,112.85037235399977,IDLE
97.446737,1788747570.385900,0,112.95225585200023,IDLE
97.548691,1788747570.487854,0,113.05425687000024,IDLE
97.650707,1788747570.589871,0,113.15624244199898,IDLE
97.752651,1788747570.691815,0,113.25823029300045,IDLE
97.854855,1788747570.794019,0,113.36013797600026,IDLE
97.956740,1788747570.895904,0,113.46229356799995,IDLE
98.058667,1788747570.997831,0,113.56423426999936,IDLE
98.161130,1788747571.100293,0,113.66620769399924,IDLE
98.262672,1788747571.201836,0,113.768077748,IDLE
98.365259,1788747571.304423,0,113.87022324700047,IDLE
98.466954,1788747571.406117,0,113.97205554100037,IDLE
98.568628,1788747571.507791,0,114.07416376299989,IDLE
98.670665,1788747571.609829,0,114.17625924399908,IDLE
98.772956,1788747571.712120,0,114.27840016899972,IDLE
98.875063,1788747571.814226,0,114.38048587199955,IDLE
98.977019,1788747571.916182,0,114.48251744499976,IDLE
99.079519,1788747572.018683,0,114.58467224099877,IDLE
99.181046,1788747572.120210,0,114.68662075800057,IDLE
99.282950,1788747572.222114,0,114.7884577549994,IDLE
99.384770,1788747572.323933,0,114.89025451199996,IDLE
99.486625,1788747572.425788,0,114.99213667699951,IDLE
99.588444,1788747572.527607,0,115.0940217669995,IDLE
99.690328,1788747572.629492,0,115.1959149689992,IDLE
99.792596,1788747572.731759,0,115.29795000500053,IDLE
99.894664,1788747572.833827,0,115.40025311600039,IDLE
99.996766,1788747572.935930,0,115.50210578099905,IDLE
100.098413,1788747573.037576,0,115.60402409400012,IDLE
100.200410,1788747573.139574,0,115.70601603700015,IDLE
100.302489,1788747573.241652,0,115.8079679980001,IDLE
100.404347,1788747573.343510,0,115.90990119999879,IDLE
100.506343,1788747573.445507,0,116.0118887539993,IDLE
100.608494,1788747573.547658,0,116.11385608599994,IDLE
100.710214,1788747573.649378,0,116.21579330699933,IDLE
100.812153,1788747573.751317,0,116.31773182299912,IDLE
100.914364,1788747573.853527,0,116.41997997199906,IDLE
101.016268,1788747573.955431,0,116.52184239599956,IDLE
101.118245,1788747574.057409,0,116.6238380979994,IDLE
101.220294,1788747574.159457,0,116.72587022600055,IDLE
101.322204,1788747574.261367,0,116.82779628000026,IDLE
101.424388,1788747574.363551,0,116.92994118699971,IDLE
101.526327,1788747574.465491,0,117.03186931500022,IDLE
101.628412,1788747574.567576,0,117.1337611279996,IDLE
101.730646,1788747574.669810,0,117.23569273700014,IDLE
101.833174,1788747574.772338,0,117.33762188400033,IDLE
101.934663,1788747574.873826,0,117.43982825400053,IDLE
102.036443,1788747574.975606,0,117.54181369700018,IDLE
102.138292,1788747575.077456,0,117.64373282499946,IDLE
102.240345,1788747575.179509,0,117.74587326899928,IDLE
102.342186,1788747575.281350,0,117.84768115499901,IDLE
102.444023,1788747575.383187,0,117.94953902399902,IDLE
102.545891,1788747575.485054,0,118.05140598399885,IDLE
102.647640,1788747575.586803,0,118.15323431499928,IDLE
102.749471,1788747575.688635,0,118.25505975699889,IDLE
102.851292,1788747575.790456,0,118.35681219899925,IDLE
102.953163,1788747575.892327,0,118.45869154899992,IDLE
103.055219,1788747575.994383,0,118.56065504700018,IDLE
103.157157,1788747576.096321,0,118.66264186099943,IDLE
103.259152,1788747576.198316,0,118.76457504399878,IDLE
103.361725,1788747576.300888,0,118.86677150700052,IDLE
103.463498,1788747576.402662,0,118.96863644899895,IDLE
103.565061,1788747576.504225,0,119.07067117099905,IDLE
103.667247,1788747576.606411,0,119.17278731799888,IDLE
103.769301,1788747576.708465,0,119.27481894700031,IDLE
103.871405,1788747576.810568,0,119.37693111299996,IDLE
103.973659,1788747576.912822,0,119.4791852239996,IDLE
104.075773,1788747577.014937,0,119.5812605379997,IDLE
104.178010,1788747577.117174,0,119.68352720499934,IDLE
104.279937,1788747577.219100,0,119.78542959199876,IDLE
104.381989,1788747577.321152,0,119.88755398099966,IDLE
104.484010,1788747577.423173,0,119.98952425700008,IDLE
104.585836,1788747577.524999,0,120.0913827179993,IDLE
104.687701,1788747577.626865,0,120.19329084600031,IDLE
104.789992,1788747577.729156,0,120.29547788299897,IDLE
104.892342,1788747577.831505,0,120.39779697599988,IDLE
104.994044,1788747577.933208,0,120.4995687139999,IDLE
105.096186,1788747578.035350,0,120.60168063899982,IDLE
105.198247,1788747578.137410,0,120.70377947199995,IDLE
105.300056,1788747578.239220,0,120.80556476600032,IDLE
105.401887,1788747578.341051,0,120.90746841200053,IDLE
105.503760,1788747578.442924,0,121.00928822499918,IDLE
105.605735,1788747578.544899,0,121.11122035199878,IDLE
105.707641,1788747578.646804,0,121.21320914699936,IDLE
105.809973,1788747578.749137,0,121.31518283100013,IDLE
105.912099,1788747578.851263,0,121.4174860539988,IDLE
106.014585,1788747578.953748,0,121.51964216499982,IDLE
106.116005,1788747579.055169,0,121.62160473800031,IDLE
106.218027,1788747579.157191,0,121.72347056899889,IDLE
106.319976,1788747579.259140,0,121.8254866419993,IDLE
106.421945,1788747579.361109,0,121.92747241799952,IDLE
106.523993,1788747579.463156,0,122.02953178799908,IDLE
106.626014,1788747579.565177,0,122.13160219400015,IDLE
106.728086,1788747579.667250,0,122.23368691599899,IDLE
106.830072,1788747579.769236,0,122.33562252499905,IDLE
106.932259,1788747579.871422,0,122.43781308100006,IDLE
107.034306,1788747579.973469,0,122.53986857999917,IDLE
107.136559,1788747580.075722,0,122.64213991399993,IDLE
107.238437,1788747580.177601,0,122.7439822819997,IDLE
107.340556,1788747580.279720,0,122.84613826299938,IDLE
107.442620,1788747580.381783,0,122.94818324399967,IDLE
107.544778,1788747580.483942,0,123.05034829899887,IDLE
107.646792,1788747580.585956,0,123.15234357599911,IDLE
107.748725,1788747580.687889,0,123.25430201900053,IDLE
107.850671,1788747580.789835,0,123.3562336089999,IDLE
107.953295,1788747580.892459,0,123.4587593340002,IDLE
108.055046,1788747580.994209,0,123.56052992399964,IDLE
108.156849,1788747581.096013,0,123.66235284699906,IDLE
108.258634,1788747581.197797,0,123.76410786300039,IDLE
108.360559,1788747581.299723,0,123.86603854699933,IDLE
108.462423,1788747581.401587,0,123.96789241499937,IDLE
108.564311,1788747581.503474,0,124.06977665399972,IDLE
108.666215,1788747581.605379,0,124.17165818899957,IDLE
108.768125,1788747581.707289,0,124.27357409399883,IDLE
108.870047,1788747581.809210,0,124.37553631499941,IDLE
108.972043,1788747581.911207,0,124.47755331400003,IDLE
109.073911,1788747582.013074,0,124.57946895999885,IDLE
109.175939,1788747582.115103,0,124.68144921800013,IDLE
109.277939,1788747582.217103,0,124.783482679999,IDLE
109.379831,1788747582.318995,0,124.88536238199958,IDLE
109.481740,1788747582.420904,0,124.98730339899885,IDLE
109.583784,1788747582.522947,0,125.08931148999909,IDLE
109.685718,1788747582.624882,0,125.19132878599885,IDLE
109.787676,1788747582.726839,0,125.29328398799953,IDLE
109.890509,1788747582.829673,0,125.39559128499968,IDLE
109.991906,1788747582.931070,0,125.49734657800036,IDLE
110.093997,1788747583.033161,0,125.5994392069988,IDLE
110.195859,1788747583.135023,0,125.70139033600026,IDLE
110.297831,1788747583.236995,0,125.80328249999911,IDLE
110.399807,1788747583.338971,0,125.90531505499894,IDLE
110.501717,1788747583.440881,0,126.00729077600045,IDLE
110.603601,1788747583.542765,0,126.10915084800035,IDLE
110.705616,1788747583.644780,0,126.21115306899992,IDLE
110.807544,1788747583.746708,0,126.31311762299993,IDLE
110.910328,1788747583.849492,0,126.4154022900002,IDLE
111.011943,1788747583.951106,0,126.51733090000016,IDLE
111.114257,1788747584.053420,0,126.61938886200005,IDLE
111.216377,1788747584.155540,0,126.72145615800036,IDLE
111.317993,1788747584.257157,0,126.82348748999902,IDLE
111.419997,1788747584.359160,0,126.92553589599993,IDLE
111.521950,1788747584.461113,0,127.02750787699915,IDLE
111.623941,1788747584.563105,0,127.12950983799965,IDLE
111.726150,1788747584.665313,0,127.23145755899895,IDLE
111.828180,1788747584.767344,0,127.33348140999988,IDLE
111.930436,1788747584.869600,0,127.43574648499998,IDLE
112.032341,1788747584.971505,0,127.53772394599946,IDLE
112.134076,1788747585.073240,0,127.6395902589993,IDLE
112.236392,1788747585.175555,0,127.74180129599881,IDLE
112.338400,1788747585.277564,0,127.84363977499925,IDLE
112.440601,1788747585.379765,0,127.94557220000024,IDLE
112.542054,1788747585.481217,0,128.04753088399957,IDLE
112.643983,1788747585.583147,0,128.1494344189996,IDLE
112.745922,1788747585.685086,0,128.25137276900023,IDLE
112.847833,1788747585.786997,0,128.35328141599894,IDLE
112.950013,1788747585.889177,0,128.45555523099938,IDLE
113.052310,1788747585.991473,0,128.55737913600024,IDLE
113.153960,1788747586.093124,0,128.6595285250005,IDLE
113.256196,1788747586.195359,0,128.7615392459993,IDLE
113.358684,1788747586.297848,0,128.86384819100022,IDLE
113.460315,1788747586.399479,0,128.96589133799898,IDLE
113.562671,1788747586.501834,0,129.06809628299925,IDLE
113.664665,1788747586.603828,0,129.17010146699977,IDLE
113.766684,1788747586.705848,0,129.27222820799943,IDLE
113.868806,1788747586.807969,0,129.37424468800054,IDLE
113.971087,1788747586.910250,0,129.47657454100045,IDLE
114.073204,1788747587.012367,0,129.57867552199968,IDLE
114.175144,1788747587.114307,0,129.68056711200006,IDLE
114.277217,1788747587.216380,0,129.78269898299914,IDLE
114.379115,1788747587.318278,0,129.88462064799933,IDLE
114.481106,1788747587.420269,0,129.98661110899957,IDLE
114.583104,1788747587.522268,0,130.08861595999952,IDLE
114.685110,1788747587.624274,0,130.19066932999885,IDLE
114.787124,1788747587.726288,0,130.29263208799966,IDLE
114.889474,1788747587.828637,0,130.3949772369997,IDLE
114.991313,1788747587.930477,0,130.49681251199945,IDLE
115.093458,1788747588.032622,0,130.5989623459991,IDLE
115.195269,1788747588.134432,0,130.70086171399998,IDLE
115.297247,1788747588.236411,0,130.8028754909992,IDLE
115.399164,1788747588.338328,0,130.9048063600003,IDLE
115.501238,1788747588.440402,0,131.00681369199992,IDLE
115.603196,1788747588.542360,0,131.10876846800056,IDLE
115.705145,1788747588.644309,0,131.21071591100008,IDLE
115.807092,1788747588.746256,0,131.3126466140002,IDLE
115.909305,1788747588.848468,0,131.4148567989996,IDLE
116.011397,1788747588.950561,0,131.51676974200018,IDLE
116.113538,1788747589.052701,0,131.61890055599906,IDLE
116.215287,1788747589.154451,0,131.720859518,IDLE
116.317258,1788747589.256422,0,131.822826960999,IDLE
116.419459,1788747589.358623,0,131.9248263669997,IDLE
116.521516,1788747589.460680,0,132.02709131200027,IDLE
116.623382,1788747589.562546,0,132.1289800329996,IDLE
116.725529,1788747589.664693,0,132.23104177300047,IDLE
116.827619,1788747589.766783,0,132.3331452170005,IDLE
116.930062,1788747589.869226,0,132.43538923599954,IDLE
117.032199,1788747589.971363,0,132.5375691249992,IDLE
117.134153,1788747590.073317,0,132.63942223400045,IDLE
117.235776,1788747590.174940,0,132.7413188619994,IDLE
117.337775,1788747590.276938,0,132.84319267499995,IDLE
117.439403,1788747590.378567,0,132.94501987600052,IDLE
117.541226,1788747590.480390,0,133.04685326300023,IDLE
117.643660,1788747590.582824,0,133.14864207499886,IDLE
117.745090,1788747590.684254,0,133.25057740699958,IDLE
117.846928,1788747590.786092,0,133.35243416400044,IDLE
117.949096,1788747590.888260,0,133.45459297900015,IDLE
118.050940,1788747590.990103,0,133.55640625399974,IDLE
118.153017,1788747591.092181,0,133.6585069949997,IDLE
118.254837,1788747591.194000,0,133.76034114100003,IDLE
118.356913,1788747591.296077,0,133.86221643499994,IDLE
118.458793,1788747591.397957,0,133.96402796999973,IDLE
118.560622,1788747591.499785,0,134.06591272699916,IDLE
118.662760,1788747591.601924,0,134.16788598499988,IDLE
118.764184,1788747591.703348,0,134.26971061299992,IDLE
118.866436,1788747591.805599,0,134.37159835199964,IDLE
118.968115,1788747591.907279,0,134.47365770299984,IDLE
119.070036,1788747592.009200,0,134.57558905299993,IDLE
119.172094,1788747592.111258,0,134.67763258999912,IDLE
119.274236,1788747592.213400,0,134.77954892100024,IDLE
119.376174,1788747592.315338,0,134.88160342099945,IDLE
119.478152,1788747592.417316,0,134.98359134499879,IDLE
119.580059,1788747592.519223,0,135.0855145659989,IDLE
119.682016,1788747592.621180,0,135.1874936389995,IDLE
119.784176,1788747592.723340,0,135.28963019399998,IDLE
119.886459,1788747592.825623,0,135.39198625099925,IDLE
119.988250,1788747592.927413,0,135.4938500449989,IDLE
120.090215,1788747593.029379,0,135.59583852600008,IDLE
120.192314,1788747593.131477,0,135.6978736359997,IDLE
120.294181,1788747593.233345,0,135.799817653,IDLE
120.396774,1788747593.335937,0,135.90229911799906,IDLE
120.498661,1788747593.437825,0,136.0042074310004,IDLE
120.600810,1788747593.539974,0,136.1060312440004,IDLE
120.702367,1788747593.641531,0,136.2078529829996,IDLE
120.804359,1788747593.743522,0,136.3098549440001,IDLE
120.906638,1788747593.845802,0,136.41209740799968,IDLE
121.008472,1788747593.947636,0,136.5139688500003,IDLE
121.110477,1788747594.049641,0,136.61593597899991,IDLE
121.212402,1788747594.151565,0,136.71796727400033,IDLE
121.314441,1788747594.253605,0,136.82004427399988,IDLE
121.416399,1788747594.355563,0,136.92196586499995,IDLE
121.518467,1788747594.457630,0,137.02403436399982,IDLE
121.620478,1788747594.559642,0,137.12606402999882,IDLE
121.722729,1788747594.661892,0,137.228040046999,IDLE
121.824773,1788747594.763937,0,137.33008660199994,IDLE
121.926716,1788747594.865880,0,137.4322508059995,IDLE
122.028786,1788747594.967950,0,137.5343607499999,IDLE
122.132216,1788747595.071380,0,137.63740171800055,IDLE
122.233610,1788747595.172774,0,137.7392336239991,IDLE
122.335654,1788747595.274817,0,137.84108163999917,IDLE
122.437310,1788747595.376474,0,137.94292339799904,IDLE
122.539114,1788747595.478278,0,138.0447441920005,IDLE
122.641095,1788747595.580259,0,138.14670445000047,IDLE
122.743095,1788747595.682259,0,138.24866237400056,IDLE
122.845177,1788747595.784341,0,138.35074268899916,IDLE
122.947648,1788747595.886812,0,138.45294316999934,IDLE
123.049372,1788747595.988535,0,138.55479646499953,IDLE
123.151169,1788747596.090332,0,138.65662681399954,IDLE
123.252937,1788747596.192100,0,138.75850416499998,IDLE
123.354867,1788747596.294030,0,138.86035314400033,IDLE
123.456616,1788747596.395780,0,138.96224988299946,IDLE
123.558566,1788747596.497729,0,139.06418601099904,IDLE
123.660571,1788747596.599735,0,139.16620778799916,IDLE
123.762620,1788747596.701784,0,139.26819875,IDLE
123.864754,1788747596.803918,0,139.3703323239988,IDLE
123.966729,1788747596.905893,0,139.47234424899943,IDLE
124.068964,1788747597.008127,0,139.57457297200017,IDLE
124.170791,1788747597.109954,0,139.67639287699967,IDLE
124.272771,1788747597.211935,0,139.7783740979994,IDLE
124.374732,1788747597.313896,0,139.88028448499972,IDLE
124.476753,1788747597.415916,0,139.9823409849996,IDLE
124.578713,1788747597.517877,0,140.0842909089988,IDLE
124.680626,1788747597.619790,0,140.18612012999984,IDLE
124.782430,1788747597.721594,0,140.28791336799986,IDLE
124.884566,1788747597.823730,0,140.39003799700004,IDLE
124.986301,1788747597.925465,0,140.49182397599907,IDLE
125.088254,1788747598.027418,0,140.5938171609996,IDLE
125.190754,1788747598.129918,0,140.69591510499959,IDLE
125.292796,1788747598.231960,0,140.79797499300003,IDLE
125.394698,1788747598.333862,0,140.9001081589995,IDLE
125.496973,1788747598.436136,0,141.00219741799992,IDLE
125.598936,1788747598.538100,0,141.10410652800056,IDLE
125.700801,1788747598.639964,0,141.20633419499973,IDLE
125.803050,1788747598.742214,0,141.30827361999945,IDLE
125.905430,1788747598.844594,0,141.4106451209991,IDLE
126.007001,1788747598.946165,0,141.51263371200002,IDLE
126.108990,1788747599.048154,0,141.614547191999,IDLE
126.210848,1788747599.150012,0,141.71648063499924,IDLE
126.313389,1788747599.252553,0,141.81843646800007,IDLE
126.414948,1788747599.354112,0,141.92047502199966,IDLE
126.516890,1788747599.456054,0,142.0224941510005,IDLE
126.618809,1788747599.557972,0,142.12438392699914,IDLE
126.720948,1788747599.660111,0,142.22645359299895,IDLE
126.822858,1788747599.762021,0,142.32833959199888,IDLE
126.925084,1788747599.864248,0,142.4305702769998,IDLE
127.027038,1788747599.966202,0,142.53252122099912,IDLE
127.129038,1788747600.068202,0,142.6345186639992,IDLE
127.231055,1788747600.170219,0,142.73650864400042,IDLE
127.333095,1788747600.272259,0,142.83853532899957,IDLE
127.435028,1788747600.374192,0,142.94057119900026,IDLE
127.537021,1788747600.476185,0,143.04255528999965,IDLE
127.638947,1788747600.578111,0,143.14448021499993,IDLE
127.740831,1788747600.679995,0,143.24633725000058,IDLE
127.842900,1788747600.782064,0,143.34841597100058,IDLE
127.945025,1788747600.884189,0,143.4505108230005,IDLE
128.047005,1788747600.986169,0,143.55249856299997,IDLE
128.149230,1788747601.088394,0,143.65476485999898,IDLE
128.251042,1788747601.190206,0,143.7565680610005,IDLE
128.353013,1788747601.292176,0,143.85847726300017,IDLE
128.454823,1788747601.393986,0,143.96028739099893,IDLE
128.556684,1788747601.495848,0,144.06220209300045,IDLE
128.658617,1788747601.597781,0,144.16411333199903,IDLE
128.760528,1788747601.699692,0,144.26606075699965,IDLE
128.862857,1788747601.802020,0,144.36801475599896,IDLE
128.965049,1788747601.904213,0,144.47030612699928,IDLE
129.066730,1788747602.005893,0,144.57217890299944,IDLE
129.168635,1788747602.107799,0,144.67415891999917,IDLE
129.270639,1788747602.209802,0,144.77611336399968,IDLE
129.372500,1788747602.311663,0,144.87802462099899,IDLE
129.474566,1788747602.413729,0,144.97998704599922,IDLE
129.576468,1788747602.515632,0,145.08197032299904,IDLE
129.678443,1788747602.617606,0,145.18394454400004,IDLE
129.780334,1788747602.719498,0,145.2858470049996,IDLE
129.882627,1788747602.821790,0,145.38798146800036,IDLE
129.984320,1788747602.923484,0,145.48979759599933,IDLE
130.086307,1788747603.025471,0,145.59175966899966,IDLE
130.188257,1788747603.127421,0,145.69372340799964,IDLE
130.290450,1788747603.229613,0,145.79576666699904,IDLE
130.392539,1788747603.331702,0,145.89782503700008,IDLE
130.494464,1788747603.433627,0,145.9997829799995,IDLE
130.596292,1788747603.535456,0,146.1018247009997,IDLE
130.698186,1788747603.637350,0,146.2036815699994,IDLE
130.800149,1788747603.739313,0,146.3056449579999,IDLE
130.902463,1788747603.841627,0,146.4079435700005,IDLE
131.004232,1788747603.943395,0,146.50972445600019,IDLE
131.106301,1788747604.045464,0,146.61180827099997,IDLE
131.208345,1788747604.147509,0,146.71365363899895,IDLE
131.310063,1788747604.249227,0,146.8156000830004,IDLE
131.413609,1788747604.352772,0,146.9175735810004,IDLE
131.514187,1788747604.453351,0,147.01957395099998,IDLE
131.616302,1788747604.555466,0,147.12178776600012,IDLE
131.718179,1788747604.657343,0,147.2236834309988,IDLE
131.820438,1788747604.759601,0,147.32577680099894,IDLE
131.922643,1788747604.861807,0,147.4279556349993,IDLE
132.024777,1788747604.963941,0,147.5303487479996,IDLE
132.126758,1788747605.065922,0,147.63228354300009,IDLE
132.228783,1788747605.167946,0,147.7343345419995,IDLE
132.330672,1788747605.269835,0,147.83627872599936,IDLE
132.432746,1788747605.371910,0,147.93833431799976,IDLE
132.534818,1788747605.473982,0,148.04036483599884,IDLE
132.636849,1788747605.576013,0,148.14239661300053,IDLE
132.738797,1788747605.677960,0,148.2443455749999,IDLE
132.841413,1788747605.780577,0,148.34646276000058,IDLE
132.943085,1788747605.882249,0,148.44866007499877,IDLE
133.045155,1788747605.984318,0,148.550730388999,IDLE
133.147685,1788747606.086848,0,148.65276473999984,IDLE
133.249298,1788747606.188462,0,148.75484068399965,IDLE
133.351210,1788747606.290374,0,148.85681703499904,IDLE
133.453279,1788747606.392443,0,148.95890684999904,IDLE
133.555496,1788747606.494660,0,149.06099807200007,IDLE
133.657579,1788747606.596743,0,149.16306995999912,IDLE
133.759683,1788747606.698847,0,149.26517255199906,IDLE
133.861968,1788747606.801132,0,149.36717697699896,IDLE
133.963970,1788747606.903133,0,149.46940595999877,IDLE
134.065902,1788747607.005065,0,149.57139336599903,IDLE
134.168109,1788747607.107273,0,149.67355621800016,IDLE
134.270078,1788747607.209242,0,149.77557338400038,IDLE
134.372218,1788747607.311382,0,149.87770060599905,IDLE
134.474150,1788747607.413314,0,149.97959286399964,IDLE
134.576486,1788747607.515650,0,150.08166652999898,IDLE
134.678477,1788747607.617640,0,150.18369978900046,IDLE
134.780500,1788747607.719663,0,150.28596299299898,IDLE
134.882762,1788747607.821926,0,150.3882565499989,IDLE
134.984604,1788747607.923767,0,150.49013925200052,IDLE
135.086566,1788747608.025730,0,150.5921727699988,IDLE
135.188601,1788747608.127764,0,150.69418854700052,IDLE
135.290659,1788747608.229823,0,150.79620358300053,IDLE
135.392753,1788747608.331917,0,150.8983389719997,IDLE
135.494819,1788747608.433983,0,151.000374285999,IDLE
135.596747,1788747608.535911,0,151.1023507480004,IDLE
135.698902,1788747608.638066,0,151.2044340809989,IDLE
135.800686,1788747608.739849,0,151.30629233800028,IDLE
135.902833,1788747608.841997,0,151.408409448999,IDLE
136.004725,1788747608.943889,0,151.51028933700036,IDLE
136.106568,1788747609.045732,0,151.61212622399944,IDLE
136.208437,1788747609.147601,0,151.7140099999997,IDLE
136.310366,1788747609.249530,0,151.8159321839994,IDLE
136.412972,1788747609.352135,0,151.91800433099888,IDLE
136.514841,1788747609.454004,0,152.01989582999886,IDLE
136.616295,1788747609.555459,0,152.12179823599945,IDLE
136.718112,1788747609.657276,0,152.22361377099878,IDLE
136.820029,1788747609.759192,0,152.3254920290001,IDLE
136.922156,1788747609.861320,0,152.42766447299982,IDLE
137.024107,1788747609.963271,0,152.52959739799917,IDLE
137.126190,1788747610.065353,0,152.63172041600046,IDLE
137.228295,1788747610.167459,0,152.73381539799993,IDLE
137.330339,1788747610.269503,0,152.83588500800033,IDLE
137.432415,1788747610.371579,0,152.93797406399972,IDLE
137.534570,1788747610.473733,0,153.04004615600024,IDLE
137.636594,1788747610.575758,0,153.1421076739989,IDLE
137.738598,1788747610.677762,0,153.24411104299907,IDLE
137.840754,1788747610.779917,0,153.34630970999933,IDLE
137.943179,1788747610.882342,0,153.44868493399917,IDLE
138.045144,1788747610.984308,0,153.55066222999994,IDLE
138.147084,1788747611.086248,0,153.65262550599982,IDLE
138.249500,1788747611.188664,0,153.75463333900007,IDLE
138.351070,1788747611.290233,0,153.85660196699973,IDLE
138.453052,1788747611.392216,0,153.95859946699966,IDLE
138.555115,1788747611.494279,0,154.0606527809996,IDLE
138.657085,1788747611.596249,0,154.16262248400017,IDLE
138.759307,1788747611.698470,0,154.26452901899938,IDLE
138.861249,1788747611.800413,0,154.36674716800007,IDLE
138.963176,1788747611.902340,0,154.4686855559994,IDLE
139.065102,1788747612.004265,0,154.57072286999937,IDLE
139.167067,1788747612.106231,0,154.67266486900007,IDLE
139.269094,1788747612.208257,0,154.77466923800057,IDLE
139.371036,1788747612.310199,0,154.87663418199918,IDLE
139.473055,1788747612.412219,0,154.97864943999957,IDLE
139.575030,1788747612.514194,0,155.08061877299951,IDLE
139.677373,1788747612.616537,0,155.18260260500028,IDLE
139.779097,1788747612.718261,0,155.2845710849997,IDLE
139.881220,1788747612.820384,0,155.3866547889993,IDLE
139.983006,1788747612.922169,0,155.48860430599962,IDLE
140.084953,1788747613.024117,0,155.59056636099922,IDLE
140.187498,1788747613.126662,0,155.69265643499966,IDLE
140.289131,1788747613.228294,0,155.794692174999,IDLE
140.391249,1788747613.330413,0,155.89675293399887,IDLE
140.493189,1788747613.432353,0,155.9988014699993,IDLE
140.595129,1788747613.534293,0,156.10072107999986,IDLE
140.697124,1788747613.636288,0,156.20273909800017,IDLE
140.799073,1788747613.738237,0,156.30468592999932,IDLE
140.901392,1788747613.840555,0,156.40692502300044,IDLE
141.003257,1788747613.942421,0,156.5087773920004,IDLE
141.105029,1788747614.044193,0,156.61062694599968,IDLE
141.207026,1788747614.146190,0,156.7125153149991,IDLE
141.308844,1788747614.248008,0,156.8144619800005,IDLE
141.410782,1788747614.349946,0,156.9164011640005,IDLE
141.513065,1788747614.452229,0,157.01853494199895,IDLE
141.615359,1788747614.554523,0,157.12055844099996,IDLE
141.717414,1788747614.656577,0,157.2226303669995,IDLE
141.819017,1788747614.758180,0,157.32462986599967,IDLE
141.921563,1788747614.860727,0,157.42678879199957,IDLE
142.023350,1788747614.962514,0,157.52882395899906,IDLE
142.125428,1788747615.064592,0,157.63094694000029,IDLE
142.227212,1788747615.166375,0,157.7327846600001,IDLE
142.329044,1788747615.268208,0,157.83463401100016,IDLE
142.431007,1788747615.370171,0,157.93651947199942,IDLE
142.533026,1788747615.472190,0,158.0385472679991,IDLE
142.635514,1788747615.574678,0,158.14107171499927,IDLE
142.738287,1788747615.677450,0,158.24287856499905,IDLE
142.839132,1788747615.778296,0,158.3446537660002,IDLE
142.941117,1788747615.880281,0,158.44667339499938,IDLE
143.043154,1788747615.982317,0,158.5486987280001,IDLE
143.145687,1788747616.084851,0,158.65104972900008,IDLE
143.249109,1788747616.188272,0,158.75453086800007,IDLE
143.352659,1788747616.291823,0,158.85708518499996,IDLE
143.454936,1788747616.394100,0,158.95955614999912,IDLE
143.556587,1788747616.495751,0,159.06200439299937,IDLE
143.657896,1788747616.597060,0,159.1634667039998,IDLE
143.759886,1788747616.699050,0,159.2654121659998,IDLE
143.863132,1788747616.802296,0,159.3687038400003,IDLE
143.965084,1788747616.904248,0,159.47023589200035,IDLE
144.067303,1788747617.006466,0,159.5723712809995,IDLE
144.175978,1788747617.115142,0,159.67910792099974,IDLE
144.276662,1788747617.215825,0,159.78228814999966,IDLE
144.378731,1788747617.317894,0,159.88409137000053,IDLE
144.479886,1788747617.419050,0,159.98548723599924,IDLE
144.581376,1788747617.520540,0,160.08700919500006,IDLE
144.683820,1788747617.622983,0,160.18930749299943,IDLE
144.785435,1788747617.724599,0,160.29075435899904,IDLE
144.887173,1788747617.826337,0,160.39279172900024,IDLE
144.988584,1788747617.927747,0,160.49422270600007,IDLE
145.090246,1788747618.029410,0,160.5958790730001,IDLE
145.193154,1788747618.132318,0,160.69865654000023,IDLE
145.294580,1788747618.233744,0,160.80013903600047,IDLE
145.396338,1788747618.335502,0,160.9019096079992,IDLE
145.498024,1788747618.437188,0,161.003448604999,IDLE
145.599610,1788747618.538774,0,161.10504269400008,IDLE
145.700979,1788747618.640143,0,161.20661996799936,IDLE
145.802819,1788747618.741982,0,161.30822689100023,IDLE
145.904414,1788747618.843578,0,161.41008344500005,IDLE
146.006243,1788747618.945407,0,161.51147923700046,IDLE
146.107774,1788747619.046938,0,161.61332421599946,IDLE
146.209246,1788747619.148410,0,161.71476456399978,IDLE
146.310739,1788747619.249902,0,161.8162783560001,IDLE
146.412520,1788747619.351684,0,161.91792668699964,IDLE
146.514024,1788747619.453187,0,162.01961179499995,IDLE
146.615458,1788747619.554621,0,162.1210728469996,IDLE
146.717075,1788747619.656239,0,162.22260273199936,IDLE
146.818704,1788747619.757868,0,162.32422326599954,IDLE
146.920512,1788747619.859676,0,162.42604033799944,IDLE
147.022135,1788747619.961299,0,162.52767259400025,IDLE
147.123849,1788747620.063012,0,162.62936705399989,IDLE
147.225359,1788747620.164523,0,162.7310124029991,IDLE
147.327040,1788747620.266203,0,162.83267693699963,IDLE
147.428747,1788747620.367911,0,162.9343619529991,IDLE
147.530344,1788747620.469508,0,163.03598828400027,IDLE
147.632029,1788747620.571193,0,163.13766024399956,IDLE
147.733761,1788747620.672925,0,163.23938509300024,IDLE
147.835352,1788747620.774516,0,163.34098910799912,IDLE
147.937196,1788747620.876360,0,163.44283273600013,IDLE
148.038812,1788747620.977976,0,163.5444519369994,IDLE
148.140470,1788747621.079634,0,163.64609697099877,IDLE
148.242090,1788747621.181253,0,163.74773056099912,IDLE
148.343746,1788747621.282909,0,163.84936350200041,IDLE
148.446268,1788747621.385432,0,163.95182246699915,IDLE
148.548341,1788747621.487504,0,164.05389965199902,IDLE
148.650403,1788747621.589567,0,164.1559465779992,IDLE
148.752407,1788747621.691570,0,164.25795848400048,IDLE
148.854540,1788747621.793703,0,164.36007924399928,IDLE
148.956893,1788747621.896057,0,164.46222681799918,IDLE
149.058711,1788747621.997875,0,164.56425763199877,IDLE
149.161351,1788747622.100514,0,164.66652111499934,IDLE
149.263151,1788747622.202314,0,164.7686870409998,IDLE
149.365635,1788747622.304799,0,164.8708906339998,IDLE
149.467669,1788747622.406832,0,164.97286598499886,IDLE
149.569494,1788747622.508658,0,165.07498250400022,IDLE
149.671597,1788747622.610761,0,165.17710768899997,IDLE
149.774200,1788747622.713364,0,165.27929774499898,IDLE
149.876431,1788747622.815595,0,165.3815526719991,IDLE
149.978034,1788747622.917197,0,165.4835360599991,IDLE
150.080279,1788747623.019443,0,165.58566006,IDLE
150.182166,1788747623.121329,0,165.68747113300014,IDLE
150.283821,1788747623.222985,0,165.78932202000033,IDLE
150.385686,1788747623.324850,0,165.89118912899903,IDLE
150.487586,1788747623.426750,0,165.99316009199902,APPROACH
150.588176,1788747623.527339,0,166.09367058099997,APPROACH
150.688589,1788747623.627753,0,166.19404142199892,APPROACH
150.790707,1788747623.729871,0,166.29590351299885,APPROACH
150.892284,1788747623.831448,0,166.39774966000004,APPROACH
150.994214,1788747623.933378,0,166.49950908400024,APPROACH
151.095836,1788747624.034999,0,166.60127932199975,APPROACH
151.197637,1788747624.136801,0,166.7030705420002,APPROACH
151.299416,1788747624.238580,0,166.80485776299975,APPROACH
151.401243,1788747624.340407,0,166.90666233499906,APPROACH
151.502994,1788747624.442158,0,167.00844603599944,APPROACH
151.605071,1788747624.544235,0,167.1102524050002,APPROACH
151.706470,1788747624.645633,0,167.21203457000047,APPROACH
151.808641,1788747624.747805,0,167.31383421600003,APPROACH
151.910048,1788747624.849212,0,167.4156066029991,APPROACH
152.011875,1788747624.951039,0,167.51739408200046,APPROACH
152.113651,1788747625.052815,0,167.61922745099946,APPROACH
152.215449,1788747625.154613,0,167.72101578199909,APPROACH
152.317252,1788747625.256416,0,167.8228203359995,APPROACH
152.419393,1788747625.358556,0,167.92458824099958,APPROACH
152.520831,1788747625.459995,0,168.0263965539998,APPROACH
152.622607,1788747625.561771,0,168.12820960799945,APPROACH
152.724480,1788747625.663644,0,168.23004955000033,APPROACH
152.826558,1788747625.765721,0,168.33183688200006,APPROACH
152.928361,1788747625.867524,0,168.43366391699965,APPROACH
153.030140,1788747625.969303,0,168.53546971200012,APPROACH
153.131688,1788747626.070851,0,168.63725994999913,APPROACH
153.233755,1788747626.172919,0,168.7390955409992,APPROACH
153.335604,1788747626.274768,0,168.84085135399982,APPROACH
153.437078,1788747626.376241,0,168.9426435000005,APPROACH
153.538927,1788747626.478091,0,169.04442859099981,APPROACH
153.640939,1788747626.580103,0,169.14625988499938,APPROACH
153.742754,1788747626.681918,0,169.24806101300055,APPROACH
153.844740,1788747626.783904,0,169.3498363260005,APPROACH
153.946062,1788747626.885226,0,169.45160060099988,APPROACH
154.047823,1788747626.986987,0,169.55335487699995,APPROACH
154.149592,1788747627.088755,0,169.65513765300057,APPROACH
154.251362,1788747627.190526,0,169.75691154000015,APPROACH
154.353171,1788747627.292335,0,169.8587192039995,APPROACH
154.454954,1788747627.394118,0,169.9604933319988,APPROACH
154.556794,1788747627.495958,0,170.0623990339991,APPROACH
154.658989,1788747627.598153,0,170.16421669900046,APPROACH
154.760602,1788747627.699765,0,170.26613055000053,APPROACH
154.863037,1788747627.802200,0,170.36810127100034,APPROACH
154.964378,1788747627.903542,0,170.46999323300042,APPROACH
155.066616,1788747628.005780,0,170.57184880599925,APPROACH
155.168149,1788747628.107313,0,170.6737243409989,APPROACH
155.270016,1788747628.209179,0,170.77556311700027,APPROACH
155.371883,1788747628.311047,0,170.87741667099908,APPROACH
155.474076,1788747628.413240,0,170.97932131800007,APPROACH
155.575603,1788747628.514767,0,171.08115468699907,APPROACH
155.677389,1788747628.616553,0,171.1830000739992,APPROACH
155.779225,1788747628.718389,0,171.28483194299952,APPROACH
155.881310,1788747628.820474,0,171.38674038600038,APPROACH
155.983198,1788747628.922362,0,171.48861408899938,APPROACH
156.085018,1788747629.024181,0,171.59052979099943,APPROACH
156.186796,1788747629.125960,0,171.69237686399902,APPROACH
156.288628,1788747629.227792,0,171.7942603070005,APPROACH
156.390528,1788747629.329691,0,171.8961007500002,APPROACH
156.492475,1788747629.431638,0,171.998008655999,APPROACH
156.594398,1788747629.533562,0,172.09988950600018,APPROACH
156.696224,1788747629.635387,0,172.20176637499935,APPROACH
156.798131,1788747629.737294,0,172.30361139199886,APPROACH
156.899996,1788747629.839160,0,172.40548711299925,APPROACH
157.001725,1788747629.940888,0,172.5072464069999,APPROACH
157.103443,1788747630.042606,0,172.60899651599902,APPROACH
157.205521,1788747630.144685,0,172.7108356810004,APPROACH
157.307298,1788747630.246462,0,172.81262288299877,APPROACH
157.409090,1788747630.348253,0,172.91447075199903,APPROACH
157.511134,1788747630.450297,0,173.01624587900005,APPROACH
157.612653,1788747630.551817,0,173.11812598899996,APPROACH
157.714380,1788747630.653543,0,173.220014135999,APPROACH
157.816307,1788747630.755471,0,173.3218793750002,APPROACH
157.918191,1788747630.857354,0,173.42372341100054,APPROACH
158.020047,1788747630.959211,0,173.52556096499939,APPROACH
158.121863,1788747631.061027,0,173.62739666699963,APPROACH
158.223782,1788747631.162945,0,173.7292608509997,APPROACH
158.326746,1788747631.265909,0,173.83149222199972,APPROACH
158.427968,1788747631.367132,0,173.93318612700023,APPROACH
158.529457,1788747631.468621,0,174.03477125300014,APPROACH
158.631302,1788747631.570466,0,174.13685084600002,APPROACH
158.733745,1788747631.672908,0,174.23907397599942,APPROACH
158.837200,1788747631.776363,0,174.34188196200012,APPROACH
158.938862,1788747631.878026,0,174.44445016899954,APPROACH
159.040778,1788747631.979942,0,174.54632942699936,APPROACH
159.142720,1788747632.081884,0,174.64822790700055,APPROACH
159.250578,1788747632.189742,0,174.75609088800047,APPROACH
159.355240,1788747632.294404,0,174.86073377499997,APPROACH
159.459245,1788747632.398409,0,174.96451008199983,APPROACH
159.560771,1788747632.499934,0,175.06589978100055,APPROACH
159.661762,1788747632.600925,0,175.1672631099991,APPROACH
159.763044,1788747632.702207,0,175.26864517899958,APPROACH
159.864779,1788747632.803943,0,175.37003491599899,APPROACH
159.966624,1788747632.905788,0,175.47211278599934,APPROACH
160.068169,1788747633.007333,0,175.57359720800014,APPROACH
160.169512,1788747633.108675,0,175.67505894500027,APPROACH
160.270972,1788747633.210136,0,175.7765241449997,APPROACH
160.373098,1788747633.312261,0,175.8785838849999,APPROACH
160.474416,1788747633.413580,0,175.98003638099908,APPROACH
160.575997,1788747633.515160,0,176.08146376600052,APPROACH
160.677554,1788747633.616717,0,176.18286200200055,APPROACH
160.778794,1788747633.717957,0,176.2842796829991,APPROACH
160.880401,1788747633.819564,0,176.3857438269988,APPROACH
160.981485,1788747633.920649,0,176.4871361559999,APPROACH
161.083112,1788747634.022276,0,176.5885453560004,APPROACH
161.184425,1788747634.123589,0,176.68994961099997,APPROACH
161.285722,1788747634.224886,0,176.7913256619995,APPROACH
161.387341,1788747634.326505,0,176.89294104799956,APPROACH
161.488978,1788747634.428142,0,176.99458230399978,APPROACH
161.590719,1788747634.529882,0,177.09634096899936,APPROACH
161.692438,1788747634.631602,0,177.19809518900001,APPROACH
161.794333,1788747634.733497,0,177.29977227900054,APPROACH
161.896322,1788747634.835485,0,177.40173153700016,APPROACH
161.997827,1788747634.936991,0,177.5033413860001,APPROACH
162.099304,1788747635.038468,0,177.6049058640001,APPROACH
162.200942,1788747635.140106,0,177.70655082399935,APPROACH
162.302542,1788747635.241706,0,177.8081418769998,APPROACH
162.404200,1788747635.343364,0,177.90977224400012,APPROACH
162.505823,1788747635.444986,0,178.0114161299989,APPROACH
162.607389,1788747635.546553,0,178.11299346099986,APPROACH
162.709069,1788747635.648232,0,178.21465549499953,APPROACH
162.810902,1788747635.750066,0,178.31620349200057,APPROACH
162.912648,1788747635.851812,0,178.41800434200013,APPROACH
163.014191,1788747635.953354,0,178.51956491199962,APPROACH
163.115854,1788747636.055017,0,178.62123285400048,APPROACH
163.217451,1788747636.156615,0,178.72294431499904,APPROACH
163.319316,1788747636.258479,0,178.82458931200017,APPROACH
163.420870,1788747636.360034,0,178.92627592099961,APPROACH
163.522180,1788747636.461344,0,179.02782756499982,APPROACH
163.625187,1788747636.564350,0,179.1305607359991,APPROACH
163.727035,1788747636.666199,0,179.2324906979993,APPROACH
163.829290,1788747636.768454,0,179.33454171700032,APPROACH
163.931424,1788747636.870588,0,179.43668040199918,APPROACH
164.033114,1788747636.972278,0,179.5387182909999,APPROACH
164.135271,1788747637.074435,0,179.64085032799994,APPROACH
164.237473,1788747637.176637,0,179.7427158270002,APPROACH
164.339047,1788747637.278211,0,179.84465169599935,APPROACH
164.441248,1788747637.380412,0,179.94678549299897,APPROACH
164.543198,1788747637.482362,0,180.048738047999,APPROACH
164.645285,1788747637.584449,0,180.1508311029993,APPROACH
164.747241,1788747637.686405,0,180.25281462099883,APPROACH
164.849532,1788747637.788695,0,180.3547865649998,APPROACH
164.951688,1788747637.890852,0,180.45713843699923,APPROACH
165.053529,1788747637.992693,0,180.55897158399966,APPROACH
165.155367,1788747638.094531,0,180.6609273610011,APPROACH
165.257386,1788747638.196550,0,180.76295200800087,APPROACH
165.359366,1788747638.298530,0,180.86493750799855,APPROACH
165.461440,1788747638.400603,0,180.96699487799924,APPROACH
165.563615,1788747638.502778,0,181.06906671099932,APPROACH
165.665645,1788747638.604809,0,181.1711107480005,APPROACH
165.767912,1788747638.707076,0,181.27313298900117,APPROACH
165.870100,1788747638.809264,0,181.37520447000134,APPROACH
165.972300,1788747638.911464,0,181.4773556,APPROACH
166.074198,1788747639.013361,0,181.5794770450011,APPROACH
166.176338,1788747639.115502,0,181.6814291740011,APPROACH
166.278346,1788747639.217510,0,181.78346221099855,APPROACH
166.380024,1788747639.319188,0,181.88548056199943,APPROACH
166.481989,1788747639.421152,0,181.98752370999864,APPROACH
166.584073,1788747639.523236,0,182.0894975980009,APPROACH
166.685886,1788747639.625050,0,182.19136483799957,APPROACH
166.787829,1788747639.726992,0,182.29326980000042,APPROACH
166.890057,1788747639.829220,0,182.39560046800034,APPROACH
166.991855,1788747639.931018,0,182.49736774399935,APPROACH
167.093897,1788747640.033061,0,182.5994031320006,APPROACH
167.195862,1788747640.135026,0,182.7013494089988,APPROACH
167.297782,1788747640.236946,0,182.80334024200056,APPROACH
167.400048,1788747640.339211,0,182.90542059400104,APPROACH
167.501947,1788747640.441111,0,183.0073959270012,APPROACH
167.603963,1788747640.543127,0,183.10930479599847,APPROACH
167.705705,1788747640.644869,0,183.21123477699803,APPROACH
167.807658,1788747640.746821,0,183.31320820199835,APPROACH
167.909847,1788747640.849010,0,183.4153797020008,APPROACH
168.012531,1788747640.951694,0,183.51806094700078,APPROACH
168.114400,1788747641.053563,0,183.61993707500005,APPROACH
168.216270,1788747641.155434,0,183.72172577699894,APPROACH
168.318039,1788747641.257203,0,183.82351227599793,APPROACH
168.420110,1788747641.359273,0,183.92552222000086,APPROACH
168.521999,1788747641.461162,0,184.02755984900068,APPROACH
168.624139,1788747641.563303,0,184.1295704410004,APPROACH
168.726149,1788747641.665313,0,184.23168705300122,APPROACH
168.828356,1788747641.767520,0,184.33383422000043,APPROACH
168.930685,1788747641.869849,0,184.43615659200077,APPROACH
169.032973,1788747641.972136,0,184.53818662900085,APPROACH
169.134774,1788747642.073937,0,184.6402260169998,APPROACH
169.236658,1788747642.175822,0,184.74222718300007,APPROACH
169.338903,1788747642.278067,0,184.844264405001,APPROACH
169.440873,1788747642.380037,0,184.94642822099922,APPROACH
169.543272,1788747642.482435,0,185.0482968489996,APPROACH
169.644908,1788747642.584072,0,185.15039788599825,APPROACH
169.746937,1788747642.686101,0,185.25247179399958,APPROACH
169.848897,1788747642.788061,0,185.3543956450012,APPROACH
169.951069,1788747642.890233,0,185.45652233000146,APPROACH
170.052894,1788747642.992058,0,185.5584338109984,APPROACH
170.155022,1788747643.094186,0,185.6605432369979,APPROACH
170.257398,1788747643.196561,0,185.7625655519987,APPROACH
170.359611,1788747643.298774,0,185.86474434900083,APPROACH
170.462584,1788747643.401747,0,185.9681126530013,APPROACH
170.564786,1788747643.503949,0,186.06993737399898,APPROACH
170.666451,1788747643.605615,0,186.1716975390009,APPROACH
170.768126,1788747643.707289,0,186.27354981499957,APPROACH
170.869824,1788747643.808988,0,186.3753432759986,APPROACH
170.971949,1788747643.911113,0,186.47735040499902,APPROACH
171.074325,1788747644.013489,0,186.57946738700048,APPROACH
171.176391,1788747644.115554,0,186.68151401700015,APPROACH
171.278446,1788747644.217609,0,186.7836011090003,APPROACH
171.380220,1788747644.319384,0,186.88568318399848,APPROACH
171.482280,1788747644.421444,0,186.98773801700008,APPROACH
171.584290,1788747644.523453,0,187.0897898689982,APPROACH
171.686323,1788747644.625486,0,187.19184625699927,APPROACH
171.788488,1788747644.727652,0,187.2939357949981,APPROACH
171.890819,1788747644.829983,0,187.3963282779987,APPROACH
171.992592,1788747644.931756,0,187.49819262899837,APPROACH
172.094771,1788747645.033935,0,187.60031286999947,APPROACH
172.196746,1788747645.135909,0,187.70228357299857,APPROACH
172.298764,1788747645.237928,0,187.80430955399788,APPROACH
172.400817,1788747645.339981,0,187.9064098509989,APPROACH
172.502857,1788747645.442021,0,188.00843879500098,APPROACH
172.604889,1788747645.544052,0,188.11048890600068,APPROACH
172.706929,1788747645.646093,0,188.21248749799997,APPROACH
172.809565,1788747645.748728,0,188.31452731299942,APPROACH
172.911206,1788747645.850370,0,188.41673903599803,APPROACH
173.013445,1788747645.952609,0,188.51894838899898,APPROACH
173.115622,1788747646.054785,0,188.62107111099976,APPROACH
173.217629,1788747646.156793,0,188.7230807220003,APPROACH
173.319823,1788747646.258987,0,188.8252335750003,APPROACH
173.421855,1788747646.361019,0,188.92733992699868,APPROACH
173.523936,1788747646.463100,0,189.02935824100132,APPROACH
173.626142,1788747646.565305,0,189.13146246399992,APPROACH
173.728212,1788747646.667376,0,189.23350438899797,APPROACH
173.830067,1788747646.769231,0,189.33561574199848,APPROACH
173.932671,1788747646.871835,0,189.43798029900063,APPROACH
174.034405,1788747646.973568,0,189.53995053900144,APPROACH
174.136403,1788747647.075566,0,189.64195064999876,APPROACH
174.238389,1788747647.177553,0,189.74395311300032,APPROACH
174.340325,1788747647.279489,0,189.8458855380013,APPROACH
174.442952,1788747647.382116,0,189.94832554000095,APPROACH
174.545270,1788747647.484433,0,190.05059135600095,APPROACH
174.648468,1788747647.587632,0,190.15398406799795,APPROACH
174.750946,1788747647.690109,0,190.25639564499943,APPROACH
174.852820,1788747647.791984,0,190.35830106999856,APPROACH
174.956321,1788747647.895485,0,190.46180537499822,APPROACH
175.062043,1788747648.001207,0,190.56750095399912,APPROACH
175.164589,1788747648.103752,0,190.67018038400056,APPROACH
175.266397,1788747648.205561,0,190.77203734499926,APPROACH
175.368322,1788747648.307485,0,190.87384117699912,APPROACH
175.470080,1788747648.409243,0,190.97564543499902,APPROACH
175.571943,1788747648.511106,0,191.07742050700108,APPROACH
175.673687,1788747648.612850,0,191.17921795000075,APPROACH
175.775452,1788747648.714616,0,191.28099507799925,APPROACH
175.877340,1788747648.816504,0,191.38279492799848,APPROACH
175.979134,1788747648.918298,0,191.48458535199825,APPROACH
176.080884,1788747649.020047,0,191.58640622099847,APPROACH
176.182670,1788747649.121833,0,191.6881954970013,APPROACH
176.284490,1788747649.223654,0,191.790014031998,APPROACH
176.386481,1788747649.325645,0,191.89179045700075,APPROACH
176.488214,1788747649.427378,0,191.99359521400038,APPROACH
176.589854,1788747649.529018,0,192.09543736100022,APPROACH
176.691693,1788747649.630856,0,192.19726704500135,APPROACH
176.793551,1788747649.732715,0,192.2991196920011,APPROACH
176.895440,1788747649.834604,0,192.40089870800148,APPROACH
176.997178,1788747649.936341,0,192.50269340999876,APPROACH
177.099149,1788747650.038313,0,192.60446661199967,APPROACH
177.200686,1788747650.139849,0,192.7062576850003,APPROACH
177.302633,1788747650.241796,0,192.80818231399826,APPROACH
177.404649,1788747650.343813,0,192.9102063499995,APPROACH
177.506665,1788747650.445828,0,193.01221816500038,APPROACH
177.608700,1788747650.547864,0,193.11428255400097,APPROACH
177.710684,1788747650.649847,0,193.21622403500078,APPROACH
177.813505,1788747650.752668,0,193.3184299429995,APPROACH
177.915379,1788747650.854542,0,193.42065251799795,APPROACH
178.017390,1788747650.956554,0,193.5226973889985,APPROACH
178.120504,1788747651.059667,0,193.6247052030012,APPROACH
178.221167,1788747651.160331,0,193.7267147950006,APPROACH
178.323232,1788747651.262395,0,193.8287669809979,APPROACH
178.425253,1788747651.364417,0,193.9307931100011,APPROACH
178.527243,1788747651.466407,0,194.03277605399853,APPROACH
178.629292,1788747651.568455,0,194.13488536899968,APPROACH
178.731269,1788747651.670432,0,194.23685259099875,APPROACH
178.833338,1788747651.772501,0,194.33888086799925,APPROACH
178.935678,1788747651.874842,0,194.4410919990005,APPROACH
179.037586,1788747651.976750,0,194.5431989989993,APPROACH
179.139903,1788747652.079067,0,194.6454306300002,APPROACH
179.241711,1788747652.180875,0,194.74733781399846,APPROACH
179.344023,1788747652.283187,0,194.84956648200023,APPROACH
179.446102,1788747652.385266,0,194.95147961099792,APPROACH
179.548342,1788747652.487505,0,195.05372796400115,APPROACH
179.650425,1788747652.589588,0,195.15578031599944,APPROACH
179.752145,1788747652.691309,0,195.2577471859986,APPROACH
179.854259,1788747652.793422,0,195.35983348199807,APPROACH
179.956824,1788747652.895988,0,195.46223483599897,APPROACH
180.058733,1788747652.997896,0,195.56432226299876,APPROACH
180.160921,1788747653.100085,0,195.66641520700068,APPROACH
180.263217,1788747653.202381,0,195.76843044799898,APPROACH
180.365007,1788747653.304171,0,195.87061452299895,APPROACH
180.467176,1788747653.406340,0,195.97272333799992,APPROACH
180.569325,1788747653.508489,0,196.0748632270006,APPROACH
180.671509,1788747653.610672,0,196.1770451170014,APPROACH
180.773644,1788747653.712808,0,196.27919143300096,APPROACH
180.875648,1788747653.814812,0,196.38120250599968,APPROACH
180.977866,1788747653.917030,0,196.48338461800085,APPROACH
181.079871,1788747654.019035,0,196.58540496999922,APPROACH
181.181908,1788747654.121072,0,196.6874364139985,APPROACH
181.283979,1788747654.223142,0,196.78948672899787,APPROACH
181.386016,1788747654.325180,0,196.8915493960012,APPROACH
181.488245,1788747654.427409,0,196.99362361800013,APPROACH
181.590172,1788747654.529336,0,197.0956890439993,APPROACH
181.692243,1788747654.631407,0,197.19780506299867,APPROACH
181.794349,1788747654.733513,0,197.2999270270011,APPROACH
181.896786,1788747654.835950,0,197.40234234400123,APPROACH
181.998648,1788747654.937812,0,197.5042353429999,APPROACH
182.100506,1788747655.039670,0,197.60611673099993,APPROACH
182.202380,1788747655.141544,0,197.7079358589981,APPROACH
182.304191,1788747655.243355,0,197.8097698390011,APPROACH
182.406055,1788747655.345219,0,197.9116757269985,APPROACH
182.508023,1788747655.447186,0,198.01361657799862,APPROACH
182.609951,1788747655.549115,0,198.1155100770011,APPROACH
182.711897,1788747655.651061,0,198.21741761399971,APPROACH
182.814111,1788747655.753275,0,198.31968763300029,APPROACH
182.916221,1788747655.855385,0,198.4217622819997,APPROACH
183.018228,1788747655.957392,0,198.52375115199902,APPROACH
183.120283,1788747656.059447,0,198.62584474499818,APPROACH
183.222708,1788747656.161871,0,198.72781489200133,APPROACH
183.324328,1788747656.263492,0,198.829792818,APPROACH
183.426270,1788747656.365434,0,198.9317530949993,APPROACH
183.528623,1788747656.467786,0,199.03361590900022,APPROACH
183.629998,1788747656.569162,0,199.13555098199868,APPROACH
183.732275,1788747656.671438,0,199.2373875730009,APPROACH
183.833917,1788747656.773081,0,199.33931735100123,APPROACH
183.935938,1788747656.875102,0,199.4413023499983,APPROACH
184.037712,1788747656.976876,0,199.54316007099987,APPROACH
184.139604,1788747657.078768,0,199.64505640399875,APPROACH
184.241495,1788747657.180659,0,199.74695460599833,APPROACH
184.343406,1788747657.282570,0,199.8488720690002,APPROACH
184.445437,1788747657.384601,0,199.95089799400012,APPROACH
184.547200,1788747657.486364,0,200.0526518810002,APPROACH
184.649029,1788747657.588193,0,200.15456013999938,APPROACH
184.750863,1788747657.690027,0,200.25635839800088,APPROACH
184.852704,1788747657.791868,0,200.35823913700006,APPROACH
184.954815,1788747657.893979,0,200.460321767001,APPROACH
185.056890,1788747657.996054,0,200.56221856299817,APPROACH
185.159877,1788747658.099041,0,200.66423483999824,APPROACH
185.260501,1788747658.199664,0,200.76604172799853,APPROACH
185.362612,1788747658.301776,0,200.86818552499972,APPROACH
185.464496,1788747658.403659,0,200.97002846800024,APPROACH
185.566700,1788747658.505863,0,201.07199054100056,APPROACH
185.668909,1788747658.608073,0,201.17405131899795,APPROACH
185.770655,1788747658.709819,0,201.27622865300145,APPROACH
185.872751,1788747658.811915,0,201.37830358000065,APPROACH
185.975148,1788747658.914312,0,201.48054847000094,APPROACH
186.077116,1788747659.016279,0,201.58250472800137,APPROACH
186.178955,1788747659.118118,0,201.68436176400064,APPROACH
186.280790,1788747659.219954,0,201.78633785700004,APPROACH
186.382789,1788747659.321953,0,201.8882832449999,APPROACH
186.484648,1788747659.423811,0,201.99016642900096,APPROACH
186.586726,1788747659.525890,0,202.092047705999,APPROACH
186.688451,1788747659.627614,0,202.19398464999904,APPROACH
186.790575,1788747659.729739,0,202.2958880929982,APPROACH
186.892739,1788747659.831903,0,202.3982323909986,APPROACH
186.994465,1788747659.933629,0,202.50000581600034,APPROACH
187.096457,1788747660.035621,0,202.60200633400018,APPROACH
187.198485,1788747660.137648,0,202.70399731499856,APPROACH
187.300568,1788747660.239731,0,202.80601944500086,APPROACH
187.402635,1788747660.341798,0,202.90801622199797,APPROACH
187.504536,1788747660.443700,0,203.01004446300067,APPROACH
187.606556,1788747660.545720,0,203.11209959299958,APPROACH
187.708499,1788747660.647663,0,203.21406562899938,APPROACH
187.810508,1788747660.749672,0,203.31607329599865,APPROACH
187.912934,1788747660.852097,0,203.41853557599825,APPROACH
188.015491,1788747660.954655,0,203.5205580389993,APPROACH
188.117001,1788747661.056165,0,203.62254396500066,APPROACH
188.219105,1788747661.158268,0,203.72466908099886,APPROACH
188.321079,1788747661.260242,0,203.82665198099858,APPROACH
188.423037,1788747661.362200,0,203.92851593700107,APPROACH
188.524893,1788747661.464056,0,204.03037965199837,APPROACH
188.626765,1788747661.565929,0,204.1322743669989,APPROACH
188.728741,1788747661.667905,0,204.2342257679993,APPROACH
188.831022,1788747661.770186,0,204.3361253160001,APPROACH
188.934007,1788747661.873171,0,204.43885438800135,APPROACH
189.035430,1788747661.974594,0,204.54066395399786,APPROACH
189.136986,1788747662.076150,0,204.64256470300097,APPROACH
189.238993,1788747662.178157,0,204.7443903780004,APPROACH
189.340862,1788747662.280026,0,204.84628927599988,APPROACH
189.442523,1788747662.381687,0,204.94810408099875,APPROACH
189.544437,1788747662.483601,0,205.05000701500103,APPROACH
189.646182,1788747662.585346,0,205.1518276530005,APPROACH
189.748184,1788747662.687347,0,205.25370199499957,APPROACH
189.849957,1788747662.789121,0,205.35552761500003,APPROACH
189.951864,1788747662.891028,0,205.45736212300108,APPROACH
190.053906,1788747662.993070,0,205.55915515000015,APPROACH
190.155408,1788747663.094571,0,205.66097169699788,APPROACH
190.257291,1788747663.196455,0,205.76281531800123,APPROACH
190.359221,1788747663.298385,0,205.864720253001,APPROACH
190.461133,1788747663.400297,0,205.96673533699868,APPROACH
190.563118,1788747663.502282,0,206.06871893900097,APPROACH
190.665125,1788747663.604288,0,206.17073850399902,APPROACH
190.767238,1788747663.706401,0,206.2727976620008,APPROACH
190.869238,1788747663.808402,0,206.37481263399968,APPROACH
190.971393,1788747663.910557,0,206.47697186599908,APPROACH
191.073321,1788747664.012484,0,206.57890243200018,APPROACH
191.175443,1788747664.114606,0,206.68077168300078,APPROACH
191.277067,1788747664.216230,0,206.7826763230005,APPROACH
191.379058,1788747664.318222,0,206.88462524100032,APPROACH
191.480992,1788747664.420156,0,206.9865609740009,APPROACH
191.582922,1788747664.522086,0,207.08848957699956,APPROACH
191.684920,1788747664.624084,0,207.1904993290009,APPROACH
191.787045,1788747664.726209,0,207.29261369099913,APPROACH
191.889827,1788747664.828991,0,207.3950867200001,APPROACH
191.991583,1788747664.930747,0,207.4968401570004,APPROACH
192.093285,1788747665.032449,0,207.59883648300092,APPROACH
192.195295,1788747665.134458,0,207.7008659940002,APPROACH
192.297255,1788747665.236418,0,207.80279444999906,APPROACH
192.399094,1788747665.338257,0,207.90468772099848,APPROACH
192.502374,1788747665.441538,0,208.006586047999,APPROACH
192.602908,1788747665.542072,0,208.1085379110009,APPROACH
192.705300,1788747665.644464,0,208.21054745999936,APPROACH
192.806942,1788747665.746106,0,208.31256221199874,APPROACH
192.909297,1788747665.848460,0,208.41481385400039,APPROACH
193.011269,1788747665.950433,0,208.51670279099926,APPROACH
193.113310,1788747666.052474,0,208.61879409999892,APPROACH
193.215204,1788747666.154367,0,208.72072302000015,APPROACH
193.317097,1788747666.256261,0,208.82262773600087,APPROACH
193.418910,1788747666.358073,0,208.9245232860012,APPROACH
193.521437,1788747666.460600,0,209.02651602100013,APPROACH
193.622828,1788747666.561991,0,209.1283874590008,APPROACH
193.724804,1788747666.663967,0,209.2303104720013,APPROACH
193.826724,1788747666.765888,0,209.3322955959993,APPROACH
193.928944,1788747666.868108,0,209.43452355299814,APPROACH
194.030907,1788747666.970071,0,209.53648652899938,APPROACH
194.133314,1788747667.072477,0,209.6388949309985,APPROACH
194.235471,1788747667.174635,0,209.74100268599796,APPROACH
194.338727,1788747667.277890,0,209.8441874960008,APPROACH
194.440481,1788747667.379645,0,209.9460113239984,APPROACH
194.542462,1788747667.481625,0,210.04783393099933,APPROACH
194.644881,1788747667.584044,0,210.1502268889999,APPROACH
194.746531,1788747667.685695,0,210.25213473599797,APPROACH
194.848236,1788747667.787400,0,210.35379330499927,APPROACH
194.950233,1788747667.889396,0,210.45584359699933,APPROACH
195.051828,1788747667.990991,0,210.557364925,APPROACH
195.153457,1788747668.092621,0,210.659026532001,APPROACH
195.255099,1788747668.194263,0,210.76066123200144,APPROACH
195.356673,1788747668.295836,0,210.8622848949999,APPROACH
195.458282,1788747668.397445,0,210.96394101999977,APPROACH
195.559930,1788747668.499093,0,211.06555412799935,APPROACH
195.661629,1788747668.600793,0,211.16724329000135,APPROACH
195.763549,1788747668.702713,0,211.26892334199874,APPROACH
195.864971,1788747668.804135,0,211.37055844899805,APPROACH
195.966663,1788747668.905827,0,211.47226277899972,APPROACH
196.068348,1788747669.007512,0,211.57394486699923,APPROACH
196.169962,1788747669.109126,0,211.67555019800056,APPROACH
196.271633,1788747669.210796,0,211.7772860469995,APPROACH
196.373369,1788747669.312533,0,211.87900158100092,APPROACH
196.475190,1788747669.414354,0,211.98057065199828,APPROACH
196.576783,1788747669.515947,0,212.08217387100012,APPROACH
196.678389,1788747669.617552,0,212.18377648000023,APPROACH
196.779756,1788747669.718919,0,212.28533616200002,APPROACH
196.881403,1788747669.820566,0,212.38688660299886,APPROACH
196.982966,1788747669.922129,0,212.48851611899954,APPROACH
197.084512,1788747670.023675,0,212.5900904500013,APPROACH
197.186057,1788747670.125221,0,212.6916489289979,APPROACH
197.287560,1788747670.226724,0,212.79316452000057,APPROACH
197.389192,1788747670.328356,0,212.8947805179996,APPROACH
197.490732,1788747670.429896,0,212.99632481200024,APPROACH
197.592290,1788747670.531454,0,213.097894180999,APPROACH
197.693845,1788747670.633009,0,213.19945319799808,APPROACH
197.795545,1788747670.734709,0,213.3011473810002,APPROACH
197.897470,1788747670.836633,0,213.40307115700125,APPROACH
197.999003,1788747670.938167,0,213.50456593299896,APPROACH
198.100510,1788747671.039674,0,213.60612983900137,APPROACH
198.201938,1788747671.141101,0,213.70752650400027,APPROACH
198.303476,1788747671.242640,0,213.80906305900135,APPROACH
198.404960,1788747671.344123,0,213.91058377999798,APPROACH
198.506416,1788747671.445580,0,214.01207007599805,APPROACH
198.608004,1788747671.547168,0,214.11363301899837,APPROACH
198.709489,1788747671.648653,0,214.21516046299803,APPROACH
198.811076,1788747671.750240,0,214.3167106660003,APPROACH
198.912949,1788747671.852112,0,214.41849173900118,APPROACH
199.014637,1788747671.953801,0,214.5200266819993,APPROACH
199.116333,1788747672.055496,0,214.6216157380004,APPROACH
199.217634,1788747672.156798,0,214.72322505299962,APPROACH
199.319191,1788747672.258354,0,214.82474781199926,APPROACH
199.421665,1788747672.360829,0,214.9272338310002,APPROACH
199.523615,1788747672.462779,0,215.0291157569991,APPROACH
199.625499,1788747672.564663,0,215.13106384999992,APPROACH
199.727445,1788747672.666608,0,215.23295729500023,APPROACH
199.829420,1788747672.768584,0,215.33493348000047,APPROACH
199.931481,1788747672.870645,0,215.43700873999842,APPROACH
200.033495,1788747672.972659,0,215.53902579499845,APPROACH
200.135604,1788747673.074767,0,215.64115094500085,APPROACH
200.237560,1788747673.176724,0,215.7431034270012,APPROACH
200.339646,1788747673.278810,0,215.8451347429982,APPROACH
200.441791,1788747673.380955,0,215.94723687399892,APPROACH
200.543576,1788747673.482739,0,216.0491256719979,APPROACH
200.645450,1788747673.584614,0,216.15100648799853,APPROACH
200.747332,1788747673.686496,0,216.2528746930002,APPROACH
200.849263,1788747673.788427,0,216.35481771299965,APPROACH
200.951493,1788747673.890656,0,216.45701102900057,APPROACH
201.053332,1788747673.992495,0,216.55886345600084,APPROACH
201.155146,1788747674.094310,0,216.6606828469994,APPROACH
201.256988,1788747674.196152,0,216.76253890500084,APPROACH
201.358844,1788747674.298007,0,216.86434729599932,APPROACH
201.460681,1788747674.399844,0,216.96621985399906,APPROACH
201.562613,1788747674.501776,0,217.06811380100044,APPROACH
201.664461,1788747674.603625,0,217.16998370999863,APPROACH
201.766262,1788747674.705425,0,217.2717968979996,APPROACH
201.868155,1788747674.807319,0,217.37366699199993,APPROACH
201.970102,1788747674.909266,0,217.4755996979984,APPROACH
202.072004,1788747675.011168,0,217.57749251600035,APPROACH
202.173760,1788747675.112924,0,217.6793039080003,APPROACH
202.275645,1788747675.214809,0,217.78121441099938,APPROACH
202.377497,1788747675.316661,0,217.88309626599948,APPROACH
202.479560,1788747675.418723,0,217.98508743599814,APPROACH
202.581618,1788747675.520781,0,218.08720532799998,APPROACH
202.683584,1788747675.622748,0,218.18912777600053,APPROACH
202.785702,1788747675.724865,0,218.29112461299883,APPROACH
202.887984,1788747675.827147,0,218.3934224859986,APPROACH
202.990322,1788747675.929485,0,218.49519393399896,APPROACH
203.091846,1788747676.031010,0,218.59736165999857,APPROACH
203.193830,1788747676.132994,0,218.69945086799999,APPROACH
203.295793,1788747676.234957,0,218.8013758169982,APPROACH
203.397860,1788747676.337023,0,218.903447839999,APPROACH
203.499761,1788747676.438924,0,219.00534832500125,APPROACH
203.601783,1788747676.540946,0,219.1073674779982,APPROACH
203.703685,1788747676.642849,0,219.20926150100058,APPROACH
203.805770,1788747676.744934,0,219.31134202300018,APPROACH
203.908414,1788747676.847577,0,219.41381649100003,APPROACH
204.010274,1788747676.949438,0,219.51571834700007,APPROACH
204.112246,1788747677.051409,0,219.6176303889988,APPROACH
204.214700,1788747677.153864,0,219.71973976400113,APPROACH
204.316236,1788747677.255399,0,219.82173754799805,APPROACH
204.464680,1788747677.403844,0,219.970161756999,APPROACH
204.566539,1788747677.505702,0,220.07209939200038,APPROACH
204.668464,1788747677.607628,0,220.17400073099998,APPROACH
204.770447,1788747677.709611,0,220.27587634700103,APPROACH
204.872237,1788747677.811401,0,220.3778124269993,APPROACH
204.974039,1788747677.913203,0,220.47964383900035,APPROACH
205.075901,1788747678.015064,0,220.5814611780006,APPROACH
205.177609,1788747678.116773,0,220.68322385099964,APPROACH
205.279419,1788747678.218583,0,220.785025838999,APPROACH
205.381261,1788747678.320425,0,220.88682304800022,APPROACH
205.483077,1788747678.422241,0,220.9886654990005,APPROACH
205.585001,1788747678.524165,0,221.0905442459989,APPROACH
205.686800,1788747678.625963,0,221.1923915490006,APPROACH
205.788773,1788747678.727937,0,221.2943253509984,APPROACH
205.891775,1788747678.830939,0,221.39625170900035,APPROACH
205.992538,1788747678.931702,0,221.49811901199791,APPROACH
206.094461,1788747679.033625,0,221.6000788329984,APPROACH
206.196316,1788747679.135480,0,221.70194524799808,APPROACH
206.298204,1788747679.237368,0,221.80376895899826,APPROACH
206.400026,1788747679.339190,0,221.9056069110011,APPROACH
206.501936,1788747679.441100,0,222.00746549199903,APPROACH
206.603742,1788747679.542906,0,222.10928577699815,APPROACH
206.705562,1788747679.644726,0,222.21114782099903,APPROACH
206.807671,1788747679.746835,0,222.3129583839982,APPROACH
206.909278,1788747679.848442,0,222.4148169100008,APPROACH
207.011142,1788747679.950306,0,222.51665819499976,APPROACH
207.113029,1788747680.052193,0,222.61859547999848,APPROACH
207.214923,1788747680.154086,0,222.7204427479992,APPROACH
207.316782,1788747680.255946,0,222.82230518199867,APPROACH
207.418617,1788747680.357781,0,222.92412604199853,APPROACH
207.520477,1788747680.459641,0,223.02600940200136,APPROACH
207.622231,1788747680.561394,0,223.12783239200144,APPROACH
207.724135,1788747680.663298,0,223.22969921500044,APPROACH
207.825942,1788747680.765106,0,223.3315353709986,APPROACH
207.928199,1788747680.867362,0,223.4333784349983,APPROACH
208.029675,1788747680.968838,0,223.5352619059995,APPROACH
208.131597,1788747681.070761,0,223.63721776699822,APPROACH
208.233679,1788747681.172842,0,223.7391426840004,APPROACH
208.335490,1788747681.274653,0,223.84110028600116,APPROACH
208.437500,1788747681.376663,0,223.94312342500052,APPROACH
208.539522,1788747681.478686,0,224.04509984099786,APPROACH
208.641848,1788747681.581011,0,224.14711814700058,APPROACH
208.743847,1788747681.683011,0,224.24904335999963,APPROACH
208.845858,1788747681.785022,0,224.3511283509979,APPROACH
208.948069,1788747681.887233,0,224.45331748999888,APPROACH
209.050069,1788747681.989233,0,224.5553302949993,APPROACH
209.152218,1788747682.091382,0,224.65765934299998,APPROACH
209.253964,1788747682.193127,0,224.7595102230007,APPROACH
209.356242,1788747682.295406,0,224.861763678,APPROACH
209.459185,1788747682.398349,0,224.96464361499966,APPROACH
209.561046,1788747682.500210,0,225.0664466249982,APPROACH
209.662682,1788747682.601845,0,225.16823943200143,APPROACH
209.764530,1788747682.703693,0,225.27005609000116,APPROACH
209.866471,1788747682.805634,0,225.37191032199917,APPROACH
209.968926,1788747682.908090,0,225.47437209200143,APPROACH
210.071028,1788747683.010191,0,225.57646739899792,APPROACH
210.173017,1788747683.112181,0,225.67851811400033,APPROACH
210.275101,1788747683.214264,0,225.78060097699927,APPROACH
210.377249,1788747683.316413,0,225.88272137699823,APPROACH
210.479313,1788747683.418477,0,225.9848047029991,APPROACH
210.581466,1788747683.520630,0,226.08691751099832,APPROACH
210.683534,1788747683.622697,0,226.18900454100003,APPROACH
210.785610,1788747683.724773,0,226.29108157099836,APPROACH
210.887997,1788747683.827160,0,226.39339604500128,APPROACH
210.989670,1788747683.928834,0,226.4951624819987,APPROACH
211.091642,1788747684.030806,0,226.59718006799812,APPROACH
211.193992,1788747684.133156,0,226.69914137600063,APPROACH
211.295648,1788747684.234811,0,226.80123374100003,APPROACH
211.398002,1788747684.337166,0,226.90315690100033,APPROACH
211.499554,1788747684.438718,0,227.00510750600006,APPROACH
211.601548,1788747684.540712,0,227.10710498099797,APPROACH
211.703599,1788747684.642762,0,227.2090804010004,APPROACH
211.805600,1788747684.744764,0,227.31111980200149,APPROACH
211.907883,1788747684.847047,0,227.41337292499884,APPROACH
212.009999,1788747684.949163,0,227.51530465999895,APPROACH
212.112765,1788747685.051929,0,227.61752252500082,APPROACH
212.214096,1788747685.153260,0,227.71955774199887,APPROACH
212.315977,1788747685.255140,0,227.82147851400077,APPROACH
212.417992,1788747685.357156,0,227.92347252699983,APPROACH
212.520047,1788747685.459211,0,228.0254410589987,APPROACH
212.622006,1788747685.561170,0,228.12744633200055,APPROACH
212.723856,1788747685.663020,0,228.229363456001,APPROACH
212.825932,1788747685.765095,0,228.33146978399964,APPROACH
212.928453,1788747685.867616,0,228.43376296399947,APPROACH
213.030291,1788747685.969455,0,228.5358086439992,APPROACH
213.132383,1788747686.071547,0,228.63793865800108,APPROACH
213.234347,1788747686.173510,0,228.7399125060001,APPROACH
213.336232,1788747686.275396,0,228.84175696400052,APPROACH
213.438077,1788747686.377241,0,228.9436535519999,APPROACH
213.539965,1788747686.479128,0,229.04549975199916,APPROACH
213.641914,1788747686.581078,0,229.14743283999996,APPROACH
213.743799,1788747686.682962,0,229.24932081699808,APPROACH
213.845745,1788747686.784909,0,229.35130964600103,APPROACH
213.947829,1788747686.886993,0,229.45338945700132,APPROACH
214.050029,1788747686.989193,0,229.55522687899793,APPROACH
214.151754,1788747687.090917,0,229.65718300499793,APPROACH
214.253766,1788747687.192929,0,229.75924598300116,APPROACH
214.355813,1788747687.294977,0,229.8612794799992,APPROACH
214.457841,1788747687.397005,0,229.9632995869979,APPROACH
214.559840,1788747687.499004,0,230.06530610299887,APPROACH
214.661923,1788747687.601087,0,230.16738139600056,APPROACH
214.764260,1788747687.703424,0,230.26950685599877,APPROACH
214.866082,1788747687.805246,0,230.37149653699817,APPROACH
214.968059,1788747687.907223,0,230.47359621899886,APPROACH
215.070017,1788747688.009181,0,230.57558923499892,APPROACH
215.172323,1788747688.111486,0,230.6778893439987,APPROACH
215.274361,1788747688.213525,0,230.77993726699788,APPROACH
215.376631,1788747688.315794,0,230.88199382099992,APPROACH
215.478615,1788747688.417778,0,230.98389852200125,APPROACH
215.580339,1788747688.519503,0,231.08581970500018,APPROACH
215.682454,1788747688.621618,0,231.1877658509984,APPROACH
215.784375,1788747688.723538,0,231.28983199600043,APPROACH
215.886877,1788747688.826040,0,231.39207493899812,APPROACH
215.988766,1788747688.927930,0,231.4939072699999,APPROACH
216.090765,1788747689.029928,0,231.5959582309988,APPROACH
216.192403,1788747689.131567,0,231.69797721099894,APPROACH
216.294589,1788747689.233752,0,231.7998948759996,APPROACH
216.396342,1788747689.335505,0,231.9019701899997,APPROACH
216.498292,1788747689.437456,0,232.00388439200105,APPROACH
216.600349,1788747689.539513,0,232.10592750199794,APPROACH
216.702325,1788747689.641489,0,232.2078998149991,APPROACH
216.804298,1788747689.743462,0,232.3099196660005,APPROACH
216.906782,1788747689.845946,0,232.4122295720008,APPROACH
217.008638,1788747689.947802,0,232.51418560800084,APPROACH
217.110565,1788747690.049729,0,232.61615314400115,APPROACH
217.212632,1788747690.151795,0,232.71820953199858,APPROACH
217.314791,1788747690.253954,0,232.82031673600068,APPROACH
217.416680,1788747690.355844,0,232.92221197599793,APPROACH
217.518566,1788747690.457730,0,233.0241311610007,APPROACH
217.620555,1788747690.559719,0,233.1261174379979,APPROACH
217.722481,1788747690.661644,0,233.2280364750004,APPROACH
217.824322,1788747690.763485,0,233.3298866039986,APPROACH
217.926487,1788747690.865651,0,233.4320566589995,APPROACH
218.028483,1788747690.967646,0,233.53406489999907,APPROACH
218.130704,1788747691.069868,0,233.6361940300012,APPROACH
218.232765,1788747691.171928,0,233.73824751199936,APPROACH
218.334558,1788747691.273722,0,233.84011153100073,APPROACH
218.436526,1788747691.375690,0,233.9420982720003,APPROACH
218.538591,1788747691.477754,0,234.04412745800073,APPROACH
218.640450,1788747691.579614,0,234.1459954589991,APPROACH
218.742441,1788747691.681605,0,234.24802073699902,APPROACH
218.844327,1788747691.783491,0,234.3499333489999,APPROACH
218.946698,1788747691.885861,0,234.45230047899895,APPROACH
219.048907,1788747691.988070,0,234.55429536899828,APPROACH
219.150697,1788747692.089860,0,234.6562430740014,APPROACH
219.252529,1788747692.191693,0,234.7581368530009,APPROACH
219.354507,1788747692.293670,0,234.8600613359995,APPROACH
219.456493,1788747692.395656,0,234.9620461529994,APPROACH
219.558469,1788747692.497633,0,235.0640110989989,APPROACH
219.661743,1788747692.600907,0,235.16607545199804,APPROACH
219.763041,1788747692.702204,0,235.26803106499938,APPROACH
219.864579,1788747692.803742,0,235.37018784500106,APPROACH
219.966705,1788747692.905868,0,235.47224934599944,APPROACH
220.068769,1788747693.007933,0,235.57436686599976,APPROACH
220.170758,1788747693.109922,0,235.67631816499852,APPROACH
220.272583,1788747693.211747,0,235.77821570499873,APPROACH
220.374516,1788747693.313679,0,235.8800805589999,APPROACH
220.476396,1788747693.415560,0,235.9820075989992,APPROACH
220.578486,1788747693.517650,0,236.0838681009991,APPROACH
220.680097,1788747693.619261,0,236.18571465900095,APPROACH
220.782210,1788747693.721374,0,236.28760458800025,APPROACH
220.884000,1788747693.823164,0,236.38961434999874,APPROACH
220.985842,1788747693.925005,0,236.4913943520005,APPROACH
221.087680,1788747694.026844,0,236.59326753999994,APPROACH
221.190064,1788747694.129228,0,236.695377303,APPROACH
221.292219,1788747694.231383,0,236.7973555839999,APPROACH
221.394169,1788747694.333333,0,236.89940455100077,APPROACH
221.496143,1788747694.435307,0,237.00133849899794,APPROACH
221.597604,1788747694.536767,0,237.10320318699814,APPROACH
221.699469,1788747694.638633,0,237.20502606100126,APPROACH
221.801435,1788747694.740598,0,237.30699178699797,APPROACH
221.903554,1788747694.842718,0,237.40909319799903,APPROACH
222.005878,1788747694.945041,0,237.5114081460015,APPROACH
222.107692,1788747695.046856,0,237.61324598300052,APPROACH
222.209590,1788747695.148754,0,237.71513308000067,APPROACH
222.312031,1788747695.251195,0,237.81695969599969,APPROACH
222.413480,1788747695.352643,0,237.91887142199994,APPROACH
222.515420,1788747695.454584,0,238.02083148200109,APPROACH
222.617454,1788747695.556617,0,238.12285722799788,APPROACH
222.719198,1788747695.658362,0,238.22474997300014,APPROACH
222.821307,1788747695.760471,0,238.32679388500037,APPROACH
222.923291,1788747695.862455,0,238.42884907500047,APPROACH
223.025642,1788747695.964806,0,238.5309808940001,APPROACH
223.127442,1788747696.066606,0,238.632889343,APPROACH
223.229485,1788747696.168648,0,238.73487925600057,APPROACH
223.331471,1788747696.270635,0,238.83687892799935,APPROACH
223.433485,1788747696.372648,0,238.93888167499972,APPROACH
223.535313,1788747696.474476,0,239.04084434700053,APPROACH
223.637541,1788747696.576705,0,239.142963074999,APPROACH
223.739488,1788747696.678652,0,239.24492976499823,APPROACH
223.841588,1788747696.780752,0,239.3469974740001,APPROACH
223.943775,1788747696.882939,0,239.44917164700018,APPROACH
224.045955,1788747696.985119,0,239.55131707799956,APPROACH
224.148068,1788747697.087231,0,239.65338928799974,APPROACH
224.249725,1788747697.188888,0,239.75516659099958,APPROACH
224.351569,1788747697.290733,0,239.85702046799997,APPROACH
224.453552,1788747697.392716,0,239.95899649299827,APPROACH
224.555527,1788747697.494690,0,240.06091794299937,APPROACH
224.657552,1788747697.596715,0,240.1629328199997,APPROACH
224.759548,1788747697.698712,0,240.2649520119994,APPROACH
224.862339,1788747697.801502,0,240.36700562899932,APPROACH
224.963969,1788747697.903133,0,240.4693351729984,APPROACH
225.065896,1788747698.005060,0,240.5713075499989,APPROACH
225.167985,1788747698.107149,0,240.6733007799994,APPROACH
225.270013,1788747698.209177,0,240.77537926800142,APPROACH
225.372020,1788747698.311183,0,240.87734825699954,APPROACH
225.474039,1788747698.413202,0,240.97937439399902,APPROACH
225.575930,1788747698.515094,0,241.0813433459989,APPROACH
225.677897,1788747698.617060,0,241.18333518700092,APPROACH
225.779898,1788747698.719062,0,241.28529197199896,APPROACH
225.882144,1788747698.821308,0,241.3873397569987,APPROACH
225.983682,1788747698.922846,0,241.48912741299864,APPROACH
226.085468,1788747699.024632,0,241.59096134599895,APPROACH
226.187319,1788747699.126482,0,241.69280674299807,APPROACH
226.289246,1788747699.228410,0,241.79467364100128,APPROACH
226.391110,1788747699.330273,0,241.89661601899934,APPROACH
226.492949,1788747699.432113,0,241.99845137900047,APPROACH
226.594819,1788747699.533982,0,242.1003247769986,APPROACH
226.696692,1788747699.635855,0,242.2021858219996,APPROACH
226.798475,1788747699.737639,0,242.30396408899833,APPROACH
226.900798,1788747699.839962,0,242.4062620980003,APPROACH
227.002817,1788747699.941981,0,242.50800971699937,APPROACH
227.104564,1788747700.043728,0,242.61009735599873,APPROACH
227.206400,1788747700.145564,0,242.71186199400108,APPROACH
227.308243,1788747700.247407,0,242.81377955900098,APPROACH
227.410160,1788747700.349323,0,242.9157093089998,APPROACH
227.512221,1788747700.451385,0,243.0176605960005,APPROACH
227.614310,1788747700.553474,0,243.11985762399854,APPROACH
227.716234,1788747700.655398,0,243.22177643000032,APPROACH
227.818383,1788747700.757547,0,243.32394467999984,APPROACH
227.920958,1788747700.860121,0,243.42621896700075,APPROACH
228.022763,1788747700.961926,0,243.52829249500064,APPROACH
228.124748,1788747701.063912,0,243.63030389399864,APPROACH
228.227050,1788747701.166214,0,243.7322183670003,APPROACH
228.328599,1788747701.267762,0,243.83418002599865,APPROACH
228.431046,1788747701.370210,0,243.93612623999798,APPROACH
228.533028,1788747701.472191,0,244.03813908300071,APPROACH
228.634930,1788747701.574094,0,244.1400509269988,APPROACH
228.736878,1788747701.676041,0,244.24204491899945,APPROACH
228.838815,1788747701.777979,0,244.34392974399816,APPROACH
228.941030,1788747701.880193,0,244.44608482799958,APPROACH
229.042541,1788747701.981705,0,244.5479718380011,APPROACH
229.144583,1788747702.083747,0,244.64996512699872,APPROACH
229.246729,1788747702.185893,0,244.75197176800066,APPROACH
229.348859,1788747702.288022,0,244.85411909400136,APPROACH
229.450597,1788747702.389760,0,244.95615728999837,APPROACH
229.553503,1788747702.492666,0,245.05846985699827,APPROACH
229.654800,1788747702.593964,0,245.16034822000074,APPROACH
229.756830,1788747702.695994,0,245.2623989169988,APPROACH
229.858992,1788747702.798155,0,245.36455294700136,APPROACH
229.961122,1788747702.900286,0,245.4666035320006,APPROACH
230.063493,1788747703.002657,0,245.5687069509986,APPROACH
230.165932,1788747703.105095,0,245.67098055599854,APPROACH
230.267922,1788747703.207086,0,245.773036994,APPROACH
230.369670,1788747703.308834,0,245.87521532100072,APPROACH
230.471650,1788747703.410814,0,245.9772061299991,APPROACH
230.573679,1788747703.512843,0,246.07923154899981,APPROACH
230.675742,1788747703.614905,0,246.18129163599951,APPROACH
230.778023,1788747703.717186,0,246.28356929599977,APPROACH
230.880301,1788747703.819464,0,246.38586893799948,APPROACH
230.982534,1788747703.921698,0,246.48797500599903,APPROACH
231.084274,1788747704.023438,0,246.58982399999877,APPROACH
231.186230,1788747704.125394,0,246.69178827200085,APPROACH
231.288204,1788747704.227368,0,246.79375735899885,APPROACH
231.390306,1788747704.329469,0,246.89585818699925,APPROACH
231.492352,1788747704.431516,0,246.99792431199967,APPROACH
231.594455,1788747704.533619,0,247.10002095399977,APPROACH
231.696615,1788747704.635779,0,247.20220426399828,APPROACH
231.798729,1788747704.737893,0,247.30430175899892,APPROACH
231.901195,1788747704.840359,0,247.4067284390003,APPROACH
232.003129,1788747704.942293,0,247.5086668039985,APPROACH
232.105207,1788747705.044371,0,247.61080854000102,APPROACH
232.207401,1788747705.146564,0,247.7129258319983,APPROACH
232.309559,1788747705.248723,0,247.81512599399866,APPROACH
232.411875,1788747705.351039,0,247.91714965600113,APPROACH
232.513879,1788747705.453043,0,248.01943813300022,APPROACH
232.615955,1788747705.555119,0,248.12148403600077,APPROACH
232.718088,1788747705.657252,0,248.22363292099908,APPROACH
232.820340,1788747705.759504,0,248.32588106500043,APPROACH
232.922569,1788747705.861733,0,248.42808157900072,APPROACH
233.024709,1788747705.963873,0,248.53023974100142,APPROACH
233.126909,1788747706.066073,0,248.63238521899984,APPROACH
233.229442,1788747706.168606,0,248.73454527099966,APPROACH
233.331466,1788747706.270629,0,248.83656074900136,APPROACH
233.433558,1788747706.372721,0,248.93864026499796,APPROACH
233.535105,1788747706.474268,0,249.0405879280006,APPROACH
233.637182,1788747706.576345,0,249.14264822100085,APPROACH
233.739135,1788747706.678299,0,249.2446888839986,APPROACH
233.841216,1788747706.780379,0,249.34677549099797,APPROACH
233.943730,1788747706.882894,0,249.44918302500082,APPROACH
234.045743,1788747706.984907,0,249.55116676299804,APPROACH
234.147814,1788747707.086977,0,249.65326050099975,APPROACH
234.249838,1788747707.189002,0,249.75529942399953,APPROACH
234.351913,1788747707.291077,0,249.85737255099957,APPROACH
234.453911,1788747707.393074,0,249.95939241900123,APPROACH
234.555909,1788747707.495073,0,250.06135913899925,APPROACH
234.657915,1788747707.597078,0,250.1634165989999,APPROACH
234.759979,1788747707.699143,0,250.26543133700034,APPROACH
234.862056,1788747707.801220,0,250.3675690199998,APPROACH
234.964688,1788747707.903852,0,250.4698172770004,APPROACH
235.066733,1788747708.005897,0,250.57187827500093,APPROACH
235.168518,1788747708.107682,0,250.6740238099992,APPROACH
235.270939,1788747708.210102,0,250.7760574749991,APPROACH
235.372636,1788747708.311800,0,250.8781103069996,APPROACH
235.474583,1788747708.413747,0,250.98010647200135,APPROACH
235.576637,1788747708.515800,0,251.08212839599946,APPROACH
235.678611,1788747708.617775,0,251.18407626499902,APPROACH
235.780630,1788747708.719794,0,251.28616693000004,APPROACH
235.882767,1788747708.821931,0,251.38831500300148,APPROACH
235.984664,1788747708.923827,0,251.49020587199993,APPROACH
236.086782,1788747709.025946,0,251.59227622199978,APPROACH
236.188972,1788747709.128135,0,251.6945337770012,APPROACH
236.290926,1788747709.230090,0,251.79650177700023,APPROACH
236.393007,1788747709.332171,0,251.89857296099945,APPROACH
236.495022,1788747709.434186,0,252.00059318299827,APPROACH
236.596955,1788747709.536118,0,252.10254379300022,APPROACH
236.698946,1788747709.638110,0,252.20451671800038,APPROACH
236.801002,1788747709.740166,0,252.30657830999917,APPROACH
236.903286,1788747709.842449,0,252.40885764300037,APPROACH
237.005087,1788747709.944250,0,252.51066168000034,APPROACH
237.107235,1788747710.046399,0,252.6127385869986,APPROACH
237.209396,1788747710.148560,0,252.71487627199895,APPROACH
237.311478,1788747710.250642,0,252.81699418000062,APPROACH
237.413721,1788747710.352885,0,252.91920445800133,APPROACH
237.515831,1788747710.454995,0,253.02128603299934,APPROACH
237.617974,1788747710.557137,0,253.12345606999952,APPROACH
237.720107,1788747710.659271,0,253.22552427399933,APPROACH
237.822170,1788747710.761334,0,253.32764412699908,APPROACH
237.924466,1788747710.863630,0,253.4299575900004,APPROACH
238.026429,1788747710.965592,0,253.53193608999936,APPROACH
238.128560,1788747711.067723,0,253.63404316499873,APPROACH
238.230642,1788747711.169806,0,253.7361161109984,APPROACH
238.332652,1788747711.271816,0,253.83815163100007,APPROACH
238.434922,1788747711.374086,0,253.94046054000137,APPROACH
238.537067,1788747711.476231,0,254.04258283699892,APPROACH
238.639155,1788747711.578319,0,254.14469046799786,APPROACH
238.741274,1788747711.680438,0,254.24680509899918,APPROACH
238.843415,1788747711.782578,0,254.3488524889981,APPROACH
238.945760,1788747711.884924,0,254.45116908300042,APPROACH
239.047813,1788747711.986977,0,254.5532513069993,APPROACH
239.149989,1788747712.089153,0,254.65553753099812,APPROACH
239.252037,1788747712.191200,0,254.75748566299808,APPROACH
239.354272,1788747712.293436,0,254.85975735100146,APPROACH
239.456295,1788747712.395458,0,254.96175064899944,APPROACH
239.558334,1788747712.497498,0,255.0638968179992,APPROACH
239.660433,1788747712.599597,0,255.16599924600087,APPROACH
239.762442,1788747712.701606,0,255.26802295200105,APPROACH
239.864697,1788747712.803860,0,255.37015010300092,APPROACH
239.967165,1788747712.906329,0,255.47274482699868,APPROACH
240.069483,1788747713.008647,0,255.57467699599874,APPROACH
240.171251,1788747713.110415,0,255.67675349899946,APPROACH
240.273360,1788747713.212524,0,255.7788466689999,APPROACH
240.375469,1788747713.314633,0,255.88100208000105,APPROACH
240.477665,1788747713.416829,0,255.98300343499795,APPROACH
240.579454,1788747713.518618,0,256.08501367899953,APPROACH
240.681437,1788747713.620600,0,256.18695921900144,APPROACH
240.783419,1788747713.722583,0,256.28892662900034,APPROACH
240.886097,1788747713.825260,0,256.391217780998,APPROACH
240.987487,1788747713.926651,0,256.4929816170006,APPROACH
241.090328,1788747714.029492,0,256.595003082999,APPROACH
241.192185,1788747714.131349,0,256.69733130999884,APPROACH
241.294136,1788747714.233300,0,256.79927310999847,APPROACH
241.396234,1788747714.335397,0,256.9013742620009,APPROACH
241.498039,1788747714.437203,0,257.0035220440004,APPROACH
241.600240,1788747714.539404,0,257.1056824189982,APPROACH
241.702360,1788747714.641524,0,257.20778994099965,APPROACH
241.804517,1788747714.743681,0,257.30994318599915,APPROACH
241.907103,1788747714.846267,0,257.41233106100117,APPROACH
242.008617,1788747714.947781,0,257.514186305998,APPROACH
242.111444,1788747715.050608,0,257.61642393999864,APPROACH
242.213507,1788747715.152670,0,257.7184925190013,APPROACH
242.315154,1788747715.254318,0,257.820634634998,APPROACH
242.417437,1788747715.356600,0,257.92291097400084,APPROACH
242.519547,1788747715.458711,0,258.0250764599987,APPROACH
242.621612,1788747715.560775,0,258.1271277989981,APPROACH
242.723939,1788747715.663102,0,258.22917113699805,APPROACH
242.826266,1788747715.765430,0,258.3313410310002,APPROACH
242.928254,1788747715.867417,0,258.43370598099864,APPROACH
243.030546,1788747715.969710,0,258.5358408009997,APPROACH
243.132466,1788747716.071630,0,258.6379787139995,APPROACH
243.234582,1788747716.173746,0,258.7400372939992,APPROACH
243.336715,1788747716.275879,0,258.84218609600066,APPROACH
243.438763,1788747716.377927,0,258.94423832399843,APPROACH
243.540962,1788747716.480125,0,259.04645321899807,APPROACH
243.643029,1788747716.582192,0,259.1484930580009,APPROACH
243.745188,1788747716.684351,0,259.2506701019993,APPROACH
243.847543,1788747716.786707,0,259.3528132930005,APPROACH
243.949535,1788747716.888699,0,259.4549928730012,APPROACH
244.051649,1788747716.990813,0,259.5571213969997,APPROACH
244.153763,1788747717.092927,0,259.6592358119997,APPROACH
244.255867,1788747717.195030,0,259.7613258929996,APPROACH
244.357980,1788747717.297144,0,259.86346291800146,APPROACH
244.460049,1788747717.399213,0,259.9655175359985,APPROACH
244.562901,1788747717.502065,0,260.0677048209982,APPROACH
244.664704,1788747717.603868,0,260.170189198001,APPROACH
244.766592,1788747717.705755,0,260.27205127900015,APPROACH
244.868743,1788747717.807907,0,260.37425424899993,APPROACH
244.970881,1788747717.910045,0,260.4763539230007,APPROACH
245.073536,1788747718.012700,0,260.57907587500085,APPROACH
245.175322,1788747718.114486,0,260.6808694379979,APPROACH
245.277401,1788747718.216565,0,260.7828716309996,APPROACH
245.379610,1788747718.318774,0,260.88507289799963,APPROACH
245.481720,1788747718.420884,0,260.9872881459996,APPROACH
245.583829,1788747718.522993,0,261.0893681540001,APPROACH
245.685882,1788747718.625045,0,261.19137664400114,APPROACH
245.788258,1788747718.727422,0,261.29373663300066,APPROACH
245.890684,1788747718.829848,0,261.39620066000134,APPROACH
245.992604,1788747718.931768,0,261.4981376299984,APPROACH
246.095021,1788747719.034184,0,261.6002659349979,APPROACH
246.196728,1788747719.135891,0,261.7022793319993,APPROACH
246.298648,1788747719.237812,0,261.8041946000012,APPROACH
246.400692,1788747719.339856,0,261.9061456640011,APPROACH
246.502584,1788747719.441748,0,262.00804582099954,APPROACH
246.604562,1788747719.543726,0,262.11005166299947,APPROACH
246.706576,1788747719.645740,0,262.2120162829997,APPROACH
246.808602,1788747719.747766,0,262.3141770689981,APPROACH
246.910797,1788747719.849961,0,262.4163157080002,APPROACH
247.013022,1788747719.952186,0,262.5185806059999,APPROACH
247.115227,1788747720.054391,0,262.62042089199895,APPROACH
247.216902,1788747720.156065,0,262.7224570690014,APPROACH
247.318943,1788747720.258107,0,262.82447317100014,APPROACH
247.420958,1788747720.360121,0,262.92652090299816,APPROACH
247.522924,1788747720.462088,0,263.02844256000026,APPROACH
247.624844,1788747720.564008,0,263.130401254999,APPROACH
247.726822,1788747720.665986,0,263.23240593100127,APPROACH
247.828855,1788747720.768018,0,263.3344060890013,APPROACH
247.931073,1788747720.870237,0,263.4366242840006,APPROACH
248.033233,1788747720.972397,0,263.53874062699833,APPROACH
248.135015,1788747721.074179,0,263.6406414150006,APPROACH
248.236975,1788747721.176138,0,263.7425131659984,APPROACH
248.338928,1788747721.278091,0,263.8444496580014,APPROACH
248.440928,1788747721.380091,0,263.94647607599836,APPROACH
248.542778,1788747721.481942,0,264.0483989759996,APPROACH
248.644725,1788747721.583889,0,264.15036111600057,APPROACH
248.747113,1788747721.686276,0,264.2522748480005,APPROACH
248.848762,1788747721.787926,0,264.35430571100005,APPROACH
248.951188,1788747721.890352,0,264.45676031399853,APPROACH
249.053164,1788747721.992328,0,264.5586463619984,APPROACH
249.154960,1788747722.094124,0,264.6604459839982,APPROACH
249.257089,1788747722.196253,0,264.76257440300105,APPROACH
249.358893,1788747722.298057,0,264.86436282199793,APPROACH
249.460889,1788747722.400053,0,264.966394092,APPROACH
249.563565,1788747722.502729,0,265.06845684400105,APPROACH
249.665120,1788747722.604283,0,265.17057911499796,APPROACH
249.767336,1788747722.706500,0,265.2724458299999,APPROACH
249.868925,1788747722.808089,0,265.37449500799994,APPROACH
249.970966,1788747722.910130,0,265.47647744599817,APPROACH
250.072964,1788747723.012127,0,265.57848779100095,APPROACH
250.174901,1788747723.114064,0,265.68038941399936,APPROACH
250.276861,1788747723.216025,0,265.7823904079996,APPROACH
250.378965,1788747723.318129,0,265.88420264199885,APPROACH
250.480758,1788747723.419922,0,265.9862579699984,APPROACH
250.582558,1788747723.521721,0,266.088164888999,APPROACH
250.684598,1788747723.623762,0,266.190158753001,APPROACH
250.786510,1788747723.725674,0,266.29206343199985,APPROACH
250.889041,1788747723.828205,0,266.3946227230008,APPROACH
250.990920,1788747723.930084,0,266.4965033459994,APPROACH
251.092879,1788747724.032043,0,266.5984333589986,APPROACH
251.194656,1788747724.133819,0,266.70025694599826,APPROACH
251.296536,1788747724.235699,0,266.8021458109979,APPROACH
251.398515,1788747724.337679,0,266.90410574999987,APPROACH
251.500435,1788747724.439599,0,267.0060250780007,APPROACH
251.602582,1788747724.541745,0,267.108137924999,APPROACH
251.704688,1788747724.643852,0,267.2102687160004,APPROACH
251.807070,1788747724.746233,0,267.3124420999993,APPROACH
251.909508,1788747724.848672,0,267.4148088910006,APPROACH
252.011440,1788747724.950604,0,267.5167688490001,APPROACH
252.113525,1788747725.052689,0,267.61888704800003,APPROACH
252.215866,1788747725.155030,0,267.7209978589999,APPROACH
252.317515,1788747725.256679,0,267.8229102430014,APPROACH
252.419661,1788747725.358824,0,267.9248208309982,APPROACH
252.521738,1788747725.460901,0,268.0267156230002,APPROACH
252.623130,1788747725.562294,0,268.12871358199845,APPROACH
252.725122,1788747725.664285,0,268.2306752439981,APPROACH
252.827204,1788747725.766367,0,268.3327518879996,APPROACH
252.929386,1788747725.868550,0,268.434941902,APPROACH
253.031310,1788747725.970474,0,268.53688130500086,APPROACH
253.133434,1788747726.072597,0,268.63898481999786,APPROACH
253.235316,1788747726.174480,0,268.7408933170009,APPROACH
253.337321,1788747726.276485,0,268.8428779429996,APPROACH
253.440141,1788747726.379305,0,268.94561725499807,APPROACH
253.541789,1788747726.480953,0,269.0473391589985,APPROACH
253.646045,1788747726.585208,0,269.15148430499903,APPROACH
253.747544,1788747726.686707,0,269.2531279680006,APPROACH
253.849078,1788747726.788242,0,269.35464346400113,APPROACH
253.951293,1788747726.890457,0,269.4569180719991,APPROACH
254.054105,1788747726.993268,0,269.55956347699976,APPROACH
254.156632,1788747727.095796,0,269.66147675200045,APPROACH
254.258120,1788747727.197283,0,269.7636979529998,APPROACH
254.360265,1788747727.299429,0,269.8658328950005,APPROACH
254.462989,1788747727.402153,0,269.96815987399896,APPROACH
254.564221,1788747727.503385,0,270.0697268160002,APPROACH
254.666057,1788747727.605220,0,270.17114562799907,APPROACH
254.766875,1788747727.706038,0,270.2724856060013,APPROACH
254.868292,1788747727.807456,0,270.3739246590012,APPROACH
254.969672,1788747727.908835,0,270.4752969520014,APPROACH
255.071053,1788747728.010217,0,270.5766854860012,APPROACH
255.172692,1788747728.111855,0,270.67814928000007,APPROACH
255.274303,1788747728.213466,0,270.7795637970012,APPROACH
255.375372,1788747728.314536,0,270.8809377389989,APPROACH
255.476766,1788747728.415929,0,270.98232734799967,APPROACH
255.578388,1788747728.517552,0,271.0836615119988,APPROACH
255.679443,1788747728.618607,0,271.18501987999844,APPROACH
255.780822,1788747728.719985,0,271.28640726699814,APPROACH
255.882279,1788747728.821443,0,271.38786921000064,APPROACH
255.983650,1788747728.922814,0,271.48923016999834,APPROACH
256.085017,1788747729.024180,0,271.59060811299787,APPROACH
256.186555,1788747729.125719,0,271.6919719819998,APPROACH
256.287913,1788747729.227077,0,271.79335612900104,APPROACH
256.389404,1788747729.328568,0,271.894711126999,APPROACH
256.490702,1788747729.429866,0,271.9960569040013,APPROACH
256.591898,1788747729.531061,0,272.0974276249981,APPROACH
256.693398,1788747729.632562,0,272.19878360499933,APPROACH
256.794579,1788747729.733742,0,272.30015899299906,APPROACH
256.896001,1788747729.835165,0,272.4015532320009,APPROACH
256.997339,1788747729.936502,0,272.50293343500016,APPROACH
257.098710,1788747730.037874,0,272.60433047100014,APPROACH
257.200114,1788747730.139277,0,272.70571576699876,APPROACH
257.301474,1788747730.240638,0,272.8070973590002,APPROACH
257.403047,1788747730.342211,0,272.9084453030009,APPROACH
257.504437,1788747730.443601,0,273.0098430430007,APPROACH
257.605624,1788747730.544788,0,273.1111859499979,APPROACH
257.706876,1788747730.646039,0,273.2125344310007,APPROACH
257.808499,1788747730.747662,0,273.3139528009997,APPROACH
257.909750,1788747730.848913,0,273.415304189999,APPROACH
258.011285,1788747730.950449,0,273.51665474499896,APPROACH
258.112524,1788747731.051688,0,273.6181753189994,APPROACH
258.214045,1788747731.153208,0,273.7195895420009,APPROACH
258.315423,1788747731.254587,0,273.82096811700103,APPROACH
258.416704,1788747731.355868,0,273.9223472279991,APPROACH
258.518121,1788747731.457285,0,274.023714414001,APPROACH
258.619456,1788747731.558620,0,274.1250799519985,APPROACH
258.720790,1788747731.659954,0,274.2264360820009,APPROACH
258.822803,1788747731.761967,0,274.3282097119991,APPROACH
258.924600,1788747731.863764,0,274.4300047129982,APPROACH
259.026363,1788747731.965527,0,274.53177180700004,APPROACH
259.128469,1788747732.067633,0,274.6335266419992,APPROACH
259.229963,1788747732.169127,0,274.7353098099993,APPROACH
259.331603,1788747732.270766,0,274.8371123670004,APPROACH
259.433498,1788747732.372662,0,274.9389811660003,APPROACH
259.535280,1788747732.474444,0,275.0407490559992,APPROACH
259.637042,1788747732.576206,0,275.1425381879999,APPROACH
259.738788,1788747732.677952,0,275.24429376400076,APPROACH
259.840564,1788747732.779728,0,275.3461069879995,APPROACH
259.942381,1788747732.881544,0,275.44786174899855,APPROACH
260.044525,1788747732.983689,0,275.54976962100045,APPROACH
260.146786,1788747733.085950,0,275.6520945129996,APPROACH
260.248360,1788747733.187524,0,275.75393701600115,APPROACH
260.350347,1788747733.289510,0,275.8559167780004,APPROACH
260.452532,1788747733.391696,0,275.9581000399994,APPROACH
260.554472,1788747733.493636,0,276.0600255239988,APPROACH
260.656599,1788747733.595763,0,276.1621694530004,APPROACH
260.758636,1788747733.697800,0,276.2641963269998,APPROACH
260.860673,1788747733.799837,0,276.3662563299986,APPROACH
260.963089,1788747733.902252,0,276.4686639440006,APPROACH
261.065251,1788747734.004415,0,276.5707975580008,APPROACH
261.167353,1788747734.106517,0,276.67293685799814,APPROACH
261.267977,1788747734.207141,0,276.7734532309987,APPROACH
261.368304,1788747734.307468,0,276.8737711040012,APPROACH
261.469971,1788747734.409135,0,276.9756102370011,APPROACH
261.571855,1788747734.511019,0,277.07745390700074,APPROACH
261.673684,1788747734.612848,0,277.17929776299934,APPROACH
261.775597,1788747734.714761,0,277.28118315499887,APPROACH
261.877456,1788747734.816620,0,277.38306515899967,APPROACH
261.979293,1788747734.918457,0,277.4849003290001,APPROACH
262.081205,1788747735.020368,0,277.5867569809998,APPROACH
262.183220,1788747735.122383,0,277.68861076399844,APPROACH
262.284838,1788747735.224002,0,277.79045386099824,APPROACH
262.386781,1788747735.325945,0,277.89229810599863,APPROACH
262.488595,1788747735.427759,0,277.9941325920008,APPROACH
262.590403,1788747735.529567,0,278.0959482819999,APPROACH
262.692241,1788747735.631404,0,278.19777676800004,APPROACH
262.794050,1788747735.733214,0,278.29959982799846,APPROACH
262.895983,1788747735.835147,0,278.4015270359996,APPROACH
262.997719,1788747735.936882,0,278.5033589480008,APPROACH
263.099673,1788747736.038836,0,278.6052281379998,APPROACH
263.201438,1788747736.140601,0,278.7070708659994,APPROACH
263.303244,1788747736.242408,0,278.8088836120005,APPROACH
263.405411,1788747736.344574,0,278.91070650599795,APPROACH
263.507006,1788747736.446170,0,279.0125638819991,APPROACH
263.608870,1788747736.548034,0,279.1143889619998,APPROACH
263.710573,1788747736.649737,0,279.2161514299987,APPROACH
263.812730,1788747736.751894,0,279.3180358610007,APPROACH
263.914575,1788747736.853739,0,279.41981281100016,APPROACH
264.016483,1788747736.955647,0,279.5216227060009,APPROACH
264.118464,1788747737.057628,0,279.62346480400083,APPROACH
264.220128,1788747737.159292,0,279.72534158800045,APPROACH
264.321641,1788747737.260805,0,279.8272064650009,APPROACH
264.423463,1788747737.362627,0,279.9290760820004,APPROACH
264.525723,1788747737.464886,0,280.0309505330006,APPROACH
264.627386,1788747737.566550,0,280.1328033360005,APPROACH
264.729578,1788747737.668742,0,280.2346336749979,APPROACH
264.830982,1788747737.770146,0,280.3364903110014,APPROACH
264.932721,1788747737.871885,0,280.43835376199786,APPROACH
265.034546,1788747737.973710,0,280.54018302799886,APPROACH
265.136661,1788747738.075825,0,280.64206610900146,APPROACH
265.238371,1788747738.177535,0,280.743940190001,APPROACH
265.340260,1788747738.279424,0,280.84584184599953,APPROACH
265.442125,1788747738.381289,0,280.9477030570015,APPROACH
265.546055,1788747738.485218,0,281.0516258809985,APPROACH
265.647947,1788747738.587110,0,281.15337801699934,APPROACH
265.749701,1788747738.688865,0,281.2552546359984,APPROACH
265.852471,1788747738.791635,0,281.35783962500136,APPROACH
265.953948,1788747738.893111,0,281.4595438360011,APPROACH
266.055696,1788747738.994860,0,281.56133463899823,APPROACH
266.157575,1788747739.096739,0,281.6631991659997,APPROACH
266.259402,1788747739.198566,0,281.7650354889993,APPROACH
266.362355,1788747739.301519,0,281.866961366999,APPROACH
266.463206,1788747739.402370,0,281.9688299869995,APPROACH
266.565179,1788747739.504343,0,282.0707164759988,APPROACH
266.667077,1788747739.606241,0,282.17265774399857,APPROACH
266.769010,1788747739.708174,0,282.27457423300075,APPROACH
266.870781,1788747739.809944,0,282.37641246400017,APPROACH
266.972717,1788747739.911880,0,282.47829260100116,APPROACH
267.074764,1788747740.013928,0,282.5801584619985,APPROACH
267.176640,1788747740.115803,0,282.68201878499895,APPROACH
267.278238,1788747740.217402,0,282.78384522000124,APPROACH
267.380092,1788747740.319255,0,282.88569335899956,APPROACH
267.481969,1788747740.421133,0,282.98753181199936,APPROACH
267.583846,1788747740.523010,0,283.0893898209979,APPROACH
267.685981,1788747740.625144,0,283.19125862700093,APPROACH
267.787642,1788747740.726805,0,283.2931994319988,APPROACH
267.889520,1788747740.828683,0,283.39511473699895,APPROACH
267.991362,1788747740.930526,0,283.49694261699915,APPROACH
268.093189,1788747741.032352,0,283.5987907739982,APPROACH
268.194942,1788747741.134106,0,283.70053470999846,APPROACH
268.296751,1788747741.235915,0,283.80235473799985,APPROACH
268.398548,1788747741.337711,0,283.9041218780003,APPROACH
268.500386,1788747741.439550,0,284.0059149990011,APPROACH
268.602182,1788747741.541346,0,284.10772224899847,APPROACH
268.704036,1788747741.643200,0,284.2094971480001,APPROACH
268.805610,1788747741.744774,0,284.3111876570001,APPROACH
268.907399,1788747741.846563,0,284.4129611489989,APPROACH
269.009161,1788747741.948324,0,284.5147263250001,APPROACH
269.111030,1788747742.050193,0,284.6165101689985,APPROACH
269.212933,1788747742.152097,0,284.71842871699846,APPROACH
269.315069,1788747742.254233,0,284.8202865610001,APPROACH
269.416771,1788747742.355935,0,284.9223506269991,APPROACH
269.518842,1788747742.458006,0,285.02424354499817,APPROACH
269.620700,1788747742.559864,0,285.12623820500085,APPROACH
269.722646,1788747742.661810,0,285.22814395599926,APPROACH
269.824687,1788747742.763851,0,285.33023778200004,APPROACH
269.927015,1788747742.866179,0,285.43247018200054,APPROACH
270.029298,1788747742.968462,0,285.53478636,APPROACH
270.131432,1788747743.070596,0,285.6368967790004,APPROACH
270.233505,1788747743.172669,0,285.7389753460011,APPROACH
270.335574,1788747743.274738,0,285.84104683999976,APPROACH
270.437773,1788747743.376936,0,285.94307859200126,APPROACH
270.540076,1788747743.479239,0,286.0452220299994,APPROACH
270.641873,1788747743.581037,0,286.1474113379991,APPROACH
270.744170,1788747743.683334,0,286.24948173899975,APPROACH
270.846281,1788747743.785445,0,286.3518098249988,APPROACH
270.949059,1788747743.888223,0,286.4546538379982,APPROACH
271.050851,1788747743.990014,0,286.5564160899994,APPROACH
271.152747,1788747744.091911,0,286.6583356580013,APPROACH
271.254822,1788747744.193986,0,286.7604025779983,APPROACH
271.356982,1788747744.296145,0,286.8625530169993,APPROACH
271.459105,1788747744.398268,0,286.9646736600007,APPROACH
271.561243,1788747744.500407,0,287.066803654001,APPROACH
271.663893,1788747744.603057,0,287.1690740929989,APPROACH
271.765660,1788747744.704824,0,287.2712148649989,APPROACH
271.867904,1788747744.807067,0,287.37341726700106,APPROACH
271.970249,1788747744.909413,0,287.475674835001,APPROACH
272.072657,1788747745.011821,0,287.57772138499786,APPROACH
272.174623,1788747745.113786,0,287.6798497130003,APPROACH
272.276361,1788747745.215525,0,287.78194518999953,APPROACH
272.378457,1788747745.317621,0,287.88400838899906,APPROACH
272.480664,1788747745.419828,0,287.9859438839994,APPROACH
272.582340,1788747745.521504,0,288.0879015270002,APPROACH
272.684300,1788747745.623463,0,288.18977057699885,APPROACH
272.786371,1788747745.725534,0,288.29192036899985,APPROACH
272.889189,1788747745.828352,0,288.39438625299954,APPROACH
272.990759,1788747745.929923,0,288.49618795199785,APPROACH
273.092625,1788747746.031789,0,288.59799728000144,APPROACH
273.194222,1788747746.133385,0,288.69979331300055,APPROACH
273.296145,1788747746.235309,0,288.8016886789992,APPROACH
273.398141,1788747746.337304,0,288.9037200640014,APPROACH
273.500215,1788747746.439378,0,289.00576846699914,APPROACH
273.602226,1788747746.541389,0,289.107801741,APPROACH
273.704281,1788747746.643445,0,289.2098272740004,APPROACH
273.806373,1788747746.745537,0,289.31194817800133,APPROACH
273.908682,1788747746.847846,0,289.4142081179998,APPROACH
274.010618,1788747746.949782,0,289.5160599839983,APPROACH
274.112757,1788747747.051920,0,289.618176906999,APPROACH
274.214752,1788747747.153916,0,289.72021356999903,APPROACH
274.316709,1788747747.255872,0,289.8222167339991,APPROACH
274.418759,1788747747.357923,0,289.9242756929998,APPROACH
274.520782,1788747747.459946,0,290.02630467199924,APPROACH
274.622920,1788747747.562083,0,290.1283783350009,APPROACH
274.724883,1788747747.664047,0,290.23036342499836,APPROACH
274.826885,1788747747.766048,0,290.33243571799903,APPROACH
274.929452,1788747747.868615,0,290.43469697399996,APPROACH
275.031104,1788747747.970268,0,290.5365813600001,APPROACH
275.133117,1788747748.072280,0,290.63858954199895,APPROACH
275.234857,1788747748.174021,0,290.74035737300073,APPROACH
275.336845,1788747748.276009,0,290.84234194500095,APPROACH
275.438867,1788747748.378031,0,290.944444812998,APPROACH
275.540868,1788747748.480032,0,291.0464407920008,APPROACH
275.642953,1788747748.582117,0,291.1484879749987,APPROACH
275.745071,1788747748.684235,0,291.25062478700056,APPROACH
275.847035,1788747748.786199,0,291.3526044700011,APPROACH
275.950021,1788747748.889184,0,291.4550747280009,APPROACH
276.051893,1788747748.991057,0,291.5569555209986,APPROACH
276.153918,1788747749.093082,0,291.65899326100043,APPROACH
276.256001,1788747749.195164,0,291.76103305599827,APPROACH
276.357667,1788747749.296831,0,291.86308940600065,APPROACH
276.459753,1788747749.398916,0,291.9651458679982,APPROACH
276.561840,1788747749.501004,0,292.06724242199925,APPROACH
276.664066,1788747749.603229,0,292.1694021609983,APPROACH
276.766224,1788747749.705387,0,292.2716327160015,APPROACH
276.868101,1788747749.807265,0,292.37360145500134,APPROACH
276.970240,1788747749.909403,0,292.4757711759994,APPROACH
277.072285,1788747750.011449,0,292.57783074799954,APPROACH
277.174319,1788747750.113483,0,292.6798476920012,APPROACH
277.276388,1788747750.215552,0,292.78192498800126,APPROACH
277.378369,1788747750.317532,0,292.88391100599983,APPROACH
277.480347,1788747750.419511,0,292.9858990049979,APPROACH
277.582337,1788747750.521501,0,293.08787956000015,APPROACH
277.684352,1788747750.623515,0,293.1899495409998,APPROACH
277.786836,1788747750.725999,0,293.2918425780008,APPROACH
277.888935,1788747750.828099,0,293.3943317439989,APPROACH
277.990712,1788747750.929876,0,293.4961084099996,APPROACH
278.092458,1788747751.031622,0,293.5980271320004,APPROACH
278.194567,1788747751.133731,0,293.70012676199985,APPROACH
278.296674,1788747751.235838,0,293.8022743549991,APPROACH
278.398893,1788747751.338057,0,293.9044533369997,APPROACH
278.500948,1788747751.440112,0,294.0065455410004,APPROACH
278.603045,1788747751.542208,0,294.10862513399843,APPROACH
278.705205,1788747751.644368,0,294.2107601710013,APPROACH
278.807473,1788747751.746637,0,294.3130273200004,APPROACH
278.909761,1788747751.848925,0,294.41532345000087,APPROACH
279.011960,1788747751.951124,0,294.5173760059988,APPROACH
279.114306,1788747752.053470,0,294.61964254399936,APPROACH
279.216210,1788747752.155373,0,294.7217681559996,APPROACH
279.318603,1788747752.257767,0,294.82391554700007,APPROACH
279.420727,1788747752.359891,0,294.9260783259997,APPROACH
279.522843,1788747752.462006,0,295.02817434499957,APPROACH
279.625035,1788747752.564199,0,295.1303867360002,APPROACH
279.727185,1788747752.666349,0,295.2324924409986,APPROACH
279.829220,1788747752.768383,0,295.33466916399993,APPROACH
279.931689,1788747752.870852,0,295.4369075729992,APPROACH
280.034089,1788747752.973253,0,295.53911094499927,APPROACH
280.135583,1788747753.074747,0,295.6411548719989,APPROACH
280.237776,1788747753.176940,0,295.74329548600144,APPROACH
280.339923,1788747753.279087,0,295.8454473769998,APPROACH
280.442056,1788747753.381220,0,295.94762386,APPROACH
280.544224,1788747753.483387,0,296.04979086299863,APPROACH
280.646438,1788747753.585602,0,296.15197195699875,APPROACH
280.748571,1788747753.687735,0,296.25403936699877,APPROACH
280.850625,1788747753.789789,0,296.3560696099994,APPROACH
280.952892,1788747753.892056,0,296.45837855599893,APPROACH
281.054978,1788747753.994142,0,296.5604457990012,APPROACH
281.157160,1788747754.096323,0,296.66263283900116,APPROACH
281.259518,1788747754.198682,0,296.7646379350008,APPROACH
281.361414,1788747754.300578,0,296.86692986399794,APPROACH
281.463332,1788747754.402496,0,296.9689014040014,APPROACH
281.565750,1788747754.504914,0,297.071054480999,APPROACH
281.667514,1788747754.606677,0,297.1730982429981,APPROACH
281.769634,1788747754.708797,0,297.2751878759991,APPROACH
281.871804,1788747754.810968,0,297.3773116929988,APPROACH
281.974591,1788747754.913755,0,297.4797376780007,APPROACH
282.076325,1788747755.015489,0,297.5817784589999,APPROACH
282.178277,1788747755.117441,0,297.68383798099967,APPROACH
282.280330,1788747755.219494,0,297.785899317998,APPROACH
282.382373,1788747755.321537,0,297.8879211370004,APPROACH
282.484418,1788747755.423581,0,297.98995369600016,APPROACH
282.586411,1788747755.525574,0,298.0919820700001,APPROACH
282.688728,1788747755.627892,0,298.1943055189986,APPROACH
282.790619,1788747755.729783,0,298.2961985969996,APPROACH
282.893135,1788747755.832299,0,298.3986607679981,APPROACH
282.994893,1788747755.934057,0,298.50045816000056,APPROACH
283.097021,1788747756.036185,0,298.60257064599864,APPROACH
283.198997,1788747756.138160,0,298.70453663199805,APPROACH
283.300975,1788747756.240139,0,298.80654063600014,APPROACH
283.402960,1788747756.342124,0,298.908519048,APPROACH
283.505336,1788747756.444499,0,299.01056764500026,APPROACH
283.607374,1788747756.546538,0,299.1126397609987,APPROACH
283.709521,1788747756.648684,0,299.2148943959983,APPROACH
283.811723,1788747756.750886,0,299.31697677099874,APPROACH
283.913866,1788747756.853030,0,299.41928822000045,APPROACH
284.015699,1788747756.954863,0,299.52113465,APPROACH
284.117769,1788747757.056933,0,299.6231985630002,APPROACH
284.219766,1788747757.158929,0,299.7251754389981,APPROACH
284.321664,1788747757.260827,0,299.82721877699805,APPROACH
284.424046,1788747757.363210,0,299.9292411899987,APPROACH
284.525865,1788747757.465028,0,300.0313740290003,APPROACH
284.628078,1788747757.567242,0,300.1333474790008,APPROACH
284.730031,1788747757.669194,0,300.2353367989999,APPROACH
284.831948,1788747757.771112,0,300.33741308299795,APPROACH
284.934618,1788747757.873782,0,300.43971556999895,APPROACH
285.036561,1788747757.975725,0,300.5416470199998,APPROACH
285.138536,1788747758.077700,0,300.64362026600065,APPROACH
285.240532,1788747758.179696,0,300.74561260599876,APPROACH
285.342571,1788747758.281735,0,300.84766087200114,APPROACH
285.444399,1788747758.383562,0,300.9495712850003,APPROACH
285.546115,1788747758.485279,0,301.0516702550012,APPROACH
285.648523,1788747758.587687,0,301.1537087049983,APPROACH
285.750103,1788747758.689266,0,301.25564486000076,APPROACH
285.852165,1788747758.791328,0,301.35768775500037,APPROACH
285.954355,1788747758.893519,0,301.4598938730014,APPROACH
286.056267,1788747758.995431,0,301.56182537899804,APPROACH
286.158282,1788747759.097446,0,301.6638215159983,APPROACH
286.260231,1788747759.199395,0,301.76579872599905,APPROACH
286.363113,1788747759.302277,0,301.86777764100043,APPROACH
286.464402,1788747759.403566,0,301.96987848199933,APPROACH
286.566309,1788747759.505473,0,302.07184222900105,APPROACH
286.668308,1788747759.607472,0,302.17389769999863,APPROACH
286.770392,1788747759.709556,0,302.2759696329995,APPROACH
286.872874,1788747759.812038,0,302.37800147300004,APPROACH
286.974967,1788747759.914130,0,302.48007948099985,APPROACH
287.076700,1788747760.015864,0,302.5821956920008,APPROACH
287.178671,1788747760.117835,0,302.6842322179982,APPROACH
287.280763,1788747760.219927,0,302.7863248190006,APPROACH
287.383357,1788747760.322520,0,302.88837451200015,APPROACH
287.484985,1788747760.424148,0,302.9903767979995,APPROACH
287.586991,1788747760.526154,0,303.0923718800004,APPROACH
287.688881,1788747760.628045,0,303.1944588699989,APPROACH
287.791528,1788747760.730691,0,303.29661361800026,APPROACH
287.893886,1788747760.833049,0,303.39916970099875,APPROACH
287.995427,1788747760.934591,0,303.50092709800083,APPROACH
288.097403,1788747761.036567,0,303.6029608099998,APPROACH
288.199493,1788747761.138657,0,303.7050438929982,APPROACH
288.301341,1788747761.240505,0,303.80692206800086,APPROACH
288.403257,1788747761.342421,0,303.90881822499796,APPROACH
288.505205,1788747761.444368,0,304.01075210400086,APPROACH
288.607238,1788747761.546402,0,304.1127939090002,APPROACH
288.709294,1788747761.648458,0,304.21484764100023,APPROACH
288.811348,1788747761.750512,0,304.3168916309987,APPROACH
288.913781,1788747761.852945,0,304.4193103260004,APPROACH
289.015651,1788747761.954815,0,304.5212033710013,APPROACH
289.117574,1788747762.056738,0,304.62314915800016,APPROACH
289.219348,1788747762.158512,0,304.72490255699813,APPROACH
289.321259,1788747762.260423,0,304.82685886299805,APPROACH
289.423126,1788747762.362290,0,304.92867683499935,APPROACH
289.525220,1788747762.464384,0,305.03079721500035,APPROACH
289.627757,1788747762.566921,0,305.1326074839999,APPROACH
289.729187,1788747762.668350,0,305.234740975,APPROACH
289.831316,1788747762.770480,0,305.33686165199833,APPROACH
289.933560,1788747762.872724,0,305.4391352169987,APPROACH
290.035691,1788747762.974855,0,305.5412258200013,APPROACH
290.137954,1788747763.077118,0,305.64349914500053,APPROACH
290.240004,1788747763.179168,0,305.7455318600005,APPROACH
290.342180,1788747763.281344,0,305.84769148099804,APPROACH
290.444340,1788747763.383504,0,305.94991293699786,APPROACH
290.546454,1788747763.485618,0,306.05194413199933,APPROACH
290.648384,1788747763.587548,0,306.15385117999904,APPROACH
290.750371,1788747763.689535,0,306.2558356349982,APPROACH
290.852426,1788747763.791589,0,306.3578755710005,APPROACH
290.954533,1788747763.893697,0,306.4600652119989,APPROACH
291.056835,1788747763.995999,0,306.5621571669981,APPROACH
291.158386,1788747764.097550,0,306.663924419001,APPROACH
291.260314,1788747764.199477,0,306.7658440410014,APPROACH
291.362309,1788747764.301472,0,306.86782349699934,APPROACH
291.464320,1788747764.403484,0,306.9699145829982,APPROACH
291.566351,1788747764.505515,0,307.0719100940005,APPROACH
291.668203,1788747764.607367,0,307.17370408699935,APPROACH
291.770145,1788747764.709309,0,307.2757301540005,APPROACH
291.872178,1788747764.811342,0,307.3777016460008,APPROACH
291.974429,1788747764.913592,0,307.4797137690002,APPROACH
292.076470,1788747765.015633,0,307.5817867799997,APPROACH
292.178357,1788747765.117521,0,307.6837533850012,APPROACH
292.280585,1788747765.219748,0,307.7857428419993,APPROACH
292.382236,1788747765.321399,0,307.8877484279983,APPROACH
292.484338,1788747765.423501,0,307.9897618110008,APPROACH
292.586194,1788747765.525357,0,308.0916783600005,APPROACH
292.688140,1788747765.627304,0,308.19357115000093,APPROACH
292.789970,1788747765.729134,0,308.2954529029994,APPROACH
292.892272,1788747765.831435,0,308.3977644709994,APPROACH
292.994060,1788747765.933223,0,308.4995183719984,APPROACH
293.096390,1788747766.035553,0,308.60148610599936,APPROACH
293.198100,1788747766.137264,0,308.70348858299985,APPROACH
293.300264,1788747766.239428,0,308.8054323360011,APPROACH
293.401975,1788747766.341139,0,308.9074907569993,APPROACH
293.503901,1788747766.443064,0,309.0093828620011,APPROACH
293.605896,1788747766.545060,0,309.11137196799973,APPROACH
293.707772,1788747766.646936,0,309.21319914799824,APPROACH
293.809724,1788747766.748888,0,309.31512712399854,APPROACH
293.912511,1788747766.851675,0,309.4171673769997,APPROACH
294.014119,1788747766.953283,0,309.51936205699894,APPROACH
294.115948,1788747767.055111,0,309.6213611259991,APPROACH
294.217878,1788747767.157042,0,309.7233284739996,APPROACH
294.319730,1788747767.258894,0,309.82518952399914,APPROACH
294.421640,1788747767.360804,0,309.927144852998,APPROACH
294.523643,1788747767.462806,0,310.02907777400105,APPROACH
294.625610,1788747767.564774,0,310.1310718069981,APPROACH
294.727745,1788747767.666909,0,310.2331771169993,APPROACH
294.829587,1788747767.768751,0,310.3350604269981,APPROACH
294.931664,1788747767.870828,0,310.43715282999983,APPROACH
295.033576,1788747767.972739,0,310.5390636029988,APPROACH
295.135455,1788747768.074619,0,310.64097752499947,APPROACH
295.237348,1788747768.176512,0,310.7428893920005,APPROACH
295.339206,1788747768.278370,0,310.84480009099934,APPROACH
295.441233,1788747768.380397,0,310.9467474949997,APPROACH
295.543509,1788747768.482673,0,311.0487158799988,APPROACH
295.645285,1788747768.584449,0,311.15086743199936,APPROACH
295.747194,1788747768.686357,0,311.25274394699954,APPROACH
295.849331,1788747768.788494,0,311.35488446199815,APPROACH
295.951457,1788747768.890620,0,311.4570405880004,APPROACH
296.053461,1788747768.992625,0,311.5590135470011,APPROACH
296.155537,1788747769.094701,0,311.66106359900004,APPROACH
296.257377,1788747769.196541,0,311.76298759600104,APPROACH
296.359691,1788747769.298855,0,311.8650826310004,APPROACH
296.461358,1788747769.400522,0,311.96690368299824,APPROACH
296.563684,1788747769.502848,0,312.0688709950009,APPROACH
296.665494,1788747769.604658,0,312.1709599370006,APPROACH
296.767547,1788747769.706711,0,312.27302595199944,APPROACH
296.869619,1788747769.808783,0,312.37509709799997,APPROACH
296.972094,1788747769.911258,0,312.47734531699825,APPROACH
297.073744,1788747770.012907,0,312.5793135919994,APPROACH
297.175775,1788747770.114938,0,312.6813156829994,APPROACH
297.277718,1788747770.216882,0,312.7833037729979,APPROACH
297.379703,1788747770.318866,0,312.8852847529997,APPROACH
297.481745,1788747770.420908,0,312.98737900999913,APPROACH
297.583790,1788747770.522954,0,313.08929991499826,APPROACH
297.685651,1788747770.624815,0,313.19122050499936,APPROACH
297.787875,1788747770.727039,0,313.2931635220011,APPROACH
297.889798,1788747770.828962,0,313.39536816799955,APPROACH
297.991737,1788747770.930901,0,313.4971919439995,APPROACH
298.093784,1788747771.032948,0,313.59918379399824,APPROACH
298.195850,1788747771.135014,0,313.7012359779983,APPROACH
298.297820,1788747771.236984,0,313.8032377359996,APPROACH
298.399887,1788747771.339051,0,313.9052540119992,APPROACH
298.501876,1788747771.441039,0,314.00728128899937,APPROACH
298.603692,1788747771.542856,0,314.1092316389986,APPROACH
298.705676,1788747771.644840,0,314.21125754600143,APPROACH
298.807559,1788747771.746722,0,314.31311243299933,APPROACH
298.909611,1788747771.848774,0,314.41516082100134,APPROACH
299.011390,1788747771.950554,0,314.51699074499993,APPROACH
299.113800,1788747772.052963,0,314.61931361499956,APPROACH
299.215656,1788747772.154820,0,314.72115653999936,APPROACH
299.317660,1788747772.256824,0,314.82316626199827,APPROACH
299.419672,1788747772.358835,0,314.9251738359999,APPROACH
299.521473,1788747772.460637,0,315.027079260999,APPROACH
299.623516,1788747772.562680,0,315.1291031869987,APPROACH
299.725479,1788747772.664643,0,315.23108574199796,APPROACH
299.827455,1788747772.766619,0,315.3330697970014,APPROACH
299.929731,1788747772.868895,0,315.435338149,APPROACH
300.032094,1788747772.971257,0,315.537598723,APPROACH
300.134085,1788747773.073249,0,315.6396158899988,APPROACH
300.236144,1788747773.175308,0,315.7416417050008,APPROACH
300.338159,1788747773.277323,0,315.84367511299934,APPROACH
300.440275,1788747773.379439,0,315.945826354,APPROACH
300.542188,1788747773.481352,0,316.0477192059989,APPROACH
300.644230,1788747773.583394,0,316.1497352439983,APPROACH
300.746146,1788747773.685310,0,316.25169337400075,APPROACH
300.848095,1788747773.787259,0,316.3536111149988,APPROACH
300.950274,1788747773.889437,0,316.4557818559988,APPROACH
301.052229,1788747773.991393,0,316.5577272640003,APPROACH
301.154128,1788747774.093292,0,316.6596463950009,APPROACH
301.255966,1788747774.195130,0,316.76152609899873,APPROACH
301.357882,1788747774.297045,0,316.86345263800104,APPROACH
301.459746,1788747774.398910,0,316.9652886389995,APPROACH
301.561580,1788747774.500744,0,317.0671179359997,APPROACH
301.663453,1788747774.602617,0,317.1690604739997,APPROACH
301.765472,1788747774.704636,0,317.2710787899996,APPROACH
301.867588,1788747774.806751,0,317.37315016199864,APPROACH
301.969724,1788747774.908888,0,317.47528168200006,APPROACH
302.071811,1788747775.010975,0,317.5773429059991,APPROACH
302.173954,1788747775.113117,0,317.6795365559992,APPROACH
302.276115,1788747775.215279,0,317.781650298999,APPROACH
302.378443,1788747775.317606,0,317.8839853940008,APPROACH
302.480393,1788747775.419557,0,317.98598769199816,APPROACH
302.582431,1788747775.521594,0,318.08803271299985,APPROACH
302.684644,1788747775.623807,0,318.1901969009996,APPROACH
302.786854,1788747775.726018,0,318.29234197700134,APPROACH
302.889441,1788747775.828605,0,318.3949434979986,APPROACH
302.991287,1788747775.930451,0,318.4968104260006,APPROACH
303.093302,1788747776.032465,0,318.5988481509994,APPROACH
303.195369,1788747776.134532,0,318.7008631540011,APPROACH
303.297388,1788747776.236552,0,318.80289595299837,APPROACH
303.399474,1788747776.338638,0,318.9049640109988,APPROACH
303.501557,1788747776.440720,0,319.00704707000114,APPROACH
303.603685,1788747776.542849,0,319.10915944299995,APPROACH
303.705791,1788747776.644954,0,319.2112601500012,APPROACH
303.807919,1788747776.747083,0,319.3133615789993,APPROACH
303.910336,1788747776.849500,0,319.41577330499786,APPROACH
304.012627,1788747776.951791,0,319.517989715001,APPROACH
304.114499,1788747777.053663,0,319.6200364409997,APPROACH
304.216608,1788747777.155771,0,319.72215492599935,APPROACH
304.318667,1788747777.257831,0,319.8242074669979,APPROACH
304.420826,1788747777.359990,0,319.926381674999,APPROACH
304.522822,1788747777.461986,0,320.0284216789987,APPROACH
304.624834,1788747777.563997,0,320.13039610800115,APPROACH
304.726878,1788747777.666042,0,320.2324413899987,APPROACH
304.828943,1788747777.768106,0,320.3345274860003,APPROACH
304.931222,1788747777.870386,0,320.43680723099897,APPROACH
305.033359,1788747777.972522,0,320.53893319800045,APPROACH
305.135581,1788747778.074744,0,320.641154738998,APPROACH
305.237502,1788747778.176666,0,320.7430737249997,APPROACH
305.339637,1788747778.278800,0,320.8451716560012,APPROACH
305.441779,1788747778.380943,0,320.947361049999,APPROACH
305.544236,1788747778.483400,0,321.0496243509988,APPROACH
305.646370,1788747778.585534,0,321.151735651998,APPROACH
305.748463,1788747778.687627,0,321.2538947860012,APPROACH
305.850529,1788747778.789693,0,321.35599803199875,APPROACH
305.953359,1788747778.892523,0,321.4586983150002,APPROACH
306.055070,1788747778.994234,0,321.5604959299999,APPROACH
306.157207,1788747779.096371,0,321.66260152799805,APPROACH
306.259232,1788747779.198396,0,321.76467525599946,APPROACH
306.361408,1788747779.300572,0,321.8668231869997,APPROACH
306.463525,1788747779.402689,0,321.96896997099975,APPROACH
306.565576,1788747779.504740,0,322.0711296990012,APPROACH
306.667666,1788747779.606829,0,322.17323294499874,APPROACH
306.769777,1788747779.708941,0,322.27532361699923,APPROACH
306.872180,1788747779.811343,0,322.37746121500095,APPROACH
306.974318,1788747779.913482,0,322.47962164699857,APPROACH
307.076435,1788747780.015599,0,322.58176874499986,APPROACH
307.178521,1788747780.117685,0,322.68384269599846,APPROACH
307.280701,1788747780.219864,0,322.7860194800014,APPROACH
307.382563,1788747780.321726,0,322.88811513399924,APPROACH
307.485062,1788747780.424226,0,322.9902774000002,APPROACH
307.586847,1788747780.526011,0,323.0923455730008,APPROACH
307.689204,1788747780.628367,0,323.19441243099936,APPROACH
307.791220,1788747780.730384,0,323.2964863999987,APPROACH
307.893308,1788747780.832472,0,323.39884873999836,APPROACH
307.995146,1788747780.934310,0,323.5007059130003,APPROACH
308.097307,1788747781.036470,0,323.6028561419989,APPROACH
308.199389,1788747781.138552,0,323.70499618599933,APPROACH
308.301506,1788747781.240669,0,323.807099990001,APPROACH
308.403816,1788747781.342980,0,323.909315719,APPROACH
308.505928,1788747781.445091,0,324.0113970409984,APPROACH
308.607965,1788747781.547129,0,324.1134943069992,APPROACH
308.709728,1788747781.648892,0,324.2153441849987,APPROACH
308.811867,1788747781.751031,0,324.31733948799956,APPROACH
308.914292,1788747781.853456,0,324.4197427549989,APPROACH
309.016166,1788747781.955329,0,324.52161929900103,APPROACH
309.118068,1788747782.057232,0,324.62363132500104,APPROACH
309.220198,1788747782.159362,0,324.7257227580012,APPROACH
309.322158,1788747782.261321,0,324.8277141920007,APPROACH
309.424228,1788747782.363392,0,324.9297510329998,APPROACH
309.526181,1788747782.465345,0,325.03176650399837,APPROACH
309.628169,1788747782.567333,0,325.1337714190013,APPROACH
309.730232,1788747782.669396,0,325.2358150750006,APPROACH
309.832265,1788747782.771429,0,325.3378717689993,APPROACH
309.934481,1788747782.873644,0,325.44005583200124,APPROACH
310.036542,1788747782.975706,0,325.5421397479986,APPROACH
310.138606,1788747783.077769,0,325.6441984039993,APPROACH
310.240641,1788747783.179805,0,325.74624930199934,APPROACH
310.342843,1788747783.282007,0,325.8483232180006,APPROACH
310.444665,1788747783.383829,0,325.9502779489994,APPROACH
310.546622,1788747783.485786,0,326.0522058280003,APPROACH
310.648681,1788747783.587845,0,326.15420761399946,APPROACH
310.750544,1788747783.689707,0,326.2560290479996,APPROACH
310.852346,1788747783.791510,0,326.35790457500116,APPROACH
310.954788,1788747783.893952,0,326.4599571580002,APPROACH
311.056626,1788747783.995790,0,326.56194198199955,APPROACH
311.158589,1788747784.097753,0,326.664164935999,APPROACH
311.259192,1788747784.198355,0,326.76467833199786,APPROACH
311.359593,1788747784.298756,0,326.86504122800034,APPROACH
311.461648,1788747784.400812,0,326.96690247800143,APPROACH
311.563569,1788747784.502733,0,327.0687780240005,APPROACH
311.665706,1788747784.604870,0,327.1712688309999,APPROACH
311.767485,1788747784.706648,0,327.2730586180005,APPROACH
311.869320,1788747784.808484,0,327.37487445999795,APPROACH
311.971602,1788747784.910766,0,327.4766825810002,APPROACH
312.073387,1788747785.012551,0,327.5784966270003,APPROACH
312.174704,1788747785.113868,0,327.6803314889985,APPROACH
312.276833,1788747785.215997,0,327.78221609200045,APPROACH
312.378753,1788747785.317917,0,327.884096638998,APPROACH
312.480592,1788747785.419756,0,327.98599427799854,APPROACH
312.582319,1788747785.521482,0,328.0878866029998,APPROACH
312.684389,1788747785.623552,0,328.18976568799917,APPROACH
312.786252,1788747785.725416,0,328.29161014200145,APPROACH
312.889279,1788747785.828443,0,328.39361028200074,APPROACH
312.989794,1788747785.928958,0,328.4954235330006,APPROACH
313.092008,1788747786.031172,0,328.5972633390011,APPROACH
313.193496,1788747786.132659,0,328.6991111089992,APPROACH
313.295315,1788747786.234478,0,328.80093556499924,APPROACH
313.397150,1788747786.336313,0,328.90277755699935,APPROACH
313.498991,1788747786.438155,0,329.004613309,APPROACH
313.600934,1788747786.540098,0,329.106471152998,APPROACH
313.703284,1788747786.642447,0,329.2083387929997,APPROACH
313.804682,1788747786.743846,0,329.31022165600007,APPROACH
313.906513,1788747786.845677,0,329.41204175999883,APPROACH
314.008401,1788747786.947565,0,329.51393515900054,APPROACH
314.110270,1788747787.049434,0,329.61576731899913,APPROACH
314.212035,1788747787.151199,0,329.7176349049987,APPROACH
314.314399,1788747787.253563,0,329.8194428610004,APPROACH
314.415600,1788747787.354764,0,329.92123442799857,APPROACH
314.517998,1788747787.457162,0,330.0230481619983,APPROACH
314.619211,1788747787.558375,0,330.1248316550009,APPROACH
314.721186,1788747787.660350,0,330.22668507399794,APPROACH
314.823273,1788747787.762437,0,330.3285729929994,APPROACH
314.924782,1788747787.863946,0,330.4304291900007,APPROACH
315.026863,1788747787.966027,0,330.53224838700044,APPROACH
315.128684,1788747788.067847,0,330.63414078799906,APPROACH
315.230558,1788747788.169722,0,330.73598261499865,APPROACH
315.332435,1788747788.271599,0,330.8378717939995,APPROACH
315.434263,1788747788.373427,0,330.9397045660007,APPROACH
315.536167,1788747788.475331,0,331.0415277450011,APPROACH
315.637956,1788747788.577120,0,331.1433766279988,APPROACH
315.739838,1788747788.679001,0,331.24525208499836,APPROACH
315.841526,1788747788.780689,0,331.3471051710003,APPROACH
315.943393,1788747788.882556,0,331.44902774,APPROACH
316.045505,1788747788.984668,0,331.55088977099877,APPROACH
316.147302,1788747789.086466,0,331.65272874699804,APPROACH
316.249074,1788747789.188238,0,331.7546257969989,APPROACH
316.350880,1788747789.290043,0,331.8564586809989,APPROACH
316.452755,1788747789.391918,0,331.958322915998,APPROACH
316.554632,1788747789.493795,0,332.0602108179992,APPROACH
316.656463,1788747789.595627,0,332.16206718399917,APPROACH
316.758307,1788747789.697471,0,332.26391625199904,APPROACH
316.860276,1788747789.799439,0,332.3657706919985,APPROACH
316.962140,1788747789.901304,0,332.467709853001,APPROACH
317.063996,1788747790.003159,0,332.5695747179998,APPROACH
317.165802,1788747790.104965,0,332.6714333810014,APPROACH
317.267786,1788747790.206950,0,332.77330230200096,APPROACH
317.371229,1788747790.310393,0,332.87530148299993,APPROACH
317.472187,1788747790.411351,0,332.97742875699987,APPROACH
317.573240,1788747790.512404,0,333.07881026999894,APPROACH
317.674839,1788747790.614003,0,333.1801770429993,APPROACH
317.776756,1788747790.715920,0,333.28177794599833,APPROACH
317.878325,1788747790.817488,0,333.3837347560002,APPROACH
317.980007,1788747790.919171,0,333.48533104799935,APPROACH
318.081968,1788747791.021132,0,333.58674987599807,APPROACH
318.182933,1788747791.122096,0,333.6882271309987,APPROACH
318.284667,1788747791.223830,0,333.7897263119994,APPROACH
318.386323,1788747791.325487,0,333.89189079100106,APPROACH
318.488645,1788747791.427809,0,333.9941417689988,APPROACH
318.597628,1788747791.536792,0,334.1000722339995,APPROACH
318.698818,1788747791.637982,0,334.20392312200056,APPROACH
318.799912,1788747791.739076,0,334.30529526600003,APPROACH
318.901658,1788747791.840822,0,334.4069184660002,APPROACH
319.003129,1788747791.942293,0,334.50848188799864,APPROACH
319.104962,1788747792.044126,0,334.61022866200074,APPROACH
319.206528,1788747792.145692,0,334.7119023439991,APPROACH
319.309801,1788747792.248965,0,334.8152757140015,APPROACH
319.411311,1788747792.350475,0,334.9166779510015,APPROACH
319.512630,1788747792.451794,0,335.018186076999,APPROACH
319.614054,1788747792.553218,0,335.1196594440007,APPROACH
319.715807,1788747792.654971,0,335.2213251819994,APPROACH
319.817792,1788747792.756955,0,335.3229004200002,APPROACH
319.919176,1788747792.858340,0,335.42469408299803,APPROACH
320.020689,1788747792.959852,0,335.5263262469998,APPROACH
320.122829,1788747793.061993,0,335.62805533699793,APPROACH
320.224390,1788747793.163553,0,335.7296333529994,APPROACH
320.325839,1788747793.265002,0,335.8313057029991,APPROACH
320.427291,1788747793.366454,0,335.9328899780012,APPROACH
320.528878,1788747793.468042,0,336.03452214199933,APPROACH
320.630536,1788747793.569700,0,336.1360767510014,APPROACH
320.732096,1788747793.671260,0,336.23762363700007,APPROACH
320.833640,1788747793.772804,0,336.33928022799955,APPROACH
320.935437,1788747793.874600,0,336.4410843549995,APPROACH
321.036958,1788747793.976122,0,336.54259675999856,APPROACH
321.138534,1788747794.077698,0,336.64417442500053,APPROACH
321.240134,1788747794.179298,0,336.74577421999857,APPROACH
321.341925,1788747794.281088,0,336.8474518289986,APPROACH
321.443445,1788747794.382608,0,336.949099827998,APPROACH
321.545250,1788747794.484413,0,337.05084025199903,APPROACH
321.646886,1788747794.586050,0,337.1524643800003,APPROACH
321.748377,1788747794.687540,0,337.2539621379983,APPROACH
321.849898,1788747794.789062,0,337.35548843200013,APPROACH
321.951616,1788747794.890780,0,337.45721350500025,APPROACH
322.053142,1788747794.992306,0,337.5587253179983,APPROACH
322.154595,1788747795.093759,0,337.66020450200085,APPROACH
322.256124,1788747795.195288,0,337.76170900099896,APPROACH
322.357630,1788747795.296793,0,337.8632352409986,APPROACH
322.459140,1788747795.398303,0,337.96473551799863,APPROACH
322.561785,1788747795.500948,0,338.0671048889999,APPROACH
322.663920,1788747795.603084,0,338.16935140699934,APPROACH
322.765880,1788747795.705044,0,338.27128705499854,APPROACH
322.867831,1788747795.806994,0,338.37319860999924,APPROACH
322.969849,1788747795.909013,0,338.4752352959986,APPROACH
323.071762,1788747796.010925,0,338.5771207209982,APPROACH
323.173831,1788747796.112995,0,338.67922494400045,APPROACH
323.275732,1788747796.214896,0,338.78110616699996,APPROACH
323.377823,1788747796.316987,0,338.88322801899994,APPROACH
323.479739,1788747796.418903,0,338.98520918699796,APPROACH
323.581729,1788747796.520892,0,339.0872934830004,APPROACH
323.683980,1788747796.623144,0,339.18936631799806,APPROACH
323.786145,1788747796.725309,0,339.2915236890003,APPROACH
323.888161,1788747796.827324,0,339.3936754669994,APPROACH
323.990336,1788747796.929500,0,339.4954735050014,APPROACH
324.092010,1788747797.031174,0,339.59742307899796,APPROACH
324.193883,1788747797.133047,0,339.69931584000005,APPROACH
324.295817,1788747797.234980,0,339.8012773039991,APPROACH
324.397703,1788747797.336867,0,339.9031878979986,APPROACH
324.499667,1788747797.438831,0,340.00513626999964,APPROACH
324.601701,1788747797.540864,0,340.10705506700106,APPROACH
324.703471,1788747797.642635,0,340.20899616099996,APPROACH
324.805804,1788747797.744967,0,340.3111031439985,APPROACH
324.907643,1788747797.846806,0,340.4131676449979,APPROACH
325.009541,1788747797.948705,0,340.5150750360008,APPROACH
325.111500,1788747798.050664,0,340.61703514799956,APPROACH
325.213564,1788747798.152727,0,340.71906087299794,APPROACH
325.315660,1788747798.254824,0,340.8211829309985,APPROACH
325.417686,1788747798.356849,0,340.92320622899933,APPROACH
325.519738,1788747798.458902,0,341.025225434998,APPROACH
325.621796,1788747798.560960,0,341.1272756779981,APPROACH
325.723863,1788747798.663027,0,341.2293291249989,APPROACH
325.825903,1788747798.765067,0,341.33141195999997,APPROACH
325.928221,1788747798.867385,0,341.43372088899923,APPROACH
326.030171,1788747798.969334,0,341.5356922610008,APPROACH
326.132308,1788747799.071471,0,341.63774319000004,APPROACH
326.234101,1788747799.173264,0,341.73962902600033,APPROACH
326.336014,1788747799.275177,0,341.8414843249993,APPROACH
326.438172,1788747799.377336,0,341.94358388399996,APPROACH
326.540009,1788747799.479172,0,342.0454622569996,APPROACH
326.642001,1788747799.581165,0,342.14748511200014,APPROACH
326.743935,1788747799.683098,0,342.2493856889996,APPROACH
326.845943,1788747799.785107,0,342.3514182660001,APPROACH
326.948339,1788747799.887502,0,342.45380989899786,APPROACH
327.050080,1788747799.989244,0,342.555586587001,APPROACH
327.152075,1788747800.091239,0,342.65754925700094,APPROACH
327.253934,1788747800.193097,0,342.7594648529994,APPROACH
327.355908,1788747800.295072,0,342.86136650499975,APPROACH
327.457779,1788747800.396943,0,342.963292526998,APPROACH
327.559753,1788747800.498917,0,343.06525992000024,APPROACH
327.662582,1788747800.601746,0,343.167225459998,APPROACH
327.764132,1788747800.703295,0,343.26927000100113,APPROACH
327.865815,1788747800.804978,0,343.37125261599795,APPROACH
327.967809,1788747800.906973,0,343.4733314160003,APPROACH
328.069659,1788747801.008823,0,343.5752116240001,APPROACH
328.171563,1788747801.110727,0,343.677107831998,APPROACH
328.273450,1788747801.212614,0,343.7790073549986,APPROACH
328.375338,1788747801.314502,0,343.88088724800036,APPROACH
328.477234,1788747801.416397,0,343.98277769700144,APPROACH
328.579094,1788747801.518258,0,344.0846550339993,APPROACH
328.681114,1788747801.620277,0,344.18661981699915,APPROACH
328.783038,1788747801.722202,0,344.28857241399965,APPROACH
328.885304,1788747801.824468,0,344.3908330669983,APPROACH
328.987065,1788747801.926229,0,344.49267220099864,APPROACH
329.089530,1788747802.028694,0,344.5947633169999,APPROACH
329.191390,1788747802.130553,0,344.69690041500144,APPROACH
329.293427,1788747802.232591,0,344.7989639389998,APPROACH
329.395643,1788747802.334806,0,344.90113172199926,APPROACH
329.497702,1788747802.436866,0,345.00319695000144,APPROACH
329.599787,1788747802.538951,0,345.1052479360005,APPROACH
329.701870,1788747802.641034,0,345.2073554970011,APPROACH
329.803923,1788747802.743087,0,345.3093792619984,APPROACH
329.906318,1788747802.845482,0,345.4118818979987,APPROACH
330.008711,1788747802.947875,0,345.51428499599933,APPROACH
330.110623,1788747803.049787,0,345.6161090200003,APPROACH
330.212899,1788747803.152063,0,345.7179959710011,APPROACH
330.314388,1788747803.253552,0,345.8200135320003,APPROACH
330.416632,1788747803.355796,0,345.9220473899986,APPROACH
330.518525,1788747803.457689,0,346.0241347480005,APPROACH
330.620684,1788747803.559848,0,346.1262258099996,APPROACH
330.722995,1788747803.662158,0,346.22831563100044,APPROACH
330.825187,1788747803.764351,0,346.33031700799984,APPROACH
330.926966,1788747803.866130,0,346.4324810319995,APPROACH
331.028947,1788747803.968111,0,346.5345141129983,APPROACH
331.131044,1788747804.070208,0,346.6365984340009,APPROACH
331.233054,1788747804.172218,0,346.7386245890011,APPROACH
331.335150,1788747804.274314,0,346.8407186330005,APPROACH
331.437229,1788747804.376393,0,346.94277328799944,APPROACH
331.539286,1788747804.478450,0,347.0447819990004,APPROACH
331.641245,1788747804.580409,0,347.14678620999985,APPROACH
331.743382,1788747804.682545,0,347.2487891979981,APPROACH
331.845342,1788747804.784505,0,347.3508423530002,APPROACH
331.947519,1788747804.886682,0,347.4529911749996,APPROACH
332.049477,1788747804.988641,0,347.55499571900145,APPROACH
332.154505,1788747805.093668,0,347.6600288240006,APPROACH
332.256695,1788747805.195858,0,347.76184373900105,APPROACH
332.358023,1788747805.297186,0,347.8636106900012,APPROACH
332.459904,1788747805.399068,0,347.96538401200087,APPROACH
332.561885,1788747805.501049,0,348.06716316799793,APPROACH
332.663935,1788747805.603099,0,348.16901087899896,APPROACH
332.765285,1788747805.704449,0,348.2708344979983,APPROACH
332.867081,1788747805.806245,0,348.3726233749985,APPROACH
332.968878,1788747805.908042,0,348.47445188300117,APPROACH
333.070678,1788747806.009841,0,348.5762340379988,APPROACH
333.172642,1788747806.111806,0,348.67803238000124,APPROACH
333.274246,1788747806.213410,0,348.7798065169991,APPROACH
333.376097,1788747806.315261,0,348.88161283999943,APPROACH
333.477845,1788747806.417008,0,348.98339596000005,APPROACH
333.579577,1788747806.518741,0,349.085148967999,APPROACH
333.682020,1788747806.621183,0,349.18719160600085,APPROACH
333.783581,1788747806.722744,0,349.2890212989987,APPROACH
333.885772,1788747806.824936,0,349.3912512149982,APPROACH
333.987682,1788747806.926846,0,349.4931405749994,APPROACH
334.089498,1788747807.028662,0,349.5951036029983,APPROACH
334.191458,1788747807.130621,0,349.6970794640001,APPROACH
334.293490,1788747807.232653,0,349.79904099099804,APPROACH
334.396597,1788747807.335760,0,349.9018066130011,APPROACH
334.498102,1788747807.437266,0,350.0035266769992,APPROACH
334.601788,1788747807.540951,0,350.107119428998,APPROACH
334.704721,1788747807.643885,0,350.209889310001,APPROACH
334.806463,1788747807.745627,0,350.31161752299886,APPROACH
334.908634,1788747807.847798,0,350.4141277359995,APPROACH
335.010623,1788747807.949787,0,350.516077930999,APPROACH
335.112956,1788747808.052119,0,350.618402144999,APPROACH
335.214946,1788747808.154110,0,350.7204801359985,APPROACH
335.317080,1788747808.256244,0,350.82263873899865,APPROACH
335.419203,1788747808.358366,0,350.9248096939991,APPROACH
335.521357,1788747808.460520,0,351.0269530559999,APPROACH
335.623462,1788747808.562626,0,351.1290951769988,APPROACH
335.725561,1788747808.664725,0,351.23118714999873,APPROACH
335.827847,1788747808.767010,0,351.33338077200096,APPROACH
335.930059,1788747808.869223,0,351.4356689669985,APPROACH
336.032429,1788747808.971593,0,351.537851866,APPROACH
336.134231,1788747809.073395,0,351.63985704399965,APPROACH
336.236338,1788747809.175502,0,351.7419113879987,APPROACH
336.338421,1788747809.277584,0,351.8440241019998,APPROACH
336.440522,1788747809.379686,0,351.9461132239994,APPROACH
336.542483,1788747809.481647,0,352.04811890199926,APPROACH
336.644715,1788747809.583879,0,352.15028613499817,APPROACH
336.746626,1788747809.685789,0,352.25217690499994,APPROACH
336.848741,1788747809.787905,0,352.3542821379997,APPROACH
336.951114,1788747809.890278,0,352.4565457969984,APPROACH
337.053086,1788747809.992249,0,352.55867043800026,APPROACH
337.155550,1788747810.094714,0,352.66086531999827,APPROACH
337.257631,1788747810.196795,0,352.76294909100034,APPROACH
337.359957,1788747810.299120,0,352.86506604700116,APPROACH
337.461689,1788747810.400853,0,352.96721507799884,APPROACH
337.564015,1788747810.503179,0,353.06955196000126,APPROACH
337.666101,1788747810.605264,0,353.1716669720008,APPROACH
337.768182,1788747810.707346,0,353.27378035400034,APPROACH
337.870222,1788747810.809386,0,353.37582219899923,APPROACH
337.972348,1788747810.911512,0,353.47789202499916,APPROACH
338.074351,1788747811.013514,0,353.5798594070002,APPROACH
338.176476,1788747811.115640,0,353.6820554199985,APPROACH
338.278493,1788747811.217657,0,353.7840704509981,APPROACH
338.380541,1788747811.319705,0,353.88613874099974,APPROACH
338.482462,1788747811.421625,0,353.9880926599981,APPROACH
338.584492,1788747811.523655,0,354.0900383949993,APPROACH
338.686364,1788747811.625528,0,354.19193370300127,APPROACH
338.788502,1788747811.727665,0,354.29405604899875,APPROACH
338.890802,1788747811.829965,0,354.39633157999924,APPROACH
338.992815,1788747811.931979,0,354.4981950000001,APPROACH
339.094563,1788747812.033726,0,354.6000121049983,APPROACH
339.196790,1788747812.135953,0,354.70213456299825,APPROACH
339.298935,1788747812.238099,0,354.80425689099866,APPROACH
339.401058,1788747812.340222,0,354.9064357930001,APPROACH
339.503356,1788747812.442519,0,355.00850908400025,APPROACH
339.605198,1788747812.544361,0,355.110615005,APPROACH
339.707193,1788747812.646357,0,355.2127501850009,APPROACH
339.809285,1788747812.748449,0,355.31484747599825,APPROACH
339.912138,1788747812.851302,0,355.4170451559985,APPROACH
340.013695,1788747812.952859,0,355.5192655760002,APPROACH
340.116030,1788747813.055193,0,355.6215598130002,APPROACH
340.220608,1788747813.159771,0,355.72598853399904,APPROACH
